DBRep_DrawableShape

CASCADE Topology V1, (c) Matra-Datavision
Locations 32
1
2.22044604925031e-16              -1               0               0 
              1 2.22044604925031e-16               0               0 
              0               0               1              25 
1
              1               0               0          -499.5 
              0               1               0           -1.65 
              0               0               1            -0.5 
2  2 -1 0
1
              1               0               0               0 
              0               1               0               0 
              0               0               1               0 
1
              1               0               0               0 
              0               1               0               0 
              0               0               1             0.5 
2  2 1 5 -1 0
2  5 -1 0
1
0.707106781186547 -0.707106781186548               0               0 
0.707106781186548 0.707106781186547               0               0 
              0               0               1            0.45 
2  4 -1 0
1
0.923879753837354 -0.38268289803626               0               0 
0.38268289803626 0.923879753837354               0               0 
              0               0               1            0.95 
2  8 -1 0
1
              1               0               0               0 
              0               1               0               0 
              0               0               1            0.55 
2  12 1 8 1 0
2  12 -1 0
2  8 -1 12 -1 0
1
              1               0               0               0 
              0               1               0               0 
              0               0               1             999 
2  16 -1 0
2  4 -1 16 -1 0
2  10 -1 0
1
              1               0               0               0 
              0               1               0               0 
              0               0               1            0.55 
2  20 1 10 1 0
2  20 -1 0
2  10 -1 20 -1 0
1
0.98078533134612 -0.195090065908751               0               0 
0.195090065908751 0.98078533134612               0               0 
              0               0               1            1.45 
2  16 1 4 1 0
2  24 -1 0
1
              1               0               0               0 
              0               1               0               0 
              0               0               1            0.55 
2  27 1 24 1 0
2  27 -1 0
2  24 -1 27 -1 0
1
0.995184733232105 -0.0980170737256737               0               0 
0.0980170737256737 0.995184733232105               0               0 
              0               0               1            1.95 
2  31 -1 0
Curve2ds 650
1 0 0 1 0 
1 0 0 1 0 
1 1 0 0 -1 
1 0 0 0 1 
1 0 -3.2999999999999998 1 0 
1 0 0 1 0 
7 0 0  1 2 2  0.5 0  0.5 -3.2999999999999998 
 0 2 1 2
7 0 0  1 2 2  -499.49999999999989 -1.6499999999999448  -499.49999999999989 1.6499999999999617 
 0 2 1 2
1 0 999 1 0 
1 0 0 1 0 
1 1 0 0 1 
1 0 0 1 0 
1 1 0 0 1 
1 0 0 1 0 
7 0 0  1 2 2  0.5 999  0.5 0 
 0 2 1 2
7 0 0  1 2 2  499.50000000000006 -1.6499999999999999  -499.49999999999983 -1.6499999999999999 
 0 2 1 2
1 0 3.2999999999999998 1 0 
1 1 0 0 1 
2 499.5 1.6499999999999999 1 0 -0 1 1.6499999999999773
1 0 0 1 0 
8 247.27500252216035 250.57499915927986
1 250.57499915927988 3.299998318559719 1 1.2116883882008518e-16 
8 247.27500252216035 250.57499915927986
1 250.57499915927986 -0.049999999999999989 -1 0 
8 -1.6499974778396216 1.6499991592798771
1 497.85000168144023 1.649999159279872 1.0146536357569526e-17 1 
8 -1.6499974778396216 1.6499991592798771
1 1.6499991592798771 -0.049999999999999989 -1 0 
2 499.5 1.6499999999999999 1 0 -0 1 1.6499999999999773
1 0 0 1 0 
8 -1.6499974778396216 1.6499991592798771
1 497.85000168144023 1.649999159279872 1.0146536357569526e-17 1 
8 -1.6499974778396216 1.6499991592798771
1 1.6499991592798771 -0.049999999999999989 -1 0 
8 -252.22499747783965 -248.92500084072014
1 248.92500084072012 1.6814402954423713e-06 -1 1.7938038903913487e-16 
8 -252.22499747783965 -248.92500084072014
1 -248.92500084072014 -0.049999999999999989 -1 0 
2 499.5 1.6499999999999999 1 0 -0 1 1.6499999999999773
1 0 0 1 0 
1 0 999 1 0 
1 0 -3.2999999999999998 1 0 
1 1 0 0 1 
1 0 3.2999999999999998 1 0 
7 0 0  1 2 2  0.5 999  0.5 0 
 0 2 1 2
7 0 0  1 2 2  499.50000000000006 1.6499999999999999  -499.49999999999983 1.6499999999999999 
 0 2 1 2
8 0 764.60149786544935
7 0 0  1 2 2  999.00000000000011 1.1943868301984081e-14  706.39967440536111 706.39967440536088 
 0 2 764.60149786544935 2
8 0 764.60149786544935
7 0 0  1 2 2  0 0  764.60149786544935 0 
 0 2 764.60149786544935 2
8 0 764.60149786544957
7 0 0  1 2 2  706.39967440536088 -706.39967440536111  999.00000000000011 -2.6901820282276218e-14 
 0 2 764.60149786544957 2
8 0 764.60149786544957
7 0 0  1 2 2  0 0  764.60149786544957 0 
 0 2 764.60149786544957 2
8 0 764.60149786544935
7 0 0  1 2 2  706.39967440536111 706.39967440536088  2.0183682519478519e-13 999 
 0 2 764.60149786544935 2
8 0 764.60149786544935
7 0 0  1 2 2  0 0  764.60149786544935 0 
 0 2 764.60149786544935 2
8 0 764.60149786544923
7 0 0  1 2 2  -1.1690123349395616e-13 -999  706.399674405361 -706.39967440536111 
 0 2 764.60149786544935 2
8 0 764.60149786544923
7 0 0  1 2 2  0 0  764.60149786544935 0 
 0 2 764.60149786544935 2
8 0 764.60149786544923
7 0 0  1 2 2  1.2778319697568497e-13 999  -706.39967440536088 706.399674405361 
 0 2 764.60149786544935 2
8 0 764.60149786544923
7 0 0  1 2 2  0 0  764.60149786544946 0 
 0 2 764.60149786544935 2
8 0 764.60149786544935
7 0 0  1 2 2  -706.399674405361 -706.39967440536088  -1.8229948419985187e-13 -999 
 0 2 764.60149786544935 2
8 0 764.60149786544935
7 0 0  1 2 2  0 0  764.60149786544935 0 
 0 2 764.60149786544935 2
8 0 764.60149786544935
7 0 0  1 2 2  -706.39967440536077 706.399674405361  -998.99999999999989 1.4716860413849461e-13 
 0 2 764.60149786544935 2
8 0 764.60149786544935
7 0 0  1 2 2  0 0  764.60149786544935 0 
 0 2 764.60149786544935 2
8 0 764.60149786544935
7 0 0  1 2 2  -998.99999999999989 1.3428608353680468e-13  -706.399674405361 -706.39967440536088 
 0 2 764.60149786544935 2
8 0 764.60149786544935
7 0 0  1 2 2  0 0  764.60149786544935 0 
 0 2 764.60149786544935 2
7 0 0  1 2 2  499.50000000000011 -1.6499999999999448  499.50000000000011 1.6499999999999617 
 0 2 1 2
7 0 0  1 2 2  0.5 0  0.5 -3.2999999999999998 
 0 2 1 2
1 1 0 0 -1 
1 999 0 0 1 
2 499.5 1.6499999999999999 1 0 -0 1 1.6499999999999773
1 0 0 1 0 
8 -252.22499747783965 -248.92500084072014
1 248.92500084072012 1.6814402954423713e-06 -1 1.7938038903913487e-16 
8 -252.22499747783965 -248.92500084072014
1 -248.92500084072014 -0.049999999999999989 -1 0 
8 -3.2999974778396268 -8.407201277371712e-07
1 501.14999831855977 8.4072012285218989e-07 -1.0146536357569526e-17 -1 
8 -3.2999974778396268 -8.407201277371712e-07
1 -8.407201277371712e-07 -0.049999999999999989 -1 -0 
2 499.5 1.6499999999999999 1 0 -0 1 1.6499999999999773
1 0 0 1 0 
2 499.5 1.6499999999999999 1 0 -0 1 1.6499999999999773
1 0 0 1 0 
8 -3.2999974778396268 -8.407201277371712e-07
1 501.14999831855977 8.4072012285218989e-07 -1.0146536357569526e-17 -1 
8 -3.2999974778396268 -8.407201277371712e-07
1 -8.407201277371712e-07 -0.049999999999999989 -1 -0 
8 247.27500252216035 250.57499915927986
1 250.57499915927988 3.299998318559719 1 1.2116883882008518e-16 
8 247.27500252216035 250.57499915927986
1 250.57499915927986 -0.049999999999999989 -1 0 
2 499.5 1.6499999999999999 1 0 -0 1 1.6499999999999773
1 0 0 1 0 
8 -6.000000000172534e-07 0.55000000000000004
1 1.5693687029856493 0 0 1 
8 -6.000000000172534e-07 0.55000000000000004
1 1.6476427400746458 -0.049999999999999989 0 -1 
1 0 0.45000000000000018 1 0 
2 1.2183232621811333e-16 -1.3053073438223784e-16 0.92387975383735377 -0.38268289803626027 0.38268289803626027 0.92387975383735377 1.6499999999999999
8 -6.000000000172534e-07 0.55000000000000004
1 1.5722239506041442 0 0 1 
8 -6.000000000172534e-07 0.55000000000000004
1 1.6523538970448528 -0.049999999999999989 0 -1 
1 3.2999966371194991 0 0 -1 
1 0 0 0 -1 
1 0 -0.55000000000000004 1 0 
1 2.33345 -4.4195957366453789e-17 -0.70710678118654757 0.70710678118654757 
8 0.25000000000000011 0.29999999999999999
1 2.3334555681191498 -0.25000000000000006 0 -1 
8 0.25000000000000011 0.29999999999999999
1 6.686131335329468e-06 0.25000000000000011 0 -1 
8 -0.42464816430662022 1.5084630949799445
1 0.82499915927987477 -0.50000000000000022 1 0 
8 -0.42464816430662022 1.5084630949799445
1 1.3936261584929157 1.2086869712323283 -0.92387975383735377 0.38268289803626016 
8 -6.000000000172534e-07 0.55000000000000004
1 1.64764274007474 -0.049999999999999989 0 -1 
8 -6.000000000172534e-07 0.55000000000000004
1 3.140165029780603 0 0 1 
8 -0.42464816430661978 1.5084630949799438
1 0.82499915927987455 -0.50000000000000022 1 -0 
8 -0.42464816430661978 1.5084630949799438
1 -1.2086869712323283 1.3936261584929157 -0.38268289803626027 -0.92387975383735377 
8 -0.29999999999999999 -0.25000000000000011
1 0.96653995099658541 -0.25000000000000006 0 1 
8 -0.29999999999999999 -0.25000000000000011
1 1.3669013839544046 0.25000000000000011 -0 1 
1 0 -0.55000000000000004 1 0 
1 1.0923944743096508e-16 2.33345 -0.70710678118654757 -0.70710678118654746 
1 0 0.45000000000000018 1 0 
2 1.2183232621811333e-16 -1.3053073438223784e-16 0.92387975383735377 -0.38268289803626027 0.38268289803626027 0.92387975383735377 1.6499999999999999
8 -6.000000000172534e-07 0.55000000000000004
1 3.1430202773989833 0 0 1 
8 -6.000000000172534e-07 0.55000000000000004
1 1.6523538970447582 -0.049999999999999989 0 -1 
1 3.2999966371194986 0 0 -1 
1 0 0 0 -1 
1 0 -0.55000000000000004 1 0 
1 1.0923944743096508e-16 2.33345 -0.70710678118654757 -0.70710678118654746 
8 0.25000000000000011 0.29999999999999999
1 2.3334555681191493 -0.25000000000000006 0 -1 
8 0.25000000000000011 0.29999999999999999
1 6.6861313350939547e-06 0.25000000000000011 0 -1 
8 -0.42464816430661978 1.5084630949799438
1 0.82499915927987455 -0.50000000000000022 1 -0 
8 -0.42464816430661978 1.5084630949799438
1 -1.2086869712323283 1.3936261584929157 -0.38268289803626027 -0.92387975383735377 
8 -6.000000000172534e-07 0.55000000000000004
1 1.6476427400747398 -0.049999999999999989 0 -1 
8 -6.000000000172534e-07 0.55000000000000004
1 4.7109613565754991 0 0 1 
8 -0.4246481643066195 1.5084630949799449
1 0.82499915927987444 -0.50000000000000022 1 0 
8 -0.4246481643066195 1.5084630949799449
1 -1.3936261584929159 -1.208686971232328 0.92387975383735366 -0.38268289803626043 
8 -0.29999999999999999 -0.25000000000000011
1 0.96653995099658518 -0.25000000000000006 0 1 
8 -0.29999999999999999 -0.25000000000000011
1 1.3669013839544046 0.25000000000000011 0 1 
1 0 -0.55000000000000004 1 0 
1 -2.33345 2.4156924998058533e-16 0.70710678118654735 -0.70710678118654768 
1 0 0.45000000000000018 1 0 
2 1.2183232621811333e-16 -1.3053073438223784e-16 0.92387975383735377 -0.38268289803626027 0.38268289803626027 0.92387975383735377 1.6499999999999999
8 -6.000000000172534e-07 0.55000000000000004
1 4.7138166041938794 0 0 1 
8 -6.000000000172534e-07 0.55000000000000004
1 1.6523538970447582 -0.049999999999999989 0 -1 
8 0 999
7 0 0  1 2 2  0 0  0 -999 
 0 2 999 2
8 0 999
7 0 0  1 2 2  764.60149786544957 0  764.60149786544957 -999 
 0 2 999 2
8 0 999
7 0 0  1 2 2  764.60149786544935 0  764.60149786544935 -999 
 0 2 999 2
8 0 999
7 0 0  1 2 2  0 0  0 -999 
 0 2 999 2
8 0 764.60149786544935
7 0 0  1 2 2  0 -999  764.60149786544935 -999 
 0 2 764.60149786544935 2
8 0 764.60149786544935
7 0 0  1 2 2  999.00000000000011 1.1943868301984081e-14  706.39967440536111 706.39967440536088 
 0 2 764.60149786544935 2
8 0 999
7 0 0  1 2 2  0 0  0 -999 
 0 2 999 2
8 0 999
7 0 0  1 2 2  764.60149786544935 0  764.60149786544935 -999 
 0 2 999 2
8 0 764.60149786544957
7 0 0  1 2 2  0 -999  764.60149786544957 -999 
 0 2 764.60149786544957 2
8 0 764.60149786544957
7 0 0  1 2 2  706.39967440536088 -706.39967440536111  999.00000000000011 -2.6901820282276218e-14 
 0 2 764.60149786544957 2
8 0 999
7 0 0  1 2 2  764.60149786544935 0  764.60149786544935 -999 
 0 2 999 2
8 0 999
7 0 0  1 2 2  0 0  0 -999 
 0 2 999 2
8 0 764.60149786544935
7 0 0  1 2 2  0 -999  764.60149786544935 -999 
 0 2 764.60149786544935 2
8 0 764.60149786544935
7 0 0  1 2 2  706.39967440536111 706.39967440536088  2.0183682519478519e-13 999 
 0 2 764.60149786544935 2
8 0 999
7 0 0  1 2 2  0 0  0 -999 
 0 2 999 2
8 0 999
7 0 0  1 2 2  764.60149786544935 0  764.60149786544935 -999 
 0 2 999 2
8 0 764.60149786544923
7 0 0  1 2 2  0 -999  764.60149786544935 -999 
 0 2 764.60149786544935 2
8 0 764.60149786544923
7 0 0  1 2 2  -1.1690123349395616e-13 -999  706.399674405361 -706.39967440536111 
 0 2 764.60149786544935 2
8 0 999
7 0 0  1 2 2  764.60149786544935 0  764.60149786544935 -999 
 0 2 999 2
8 0 999
7 0 0  1 2 2  0 0  0 -999 
 0 2 999 2
8 0 764.60149786544923
7 0 0  1 2 2  0 -999  764.60149786544946 -999 
 0 2 764.60149786544935 2
8 0 764.60149786544923
7 0 0  1 2 2  1.2778319697568497e-13 999  -706.39967440536088 706.399674405361 
 0 2 764.60149786544935 2
8 0 999
7 0 0  1 2 2  0 0  0 -999 
 0 2 999 2
8 0 999
7 0 0  1 2 2  764.60149786544935 0  764.60149786544935 -999 
 0 2 999 2
8 0 764.60149786544935
7 0 0  1 2 2  0 -999  764.60149786544935 -999 
 0 2 764.60149786544935 2
8 0 764.60149786544935
7 0 0  1 2 2  -706.399674405361 -706.39967440536088  -1.8229948419985187e-13 -999 
 0 2 764.60149786544935 2
8 0 999
7 0 0  1 2 2  764.60149786544935 0  764.60149786544935 -999 
 0 2 999 2
8 0 999
7 0 0  1 2 2  0 0  0 -999 
 0 2 999 2
8 0 764.60149786544935
7 0 0  1 2 2  0 -999  764.60149786544935 -999 
 0 2 764.60149786544935 2
8 0 764.60149786544935
7 0 0  1 2 2  -706.39967440536077 706.399674405361  -998.99999999999989 1.4716860413849461e-13 
 0 2 764.60149786544935 2
8 0 764.60149786544935
7 0 0  1 2 2  0 -999  764.60149786544935 -999 
 0 2 764.60149786544935 2
8 0 764.60149786544935
7 0 0  1 2 2  -998.99999999999989 1.3428608353680468e-13  -706.399674405361 -706.39967440536088 
 0 2 764.60149786544935 2
1 3.2999966371194986 0 0 -1 
1 0 0 0 -1 
1 0 -0.55000000000000004 1 0 
1 -2.33345 2.4156924998058533e-16 0.70710678118654735 -0.70710678118654768 
8 0.25000000000000011 0.29999999999999999
1 2.3334555681191498 -0.25000000000000006 0 -1 
8 0.25000000000000011 0.29999999999999999
1 6.6861313351724594e-06 0.25000000000000011 0 -1 
8 -0.4246481643066195 1.5084630949799449
1 0.82499915927987444 -0.50000000000000022 1 0 
8 -0.4246481643066195 1.5084630949799449
1 -1.3936261584929159 -1.208686971232328 0.92387975383735366 -0.38268289803626043 
8 -6.000000000172534e-07 0.55000000000000004
1 1.6476427400746458 -0.049999999999999989 0 -1 
8 -6.000000000172534e-07 0.55000000000000004
1 6.2817576833703388 0 0 1 
8 -0.42464816430661978 1.5084630949799451
1 0.82499915927987466 -0.50000000000000022 1 0 
8 -0.42464816430661978 1.5084630949799451
1 1.2086869712323283 -1.3936261584929162 0.38268289803626027 0.92387975383735377 
8 -0.29999999999999999 -0.25000000000000011
1 0.96653995099658485 -0.25000000000000006 0 1 
8 -0.29999999999999999 -0.25000000000000011
1 1.3669013839544044 0.25000000000000011 0 1 
1 0 -0.55000000000000004 1 0 
1 -4.6229096726311314e-16 -2.33345 0.70710678118654757 0.70710678118654746 
1 6.2831853071795862 -0 0 1 
1 0 -0 0 1 
1 0 0.45000000000000018 1 0 
2 1.2183232621811333e-16 -1.3053073438223784e-16 0.92387975383735377 -0.38268289803626027 0.38268289803626027 0.92387975383735377 1.6499999999999999
1 0 0.45000000000000018 1 0 
2 1.2183232621811333e-16 -1.3053073438223784e-16 0.92387975383735377 -0.38268289803626027 0.38268289803626027 0.92387975383735377 1.6499999999999999
8 -6.000000000172534e-07 0.55000000000000004
1 0.0014276238092473831 0 0 1 
8 -6.000000000172534e-07 0.55000000000000004
1 1.6523538970448528 -0.049999999999999989 0 -1 
1 3.2999966371194986 0 0 -1 
1 0 0 0 -1 
1 0 -0.55000000000000004 1 0 
1 -4.6229096726311314e-16 -2.33345 0.70710678118654757 0.70710678118654746 
8 0.25000000000000011 0.29999999999999999
1 2.3334555681191498 -0.25000000000000006 0 -1 
8 0.25000000000000011 0.29999999999999999
1 6.6861313352509641e-06 0.25000000000000011 0 -1 
8 -0.42464816430661978 1.5084630949799451
1 0.82499915927987466 -0.50000000000000022 1 0 
8 -0.42464816430661978 1.5084630949799451
1 1.2086869712323283 -1.3936261584929162 0.38268289803626027 0.92387975383735377 
8 -0.42464816430662022 1.5084630949799445
1 0.82499915927987477 -0.50000000000000022 1 0 
8 -0.42464816430662022 1.5084630949799445
1 1.3936261584929157 1.2086869712323283 -0.92387975383735377 0.38268289803626016 
8 -0.29999999999999999 -0.25000000000000011
1 0.96653995099658463 -0.25000000000000006 0 1 
8 -0.29999999999999999 -0.25000000000000011
1 1.366901383954404 0.25000000000000011 -0 1 
1 0 -0.55000000000000004 1 0 
1 2.33345 -4.4195957366453789e-17 -0.70710678118654757 0.70710678118654757 
1 2.3119022376497408e-16 1.7859499999999997 -0.92387953251128685 -0.38268343236508978 
1 0 0 1 0 
1 1.2628573558601148 1.2628573558601142 -0.92387953251128674 0.38268343236508984 
1 0 0 1 0 
1 1.7859500000000001 -1.3053073438223781e-16 -0.38268343236508978 0.92387953251128685 
1 0 0 1 0 
8 -1.0251802140486479 0.34172673801621606
1 0.34172769230061789 1.6500024534494742 0.9999999999998328 -5.7835328832875064e-07 
8 -1.0251802140486479 0.34172673801621606
1 0.34172673801621606 -0.049999999999999822 -1 0 
1 0 0 1 0 
1 2.3119022376497408e-16 1.7859499999999997 -0.92387953251128685 -0.38268343236508978 
1 1.366906952064864 0 0 -1 
1 0 0 0 -1 
1 0 -0.55000000000000004 1 0 
1 2.3119022376497408e-16 1.7859499999999997 -0.92387953251128685 -0.38268343236508978 
8 0.24999999999999978 0.30000000000000004
1 1.0116645150871328 -0.25 0 -1 
8 0.24999999999999978 0.30000000000000004
1 4.5614058038555626e-06 0.24999999999999978 0 -1 
8 -0.21698352671846688 1.0251802140486479
1 0.34172673801621606 -0.49999999999999978 1 -0 
8 -0.21698352671846688 1.0251802140486479
1 -0.63255646353525163 1.5617804687324546 -0.83146978854520293 -0.55556996925373481 
8 -0.30000000000000004 -0.24999999999999978
1 0.35524298110817354 -0.25 -0 1 
8 -0.30000000000000004 -0.24999999999999978
1 0.65640749732312853 0.24999999999999978 -0 1 
1 0 -0.55000000000000004 1 0 
1 2.3119022376497408e-16 1.7859499999999997 -0.92387953251128685 -0.38268343236508978 
1 0 0 0 -1 
1 1.366906952064864 0 0 -1 
1 -1.7859499999999997 8.8185060711483719e-17 0.38268343236508956 -0.92387953251128685 
1 0 0 1 0 
1 -1.2628573558601142 1.2628573558601144 -0.38268343236508989 -0.92387953251128674 
1 0 0 1 0 
8 -1.0251802140486481 0.34172673801621595
1 -1.6500024534494742 0.34172769230061817 5.783532885308365e-07 0.9999999999998328 
8 -1.0251802140486481 0.34172673801621595
1 0.34172673801621595 -0.049999999999999822 -1 0 
1 0 0 1 0 
1 -1.7859499999999997 8.8185060711483719e-17 0.38268343236508956 -0.92387953251128685 
1 1.366906952064864 0 0 -1 
1 0 0 0 -1 
1 0 -0.55000000000000004 1 0 
1 -1.7859499999999997 8.8185060711483719e-17 0.38268343236508956 -0.92387953251128685 
8 0.24999999999999978 0.30000000000000004
1 1.0116645150871322 -0.25 0 -1 
8 0.24999999999999978 0.30000000000000004
1 4.5614058028826445e-06 0.24999999999999978 0 -1 
8 -0.21698352671846652 1.0251802140486481
1 0.34172673801621595 -0.49999999999999978 1 0 
8 -0.21698352671846652 1.0251802140486481
1 -1.5617804687324548 -0.63255646353525163 0.55556996925373459 -0.83146978854520304 
8 -0.30000000000000004 -0.24999999999999978
1 0.35524298110817321 -0.25 0 1 
8 -0.30000000000000004 -0.24999999999999978
1 0.65640749732312831 0.24999999999999978 0 1 
1 0 -0.55000000000000004 1 0 
1 -1.7859499999999997 8.8185060711483719e-17 0.38268343236508956 -0.92387953251128685 
1 0 0 0 -1 
1 1.3669069520648642 0 0 -1 
1 -1.2628573558601146 -1.2628573558601146 0.92387953251128674 -0.38268343236508984 
1 0 0 1 0 
1 -2.0624136642246896e-16 -1.7859500000000001 0.92387953251128685 0.38268343236508962 
1 0 0 1 0 
8 -1.0251802140486479 0.34172673801621617
1 -0.34172769230061817 -1.6500024534494742 -0.99999999999983291 5.7835328851827765e-07 
8 -1.0251802140486479 0.34172673801621617
1 0.34172673801621617 -0.049999999999999822 -1 -0 
1 0 0 1 0 
1 -2.0624136642246896e-16 -1.7859500000000001 0.92387953251128685 0.38268343236508962 
1 1.366906952064864 0 0 -1 
1 0 0 0 -1 
1 0 -0.55000000000000004 1 0 
1 -2.0624136642246896e-16 -1.7859500000000001 0.92387953251128685 0.38268343236508962 
8 0.24999999999999978 0.30000000000000004
1 1.0116645150871322 -0.25 0 -1 
8 0.24999999999999978 0.30000000000000004
1 4.56140580295002e-06 0.24999999999999978 0 -1 
8 -0.21698352671846613 1.0251802140486481
1 0.34172673801621595 -0.49999999999999978 1 0 
8 -0.21698352671846613 1.0251802140486481
1 0.63255646353525152 -1.561780468732455 0.83146978854520281 0.55556996925373459 
8 -0.30000000000000004 -0.24999999999999978
1 0.35524298110817487 -0.25 0 1 
8 -0.30000000000000004 -0.24999999999999978
1 0.65640749732312975 0.24999999999999978 0 1 
1 0 -0.55000000000000004 1 0 
1 -2.0624136642246896e-16 -1.7859500000000001 0.92387953251128685 0.38268343236508962 
1 0 0 0 -1 
1 1.366906952064864 0 0 -1 
1 1.7859500000000001 -1.3053073438223781e-16 -0.38268343236508978 0.92387953251128685 
1 0 0 1 0 
1 1.2628573558601144 -1.262857355860115 0.38268343236508989 0.92387953251128674 
1 0 0 1 0 
8 -1.0251802140486479 0.34172673801621611
1 1.6500024534494742 -0.34172769230061789 -5.783532882302873e-07 -0.9999999999998328 
8 -1.0251802140486479 0.34172673801621611
1 0.34172673801621611 -0.049999999999999822 -1 -0 
1 1.366906952064864 0 0 -1 
1 0 0 0 -1 
1 0 -0.55000000000000004 1 0 
1 1.7859500000000001 -1.3053073438223781e-16 -0.38268343236508978 0.92387953251128685 
8 0.24999999999999978 0.30000000000000004
1 1.0116645150871328 -0.25 0 -1 
8 0.24999999999999978 0.30000000000000004
1 4.5614058034628756e-06 0.24999999999999978 0 -1 
8 -0.21698352671846682 1.0251802140486479
1 0.34172673801621611 -0.49999999999999978 1 0 
8 -0.21698352671846682 1.0251802140486479
1 1.5617804687324546 0.63255646353525186 -0.55556996925373481 0.83146978854520281 
8 -0.30000000000000004 -0.24999999999999978
1 0.35524298110817321 -0.25 0 1 
8 -0.30000000000000004 -0.24999999999999978
1 0.6564074973231282 0.24999999999999978 0 1 
1 0 -0.55000000000000004 1 0 
1 1.7859500000000001 -1.3053073438223781e-16 -0.38268343236508978 0.92387953251128685 
1 0 0 0 -1 
1 1.3669069520648647 0 0 -1 
1 0 -0.55000000000000004 1 0 
1 1.2628573558601148 1.2628573558601142 -0.92387953251128674 0.38268343236508984 
8 0.24999999999999978 0.30000000000000004
1 1.011664515087134 -0.25 0 -1 
8 0.24999999999999978 0.30000000000000004
1 4.5614058045034666e-06 0.24999999999999978 0 -1 
8 -0.34172673801621617 0.66994233846944284
1 0.34172673801621617 -0.49999999999999978 1 0 
8 -0.34172673801621617 0.66994233846944284
1 0.65706059531626582 1.551630525014581 -0.98078521851497513 0.1950906331491401 
8 -0.30000000000000004 -0.24999999999999978
1 0.35524298110817348 -0.25 0 1 
8 -0.30000000000000004 -0.24999999999999978
1 0.65640749732312853 0.24999999999999978 0 1 
1 0 -0.55000000000000004 1 0 
1 1.2628573558601148 1.2628573558601142 -0.92387953251128674 0.38268343236508984 
1 0 -0.55000000000000004 1 0 
1 -1.2628573558601142 1.2628573558601144 -0.38268343236508989 -0.92387953251128674 
8 0.24999999999999978 0.30000000000000004
1 1.0116645150871315 -0.25 0 -1 
8 0.24999999999999978 0.30000000000000004
1 4.5614058022820964e-06 0.24999999999999978 0 -1 
8 -0.341726738016216 0.66994233846944273
1 0.341726738016216 -0.49999999999999978 1 -0 
8 -0.341726738016216 0.66994233846944273
1 -1.551630525014581 0.65706059531626582 -0.19509063314914021 -0.98078521851497524 
8 -0.30000000000000004 -0.24999999999999978
1 0.35524298110817365 -0.25 -0 1 
8 -0.30000000000000004 -0.24999999999999978
1 0.65640749732312909 0.24999999999999978 -0 1 
1 0 -0.55000000000000004 1 0 
1 -1.2628573558601142 1.2628573558601144 -0.38268343236508989 -0.92387953251128674 
8 -0.49230945215608968 0.16410315071869638
1 -1.0506913277335665 1.282767488868527 0.70710655687210444 0.70710700550091965 
8 -0.49230945215608968 0.16410315071869638
1 0.16410315071869638 -0.050000000000000266 -1 0 
1 0 0 1 0 
1 -1.1895869511935644 1.1895869511935646 -0.55557023301960262 -0.83146961230254512 
1 0 0 1 0 
1 -1.1895869511935644 1.1895869511935646 -0.55557023301960262 -0.83146961230254512 
1 0.65641260287478609 0 0 -1 
1 0 0 0 -1 
1 0 -0.55000000000000004 1 0 
1 -1.1895869511935644 1.1895869511935646 -0.55557023301960262 -0.83146961230254512 
8 -5.999999999062311e-07 0.1050000000000002
1 0.49063421715144556 -0.5 0 -1 
8 -5.999999999062311e-07 0.1050000000000002
1 2.7488433518817001 0 0 1 
8 -0.16410315071869638 0.49230945215608968
1 0.16410315071869638 -0.50000000000000022 1 -0 
8 -0.16410315071869638 0.49230945215608968
1 -1.377816186602737 0.92253306315171368 -0.47139690809391321 -0.88192117280372551 
8 -5.999999999062311e-07 0.1050000000000002
1 0.16577838572334005 -0.5 0 -1 
8 -5.999999999062311e-07 0.1050000000000002
1 2.5525938626537634 0 0 1 
1 0 -0.55000000000000004 1 0 
1 -1.1895869511935644 1.1895869511935646 -0.55557023301960262 -0.83146961230254512 
1 0 0 0 -1 
1 0.65641260287478598 0 0 -1 
1 -0.64379981877076131 1.5542702539297131 -0.83146961230254524 -0.55557023301960218 
1 0 0 1 0 
1 1.875804696316946e-16 1.6823300000000001 -0.98078528040323043 -0.19509032201612836 
1 0 0 1 0 
1 0 0 1 0 
1 1.875804696316946e-16 1.6823300000000001 -0.98078528040323043 -0.19509032201612836 
8 -0.49230945215608957 0.16410315071869666
1 0.16410315071869666 -0.050000000000000266 -1 0 
8 -0.49230945215608957 0.16410315071869666
1 0.16410262729027209 1.6500045528388767 0.99999999999994982 3.1722847793203701e-07 
1 0.6564126028747862 0 0 -1 
1 0 0 0 -1 
1 0 -0.55000000000000004 1 0 
1 1.875804696316946e-16 1.6823300000000001 -0.98078528040323043 -0.19509032201612836 
8 -5.999999999062311e-07 0.1050000000000002
1 0.49063421715144873 -0.5 0 -1 
8 -5.999999999062311e-07 0.1050000000000002
1 1.9634451884842539 0 0 1 
8 -0.10812650117105958 0.49230945215608957
1 0.16410315071869661 -0.5 1 -0 
8 -0.10812650117105958 0.49230945215608957
1 -0.321933783952011 1.6265925535987589 -0.95694039210508508 -0.29028449141793 
8 -5.999999999062311e-07 0.1050000000000002
1 0.16577838572333783 -0.5 0 -1 
8 -5.999999999062311e-07 0.1050000000000002
1 1.767195699256314 0 0 1 
1 0 -0.55000000000000004 1 0 
1 1.875804696316946e-16 1.6823300000000001 -0.98078528040323043 -0.19509032201612836 
1 0 0 0 -1 
1 0.6564126028747862 0 0 -1 
1 0 -0.55000000000000004 1 0 
1 -1.2628573558601146 -1.2628573558601146 0.92387953251128674 -0.38268343236508984 
8 0.24999999999999978 0.30000000000000004
1 1.011664515087134 -0.25 0 -1 
8 0.24999999999999978 0.30000000000000004
1 4.5614058042822351e-06 0.24999999999999978 0 -1 
8 -0.34172673801621617 0.66994233846944284
1 0.34172673801621617 -0.49999999999999978 1 0 
8 -0.34172673801621617 0.66994233846944284
1 -0.65706059531626582 -1.551630525014581 0.98078521851497513 -0.1950906331491401 
8 -0.30000000000000004 -0.24999999999999978
1 0.35524298110817293 -0.25 0 1 
8 -0.30000000000000004 -0.24999999999999978
1 0.65640749732312798 0.24999999999999978 0 1 
1 0 -0.55000000000000004 1 0 
1 -1.2628573558601146 -1.2628573558601146 0.92387953251128674 -0.38268343236508984 
8 -0.4923094521560889 0.16410315071869661
1 -1.2827674888685268 -1.0506913277335668 -0.70710700550091987 0.70710655687210422 
8 -0.4923094521560889 0.16410315071869661
1 0.16410315071869661 -0.050000000000000266 -1 0 
1 0 0 1 0 
1 -1.1895869511935648 -1.1895869511935644 0.83146961230254524 -0.5555702330196024 
1 0 0 1 0 
1 -1.1895869511935648 -1.1895869511935644 0.83146961230254524 -0.5555702330196024 
1 0.65641260287478553 0 0 -1 
1 0 0 0 -1 
1 0 -0.55000000000000004 1 0 
1 -1.1895869511935648 -1.1895869511935644 0.83146961230254524 -0.5555702330196024 
8 -5.999999999062311e-07 0.1050000000000002
1 0.49063421715144873 -0.5 0 -1 
8 -5.999999999062311e-07 0.1050000000000002
1 4.319639678676598 0 0 1 
8 -0.16410315071869661 0.4923094521560889
1 0.16410315071869661 -0.49999999999999978 1 0 
8 -0.16410315071869661 0.4923094521560889
1 -0.92253306315171346 -1.377816186602737 0.88192117280372573 -0.47139690809391299 
8 -5.999999999062311e-07 0.1050000000000002
1 0.1657783857233377 -0.5 0 -1 
8 -5.999999999062311e-07 0.1050000000000002
1 4.1233901894486582 0 0 1 
1 0 -0.55000000000000004 1 0 
1 -1.1895869511935648 -1.1895869511935644 0.83146961230254524 -0.5555702330196024 
1 0 0 0 -1 
1 0.6564126028747862 0 0 -1 
1 -1.5542702539297133 -0.64379981877076131 0.55557023301960218 -0.83146961230254535 
1 0 0 1 0 
1 -1.6823300000000001 1.9787317358018891e-16 0.19509032201612805 -0.98078528040323054 
1 0 0 1 0 
1 0 0 1 0 
1 -1.6823300000000001 1.9787317358018891e-16 0.19509032201612805 -0.98078528040323054 
8 -0.4923094521560899 0.16410315071869633
1 0.16410315071869633 -0.050000000000000266 -1 0 
8 -0.4923094521560899 0.16410315071869633
1 -1.6500045528388765 0.16410262729027228 -3.1722847762882606e-07 0.99999999999994982 
1 0.6564126028747862 0 0 -1 
1 0 0 0 -1 
1 0 -0.55000000000000004 1 0 
1 -1.6823300000000001 1.9787317358018891e-16 0.19509032201612805 -0.98078528040323054 
8 -5.999999999062311e-07 0.1050000000000002
1 0.49063421715144834 -0.5 0 -1 
8 -5.999999999062311e-07 0.1050000000000002
1 3.5342415152791498 0 0 1 
8 -0.10812650117105899 0.49230945215608979
1 0.16410315071869644 -0.5 1 0 
8 -0.10812650117105899 0.49230945215608979
1 -1.6265925535987589 -0.32193378395201072 0.29028449141792972 -0.95694039210508519 
8 -5.999999999062311e-07 0.1050000000000002
1 0.16577838572333739 -0.5 0 -1 
8 -5.999999999062311e-07 0.1050000000000002
1 3.3379920260512099 0 0 1 
1 0 -0.55000000000000004 1 0 
1 -1.6823300000000001 1.9787317358018891e-16 0.19509032201612805 -0.98078528040323054 
1 0 0 0 -1 
1 0.6564126028747862 0 0 -1 
1 0 -0.55000000000000004 1 0 
1 1.2628573558601144 -1.262857355860115 0.38268343236508989 0.92387953251128674 
8 0.24999999999999978 0.30000000000000004
1 1.0116645150871331 -0.25 0 -1 
8 0.24999999999999978 0.30000000000000004
1 4.561405803187639e-06 0.24999999999999978 0 -1 
8 -0.34172673801621617 0.66994233846944395
1 0.34172673801621617 -0.49999999999999978 1 0 
8 -0.34172673801621617 0.66994233846944395
1 1.5516305250145808 -0.65706059531626593 0.19509063314914021 0.98078521851497524 
8 -0.30000000000000004 -0.24999999999999978
1 0.35524298110817309 -0.25 0 1 
8 -0.30000000000000004 -0.24999999999999978
1 0.65640749732312831 0.24999999999999978 0 1 
1 0 -0.55000000000000004 1 0 
1 1.2628573558601144 -1.262857355860115 0.38268343236508989 0.92387953251128674 
8 -0.49230945215608923 0.1641031507186963
1 1.0506913277335663 -1.2827674888685272 -0.70710655687210444 -0.70710700550091954 
8 -0.49230945215608923 0.1641031507186963
1 0.1641031507186963 -0.050000000000000266 -1 -0 
1 0 0 1 0 
1 1.1895869511935642 -1.1895869511935648 0.55557023301960273 0.83146961230254501 
1 0 0 1 0 
1 1.1895869511935642 -1.1895869511935648 0.55557023301960273 0.83146961230254501 
1 0.65641260287478553 0 0 -1 
1 0 0 0 -1 
1 0 -0.55000000000000004 1 0 
1 1.1895869511935642 -1.1895869511935648 0.55557023301960273 0.83146961230254501 
8 -5.999999999062311e-07 0.1050000000000002
1 0.49063421715144834 -0.5 0 -1 
8 -5.999999999062311e-07 0.1050000000000002
1 5.8904360054714946 0 0 1 
8 -0.1641031507186963 0.49230945215608923
1 0.1641031507186963 -0.50000000000000022 1 0 
8 -0.1641031507186963 0.49230945215608923
1 1.3778161866027365 -0.92253306315171379 0.47139690809391344 0.88192117280372562 
8 -5.999999999062311e-07 0.1050000000000002
1 0.16577838572333728 -0.5 0 -1 
8 -5.999999999062311e-07 0.1050000000000002
1 5.6941865162435548 0 0 1 
1 0 -0.55000000000000004 1 0 
1 1.1895869511935642 -1.1895869511935648 0.55557023301960273 0.83146961230254501 
1 0 0 0 -1 
1 0.65641260287478531 0 0 -1 
1 0.64379981877076198 -1.5542702539297129 0.83146961230254535 0.55557023301960218 
1 0 0 1 0 
1 -2.2447154029021877e-16 -1.6823300000000001 0.98078528040323043 0.1950903220161285 
1 0 0 1 0 
1 0 0 1 0 
1 -2.2447154029021877e-16 -1.6823300000000001 0.98078528040323043 0.1950903220161285 
8 -0.49230945215609018 0.1641031507186968
1 0.1641031507186968 -0.050000000000000266 -1 -0 
8 -0.49230945215609018 0.1641031507186968
1 -0.16410262729027178 -1.6500045528388769 -0.99999999999994971 -3.1722847809857042e-07 
1 0.65641260287478698 0 0 -1 
1 0 0 0 -1 
1 0 -0.55000000000000004 1 0 
1 -2.2447154029021877e-16 -1.6823300000000001 0.98078528040323043 0.1950903220161285 
8 -5.999999999062311e-07 0.1050000000000002
1 0.49063421715144906 -0.5 0 -1 
8 -5.999999999062311e-07 0.1050000000000002
1 5.1050378420740472 0 0 1 
8 -0.10812650117105919 0.49230945215609018
1 0.1641031507186968 -0.50000000000000022 1 0 
8 -0.10812650117105919 0.49230945215609018
1 0.32193378395201105 -1.6265925535987589 0.95694039210508486 0.29028449141793011 
8 -5.999999999062311e-07 0.1050000000000002
1 0.1657783857233382 -0.5 0 -1 
8 -5.999999999062311e-07 0.1050000000000002
1 4.9087883528461074 0 0 1 
1 0 -0.55000000000000004 1 0 
1 -2.2447154029021877e-16 -1.6823300000000001 0.98078528040323043 0.1950903220161285 
1 0 0 0 -1 
1 0.65641260287478687 0 0 -1 
8 -0.49230945215608957 0.16410315071869661
1 1.2827674888685268 1.0506913277335668 0.70710700550091976 -0.70710655687210422 
8 -0.49230945215608957 0.16410315071869661
1 0.16410315071869661 -0.050000000000000266 -1 -0 
1 0 0 1 0 
1 1.1895869511935646 1.1895869511935644 -0.83146961230254512 0.5555702330196024 
1 0 0 1 0 
1 1.1895869511935646 1.1895869511935644 -0.83146961230254512 0.5555702330196024 
1 0.6564126028747862 0 0 -1 
1 0 0 0 -1 
1 0 -0.55000000000000004 1 0 
1 1.1895869511935646 1.1895869511935644 -0.83146961230254512 0.5555702330196024 
8 -5.999999999062311e-07 0.1050000000000002
1 0.49063421715144839 -0.5 0 -1 
8 -5.999999999062311e-07 0.1050000000000002
1 1.1780470250868054 0 0 1 
8 -0.16410315071869641 0.49230945215608979
1 0.16410315071869641 -0.50000000000000022 1 0 
8 -0.16410315071869641 0.49230945215608979
1 0.92253306315171346 1.377816186602737 -0.88192117280372573 0.47139690809391305 
8 -5.999999999062311e-07 0.1050000000000002
1 0.16577838572333739 -0.5 0 -1 
8 -5.999999999062311e-07 0.1050000000000002
1 0.98179753585886531 0 0 1 
1 0 -0.55000000000000004 1 0 
1 1.1895869511935646 1.1895869511935644 -0.83146961230254512 0.5555702330196024 
1 0 0 0 -1 
1 0.65641260287478598 0 0 -1 
1 1.5542702539297131 0.64379981877076153 -0.55557023301960218 0.83146961230254524 
1 0 0 1 0 
1 1.6823300000000001 -8.1528313807677844e-18 -0.19509032201612836 0.98078528040323043 
1 0 0 1 0 
1 0 0 1 0 
1 1.6823300000000001 -8.1528313807677844e-18 -0.19509032201612836 0.98078528040323043 
8 -0.49230945215608957 0.16410315071869666
1 0.16410315071869666 -0.050000000000000266 -1 -0 
8 -0.49230945215608957 0.16410315071869666
1 1.6500045528388769 -0.164102627290272 3.1722847799205094e-07 -0.99999999999994982 
1 0.6564126028747862 0 0 -1 
1 0 0 0 -1 
1 0 -0.55000000000000004 1 0 
1 1.6823300000000001 -8.1528313807677844e-18 -0.19509032201612836 0.98078528040323043 
8 -5.999999999062311e-07 0.1050000000000002
1 0.49063421715144873 -0.5 0 -1 
8 -5.999999999062311e-07 0.1050000000000002
1 0.39264886168935736 0 0 1 
8 -0.108126501171059 0.49230945215608957
1 0.16410315071869661 -0.50000000000000022 1 0 
8 -0.108126501171059 0.49230945215608957
1 1.6265925535987589 0.32193378395201111 -0.29028449141793006 0.95694039210508508 
8 -5.999999999062311e-07 0.1050000000000002
1 0.16577838572333783 -0.5 0 -1 
8 -5.999999999062311e-07 0.1050000000000002
1 0.19639937246141739 0 0 1 
1 0 -0.55000000000000004 1 0 
1 1.6823300000000001 -8.1528313807677844e-18 -0.19509032201612836 0.98078528040323043 
1 0 0 0 -1 
1 0.65641260287478731 0 0 -1 
1 0.64379981877076176 1.5542702539297131 -0.98078528040323043 0.19509032201612836 
1 0 0 1 0 
1 -1.5542702539297131 0.64379981877076176 -0.19509032201612836 -0.98078528040323043 
1 0 0 1 0 
1 0 -0.55000000000000004 1 0 
1 -1.5542702539297131 0.64379981877076176 -0.19509032201612836 -0.98078528040323043 
8 -5.999999999062311e-07 0.1050000000000002
1 0.49063421715144873 -0.5 0 -1 
8 -5.999999999062311e-07 0.1050000000000002
1 3.1415424335804261 0 0 1 
8 -0.16410315071869655 0.32653108776319822
1 0.16410315071869655 -0.5 1 -0 
8 -0.16410315071869655 0.32653108776319822
1 -1.6259742934421983 0.32504198765349601 -0.098017333593095141 -0.99518470763738121 
8 -5.999999999062311e-07 0.1050000000000002
1 0.16577838572333764 -0.5 0 -1 
8 -5.999999999062311e-07 0.1050000000000002
1 2.9452929443524862 0 0 1 
1 0 -0.55000000000000004 1 0 
1 -1.5542702539297131 0.64379981877076176 -0.19509032201612836 -0.98078528040323043 
2 8.4567467151216243e-17 -8.1528313807677844e-18 0.99518474570697513 -0.098016947066022472 0.098016947066022472 0.99518474570697513 1.65798
1 1.7383264434448311e-18 0.050000000000000044 1 0 
1 6.2831853071795862 -0 0 1 
1 0 -0 0 1 
1 1.7383264434448311e-18 0.050000000000000044 1 0 
2 8.4567467151216243e-17 -8.1528313807677844e-18 0.99518474570697513 -0.098016947066022472 0.098016947066022472 0.99518474570697513 1.65798
8 -5.999999999062311e-07 0.1050000000000002
1 6.2831350871702192 0 0 1 
8 -5.999999999062311e-07 0.1050000000000002
1 0.490634217151449 -0.5 0 -1 
1 0 0 1 0 
2 0 0 1 0 -0 1 1.65798
8 -5.999999999062311e-07 0.1050000000000002
1 6.0868855979422785 0 0 1 
8 -5.999999999062311e-07 0.1050000000000002
1 0.16577838572333789 -0.5 0 -1 
1 1.7383264434448311e-18 0.050000000000000044 1 0 
2 8.4567467151216243e-17 -8.1528313807677844e-18 0.99518474570697513 -0.098016947066022472 0.098016947066022472 0.99518474570697513 1.65798
1 0 0 1 0 
2 0 0 1 0 -0 1 1.65798
1 1.7383264434448311e-18 0.050000000000000044 1 0 
2 8.4567467151216243e-17 -8.1528313807677844e-18 0.99518474570697513 -0.098016947066022472 0.098016947066022472 0.99518474570697513 1.65798
8 -5.999999999062311e-07 0.1050000000000002
1 5.4977369237727709 0 0 1 
8 -5.999999999062311e-07 0.1050000000000002
1 0.49063421715144773 -0.5 0 -1 
1 0 0 1 0 
2 0 0 1 0 -0 1 1.65798
8 -5.999999999062311e-07 0.1050000000000002
1 5.3014874345448311 0 0 1 
8 -5.999999999062311e-07 0.1050000000000002
1 0.16577838572333675 -0.5 0 -1 
1 1.7383264434448311e-18 0.050000000000000044 1 0 
2 8.4567467151216243e-17 -8.1528313807677844e-18 0.99518474570697513 -0.098016947066022472 0.098016947066022472 0.99518474570697513 1.65798
1 0 0 1 0 
2 0 0 1 0 -0 1 1.65798
1 1.7383264434448311e-18 0.050000000000000044 1 0 
2 8.4567467151216243e-17 -8.1528313807677844e-18 0.99518474570697513 -0.098016947066022472 0.098016947066022472 0.99518474570697513 1.65798
8 -5.999999999062311e-07 0.1050000000000002
1 4.7123387603753235 0 0 1 
8 -5.999999999062311e-07 0.1050000000000002
1 0.49063421715145128 -0.5 0 -1 
1 0 0 1 0 
2 0 0 1 0 -0 1 1.65798
8 -5.999999999062311e-07 0.1050000000000002
1 4.5160892711473801 0 0 1 
8 -5.999999999062311e-07 0.1050000000000002
1 0.16577838572333481 -0.5 0 -1 
1 1.7383264434448311e-18 0.050000000000000044 1 0 
2 8.4567467151216243e-17 -8.1528313807677844e-18 0.99518474570697513 -0.098016947066022472 0.098016947066022472 0.99518474570697513 1.65798
1 0 0 1 0 
2 0 0 1 0 -0 1 1.65798
1 1.7383264434448311e-18 0.050000000000000044 1 0 
2 8.4567467151216243e-17 -8.1528313807677844e-18 0.99518474570697513 -0.098016947066022472 0.098016947066022472 0.99518474570697513 1.65798
8 -5.999999999062311e-07 0.1050000000000002
1 3.9269405969778743 0 0 1 
8 -5.999999999062311e-07 0.1050000000000002
1 0.49063421715144878 -0.5 0 -1 
1 0 0 1 0 
2 0 0 1 0 -0 1 1.65798
8 -5.999999999062311e-07 0.1050000000000002
1 3.7306911077499341 0 0 1 
8 -5.999999999062311e-07 0.1050000000000002
1 0.16577838572333778 -0.5 0 -1 
1 1.7383264434448311e-18 0.050000000000000044 1 0 
2 8.4567467151216243e-17 -8.1528313807677844e-18 0.99518474570697513 -0.098016947066022472 0.098016947066022472 0.99518474570697513 1.65798
1 0 0 1 0 
2 0 0 1 0 -0 1 1.65798
1 1.7383264434448311e-18 0.050000000000000044 1 0 
2 8.4567467151216243e-17 -8.1528313807677844e-18 0.99518474570697513 -0.098016947066022472 0.098016947066022472 0.99518474570697513 1.65798
1 0 0 1 0 
2 0 0 1 0 -0 1 1.65798
1 0 0 1 0 
2 0 0 1 0 -0 1 1.65798
1 1.7383264434448311e-18 0.050000000000000044 1 0 
2 8.4567467151216243e-17 -8.1528313807677844e-18 0.99518474570697513 -0.098016947066022472 0.098016947066022472 0.99518474570697513 1.65798
8 -5.999999999062311e-07 0.1050000000000002
1 2.3561442701829796 0 0 1 
8 -5.999999999062311e-07 0.1050000000000002
1 0.49063421715145134 -0.5 0 -1 
1 0 0 1 0 
2 0 0 1 0 -0 1 1.65798
8 -5.999999999062311e-07 0.1050000000000002
1 2.1598947809550362 0 0 1 
8 -5.999999999062311e-07 0.1050000000000002
1 0.16577838572333473 -0.5 0 -1 
1 1.7383264434448311e-18 0.050000000000000044 1 0 
2 8.4567467151216243e-17 -8.1528313807677844e-18 0.99518474570697513 -0.098016947066022472 0.098016947066022472 0.99518474570697513 1.65798
1 0 0 1 0 
2 0 0 1 0 -0 1 1.65798
1 1.7383264434448311e-18 0.050000000000000044 1 0 
2 8.4567467151216243e-17 -8.1528313807677844e-18 0.99518474570697513 -0.098016947066022472 0.098016947066022472 0.99518474570697513 1.65798
8 -5.999999999062311e-07 0.1050000000000002
1 1.5707461067855297 0 0 1 
8 -5.999999999062311e-07 0.1050000000000002
1 0.49063421715144862 -0.5 0 -1 
1 0 0 1 0 
2 0 0 1 0 -0 1 1.65798
8 -5.999999999062311e-07 0.1050000000000002
1 1.3744966175575895 0 0 1 
8 -5.999999999062311e-07 0.1050000000000002
1 0.16577838572333764 -0.5 0 -1 
1 1.7383264434448311e-18 0.050000000000000044 1 0 
2 8.4567467151216243e-17 -8.1528313807677844e-18 0.99518474570697513 -0.098016947066022472 0.098016947066022472 0.99518474570697513 1.65798
1 0 0 1 0 
2 0 0 1 0 -0 1 1.65798
1 1.7383264434448311e-18 0.050000000000000044 1 0 
2 8.4567467151216243e-17 -8.1528313807677844e-18 0.99518474570697513 -0.098016947066022472 0.098016947066022472 0.99518474570697513 1.65798
8 -5.999999999062311e-07 0.1050000000000002
1 0.78534794338808134 0 0 1 
8 -5.999999999062311e-07 0.1050000000000002
1 0.49063421715144839 -0.5 0 -1 
1 0 0 1 0 
2 0 0 1 0 -0 1 1.65798
8 -5.999999999062311e-07 0.1050000000000002
1 0.58909845416014139 0 0 1 
8 -5.999999999062311e-07 0.1050000000000002
1 0.16577838572333745 -0.5 0 -1 
1 1.7383264434448311e-18 0.050000000000000044 1 0 
2 8.4567467151216243e-17 -8.1528313807677844e-18 0.99518474570697513 -0.098016947066022472 0.098016947066022472 0.99518474570697513 1.65798
1 0 0 1 0 
2 0 0 1 0 -0 1 1.65798
1 1.7383264434448311e-18 0.050000000000000044 1 0 
2 8.4567467151216243e-17 -8.1528313807677844e-18 0.99518474570697513 -0.098016947066022472 0.098016947066022472 0.99518474570697513 1.65798
1 0 0.55000000000000004 1 0 
2 0 0 1 0 -0 1 1.65798
1 -0.64379981877076131 1.5542702539297131 -0.83146961230254524 -0.55557023301960218 
1 0 -0.55000000000000004 1 0 
8 -0.16410315071869655 0.49230945215608957
1 0.16410315071869655 -0.5 1 -0 
8 -0.16410315071869655 0.49230945215608957
1 -0.91989805528784263 1.3795768425681245 -0.77301057656104555 -0.63439313404604258 
1 0 -0.55000000000000004 1 0 
1 -0.64379981877076131 1.5542702539297131 -0.83146961230254524 -0.55557023301960218 
1 0.64379981877076176 1.5542702539297131 -0.98078528040323043 0.19509032201612836 
1 0 -0.55000000000000004 1 0 
8 -0.16410315071869658 0.32653108776319784
1 0.16410315071869658 -0.5 1 0 
8 -0.16410315071869658 0.32653108776319784
1 0.32504198765349596 1.6259742934421983 -0.99518470763738132 0.098017333593095127 
1 0 -0.55000000000000004 1 0 
1 0.64379981877076176 1.5542702539297131 -0.98078528040323043 0.19509032201612836 
1 -0.64379981877076231 -1.5542702539297126 0.98078528040323032 -0.19509032201612886 
1 0 0 1 0 
1 0 -0.55000000000000004 1 0 
1 -0.64379981877076231 -1.5542702539297126 0.98078528040323032 -0.19509032201612886 
8 -0.16410315071869655 0.32653108776320128
1 0.16410315071869655 -0.5 1 0 
8 -0.16410315071869655 0.32653108776320128
1 -0.32504198765349673 -1.6259742934421979 0.99518470763738121 -0.09801733359309564 
1 0 -0.55000000000000004 1 0 
1 -0.64379981877076231 -1.5542702539297126 0.98078528040323032 -0.19509032201612886 
1 -1.5542702539297133 -0.64379981877076131 0.55557023301960218 -0.83146961230254535 
1 0 -0.55000000000000004 1 0 
8 -0.16410315071869647 0.49230945215608973
1 0.16410315071869647 -0.5 1 0 
8 -0.16410315071869647 0.49230945215608973
1 -1.379576842568125 -0.91989805528784252 0.63439313404604247 -0.77301057656104566 
1 0 -0.55000000000000004 1 0 
1 -1.5542702539297133 -0.64379981877076131 0.55557023301960218 -0.83146961230254535 
1 1.5542702539297126 -0.64379981877076253 0.19509032201612872 0.98078528040323032 
1 0 0 1 0 
1 0 -0.55000000000000004 1 0 
1 1.5542702539297126 -0.64379981877076253 0.19509032201612872 0.98078528040323032 
8 -0.16410315071869672 0.32653108776319861
1 0.16410315071869672 -0.50000000000000022 1 0 
8 -0.16410315071869672 0.32653108776319861
1 1.6259742934421981 -0.32504198765349668 0.098017333593095515 0.99518470763738132 
1 0 -0.55000000000000004 1 0 
1 1.5542702539297126 -0.64379981877076253 0.19509032201612872 0.98078528040323032 
1 0.64379981877076198 -1.5542702539297129 0.83146961230254535 0.55557023301960218 
1 0 -0.55000000000000004 1 0 
8 -0.16410315071869622 0.49230945215608912
1 0.16410315071869622 -0.50000000000000022 1 0 
8 -0.16410315071869622 0.49230945215608912
1 0.91989805528784285 -1.3795768425681245 0.77301057656104566 0.63439313404604247 
1 0 -0.55000000000000004 1 0 
1 0.64379981877076198 -1.5542702539297129 0.83146961230254535 0.55557023301960218 
1 1.5542702539297131 0.64379981877076153 -0.55557023301960218 0.83146961230254524 
1 0 -0.55000000000000004 1 0 
8 -0.16410315071869663 0.49230945215608934
1 0.16410315071869663 -0.50000000000000022 1 0 
8 -0.16410315071869663 0.49230945215608934
1 1.3795768425681245 0.91989805528784296 -0.63439313404604247 0.77301057656104544 
1 0 -0.55000000000000004 1 0 
1 1.5542702539297131 0.64379981877076153 -0.55557023301960218 0.83146961230254524 
2 0 0 0.99518473323210499 -0.098017073725673684 0.098017073725673684 0.99518473323210499 1.6499999999999999
1 0 2 1 0 
1 6.2831853071795862 -0 0 1 
1 0 -0 0 1 
1 0 998.54999999999995 1 0 
2 0 0 1 0 -0 1 1.6499999999999999
Curves 325
1 0 0 0 0 0 1 
1 0 0 1 -0 1 0 
1 0 3.2999999999999998 0 0 0 1 
7 0 0  1 2 2  -499.5 -1.6499999999999999 0  -499.5 1.6499999999999999 0 
 0 2 1 2
1 999 0 0 0 0 1 
1 0 0 1 1 0 -0 
1 0 0 1 1 0 -0 
7 0 0  1 2 2  499.5 -1.6499999999999999 0  -499.5 -1.6499999999999999 0 
 0 2 1 2
1 0 3.2999999999999998 1 1 0 -0 
2 0 0 0 0 0 1 1 0 -0 -0 1 0 1.6499999999999999
1 -248.92500084072012 1.6499983185597191 0.5 1 1.2116883882008518e-16 -0 
1 -1.6499983185597582 -8.407201279592158e-07 0.5 1.0146536357569526e-17 1 -0 
2 0 0 0 0 0 1 1 0 -0 -0 1 0 1.6499999999999999
1 -1.6499983185597582 -8.407201279592158e-07 0.5 1.0146536357569526e-17 1 -0 
1 -250.57499915927988 -1.6499983185597045 0.5 -1 1.7938038903913487e-16 0 
2 0 0 0 0 0 1 1 0 -0 -0 1 0 1.6499999999999999
1 999 3.2999999999999998 0 0 0 1 
1 0 3.2999999999999998 1 1 0 -0 
7 0 0  1 2 2  499.5 1.6499999999999999 0  -499.5 1.6499999999999999 0 
 0 2 1 2
8 0 764.60149786544935
7 0 0  1 2 2  999 0 0  706.399674405361 706.39967440536088 0 
 0 2 764.60149786544935 2
8 0 764.60149786544957
7 0 0  1 2 2  706.39967440536077 -706.39967440536111 0  999 -3.88456885842603e-14 0 
 0 2 764.60149786544957 2
8 0 764.60149786544935
7 0 0  1 2 2  706.399674405361 706.39967440536088 0  1.3522473583651052e-13 999 0 
 0 2 764.60149786544935 2
8 0 764.60149786544923
7 0 0  1 2 2  -1.8351332285223086e-13 -999 0  706.39967440536088 -706.39967440536111 0 
 0 2 764.60149786544935 2
8 0 764.60149786544923
7 0 0  1 2 2  6.1171107617410295e-14 999 0  -706.399674405361 706.399674405361 0 
 0 2 764.60149786544935 2
8 0 764.60149786544935
7 0 0  1 2 2  -706.39967440536111 -706.39967440536088 0  -2.4891157355812655e-13 -999 0 
 0 2 764.60149786544935 2
8 0 764.60149786544935
7 0 0  1 2 2  -706.39967440536088 706.399674405361 0  -999 1.3522473583651052e-13 0 
 0 2 764.60149786544935 2
8 0 764.60149786544935
7 0 0  1 2 2  -999 1.2234221523482059e-13 0  -706.39967440536111 -706.39967440536088 0 
 0 2 764.60149786544935 2
7 0 0  1 2 2  499.5 -1.6499999999999999 0  499.5 1.6499999999999999 0 
 0 2 1 2
1 999 0 1 -0 1 0 
2 0 0 0 0 0 1 1 0 -0 -0 1 0 1.6499999999999999
1 -250.57499915927988 -1.6499983185597045 0.5 -1 1.7938038903913487e-16 0 
1 1.6499983185597582 -1.6499991592798771 0.5 -1.0146536357569526e-17 -1 0 
2 0 0 0 0 0 1 1 0 -0 -0 1 0 1.6499999999999999
2 0 0 0 0 0 1 1 0 -0 -0 1 0 1.6499999999999999
1 1.6499983185597582 -1.6499991592798771 0.5 -1.0146536357569526e-17 -1 0 
1 -248.92500084072012 1.6499983185597191 0.5 1 1.2116883882008518e-16 -0 
2 0 0 0 0 0 1 1 0 -0 -0 1 0 1.6499999999999999
1 0.0023555784851032329 1.6499983185597493 0.5 0 0 1 
2 0 0 0.95000000000000018 0 0 1 1 0 -0 -0 1 0 1.6499999999999999
1 -0.0023555784851036327 1.6499983185597493 0.5 0 0 1 
1 1.4288260367351956e-16 2.33345 0 0 0 1 
1 2.33345 0 0 -0.70710678118654757 0.70710678118654757 0 
1 -0.68345724955940046 1.6499983185597493 0.70000000000000007 0 0 1 
1 0.82499915927987433 1.6499983185597493 0.95000000000000018 -1 -1.2116883882008518e-16 0 
1 -1.6499983185597495 0.0023555784850091866 0.5 0 0 1 
1 -1.6499983185597495 0.82499915927987455 0.95000000000000018 -1.0146536357569526e-17 -1 0 
1 -1.6499983185597498 0.68345836756316369 0.70000000000000007 0 0 -1 
1 1.4288260367351956e-16 2.33345 0 -0.70710678118654757 -0.70710678118654746 0 
2 0 0 0.95000000000000018 0 0 1 1 0 -0 -0 1 0 1.6499999999999999
1 -1.6499983185597495 -0.0023555784850091527 0.5 0 0 1 
1 -2.33345 2.8576520734703911e-16 0 0 0 1 
1 1.4288260367351956e-16 2.33345 0 -0.70710678118654757 -0.70710678118654746 0 
1 -1.6499983185597495 -0.68345724955940024 0.70000000000000007 -0 0 1 
1 -1.6499983185597495 0.82499915927987455 0.95000000000000018 -1.0146536357569526e-17 -1 0 
1 -0.0023555784850094654 -1.6499983185597495 0.5 0 0 1 
1 -0.82499915927987488 -1.6499983185597493 0.95000000000000018 1 -1.7938038903913487e-16 0 
1 -0.68345836756316414 -1.6499983185597498 0.70000000000000007 0 0 -1 
1 -2.33345 2.8576520734703911e-16 0 0.70710678118654735 -0.70710678118654768 0 
2 0 0 0.95000000000000018 0 0 1 1 0 -0 -0 1 0 1.6499999999999999
1 0.0023555784850088739 -1.6499983185597495 0.5 0 0 1 
8 0 999
7 0 0  1 2 2  999 0 0  999 0 -999 
 0 2 999 2
8 0 999
7 0 0  1 2 2  706.399674405361 706.39967440536088 0  706.399674405361 706.39967440536088 -999 
 0 2 999 2
8 0 764.60149786544935
7 0 0  1 2 2  999 0 -999  706.399674405361 706.39967440536088 -999 
 0 2 764.60149786544935 2
8 0 999
7 0 0  1 2 2  706.39967440536077 -706.39967440536111 0  706.39967440536077 -706.39967440536111 -999 
 0 2 999 2
8 0 764.60149786544957
7 0 0  1 2 2  706.39967440536077 -706.39967440536111 -999  999 -3.88456885842603e-14 -999 
 0 2 764.60149786544957 2
8 0 999
7 0 0  1 2 2  6.1171107617410295e-14 999 0  6.1171107617410295e-14 999 -999 
 0 2 999 2
8 0 764.60149786544935
7 0 0  1 2 2  706.399674405361 706.39967440536088 -999  1.3522473583651052e-13 999 -999 
 0 2 764.60149786544935 2
8 0 999
7 0 0  1 2 2  -1.8351332285223086e-13 -999 0  -1.8351332285223086e-13 -999 -999 
 0 2 999 2
8 0 764.60149786544923
7 0 0  1 2 2  -1.8351332285223086e-13 -999 -999  706.39967440536088 -706.39967440536111 -999 
 0 2 764.60149786544935 2
8 0 999
7 0 0  1 2 2  -706.39967440536088 706.399674405361 0  -706.39967440536088 706.399674405361 -999 
 0 2 999 2
8 0 764.60149786544923
7 0 0  1 2 2  6.1171107617410295e-14 999 -999  -706.399674405361 706.399674405361 -999 
 0 2 764.60149786544935 2
8 0 999
7 0 0  1 2 2  -706.39967440536111 -706.39967440536088 0  -706.39967440536111 -706.39967440536088 -999 
 0 2 999 2
8 0 764.60149786544935
7 0 0  1 2 2  -706.39967440536111 -706.39967440536088 -999  -2.4891157355812655e-13 -999 -999 
 0 2 764.60149786544935 2
8 0 999
7 0 0  1 2 2  -999 1.2234221523482059e-13 0  -999 1.2234221523482059e-13 -999 
 0 2 999 2
8 0 764.60149786544935
7 0 0  1 2 2  -706.39967440536088 706.399674405361 -999  -999 1.3522473583651052e-13 -999 
 0 2 764.60149786544935 2
8 0 764.60149786544935
7 0 0  1 2 2  -999 1.2234221523482059e-13 -999  -706.39967440536111 -706.39967440536088 -999 
 0 2 764.60149786544935 2
1 -4.2864781102055869e-16 -2.33345 0 0 0 1 
1 -2.33345 2.8576520734703911e-16 0 0.70710678118654735 -0.70710678118654768 0 
1 0.68345724955940024 -1.6499983185597498 0.70000000000000007 0 -0 1 
1 -0.82499915927987488 -1.6499983185597493 0.95000000000000018 1 -1.7938038903913487e-16 0 
1 1.6499983185597493 -0.0023555784851034497 0.5 0 0 1 
1 1.6499983185597493 -0.82499915927987466 0.95000000000000018 1.0146536357569526e-17 1 -0 
1 1.6499983185597493 -0.68345836756316447 0.70000000000000007 0 0 -1 
1 -4.2864781102055869e-16 -2.33345 0 0.70710678118654757 0.70710678118654746 0 
1 1.6499999999999999 -4.0413344371862655e-16 0 0 0 1 
2 0 0 0.95000000000000018 0 0 1 1 0 -0 -0 1 0 1.6499999999999999
2 0 0 0.95000000000000018 0 0 1 1 0 -0 -0 1 0 1.6499999999999999
1 1.6499983185597493 0.0023555784851034159 0.5 0 0 1 
1 2.33345 0 0 0 0 1 
1 -4.2864781102055869e-16 -2.33345 0 0.70710678118654757 0.70710678118654746 0 
1 1.6499983185597493 0.68345724955940046 0.70000000000000007 0 0 1 
1 1.6499983185597493 -0.82499915927987466 0.95000000000000018 1.0146536357569526e-17 1 -0 
1 0.82499915927987433 1.6499983185597493 0.95000000000000018 -1 -1.2116883882008518e-16 0 
1 0.68345836756316447 1.6499983185597493 0.70000000000000007 0 -0 -1 
1 2.33345 0 0 -0.70710678118654757 0.70710678118654757 0 
1 1.0935789754686077e-16 1.7859499999999999 0 -0.92387953251128674 -0.38268343236508973 0 
1 1.2628573558601146 1.2628573558601144 0 -0.92387953251128674 0.38268343236508984 0 
1 1.7859499999999999 0 0 -0.38268343236508973 0.92387953251128674 0 
1 -0.92508995526356708 1.4083658923535607 1 0.70710719014396139 0.70710637222889727 -0 
1 1.0935789754686077e-16 1.7859499999999999 0 -0.92387953251128674 -0.38268343236508973 0 
1 -1.2628573558601144 1.2628573558601146 0 0 0 1 
1 1.0935789754686077e-16 1.7859499999999999 0 -0.92387953251128674 -0.38268343236508973 0 
1 -1.3988077743794745 0.93464862118985281 1.2000000000000002 0 0 1 
1 -0.92508995526356708 1.4083658923535607 1.45 -0.70710719014396139 -0.70710637222889727 0 
1 -0.93464738793762392 1.3988084707346429 1.2000000000000002 0 0 -1 
1 1.0935789754686077e-16 1.7859499999999999 0 -0.92387953251128674 -0.38268343236508973 0 
1 1.0935789754686077e-16 1.7859499999999999 0 0 0 1 
1 -1.7859499999999999 2.1871579509372153e-16 0 0.38268343236508956 -0.92387953251128685 0 
1 -1.2628573558601144 1.2628573558601146 0 -0.38268343236508989 -0.92387953251128674 0 
1 -1.4083658923535609 -0.92508995526356697 1 -0.70710637222889716 0.70710719014396151 0 
1 -1.7859499999999999 2.1871579509372153e-16 0 0.38268343236508956 -0.92387953251128685 0 
1 -1.2628573558601148 -1.2628573558601144 0 0 0 1 
1 -1.7859499999999999 2.1871579509372153e-16 0 0.38268343236508956 -0.92387953251128685 0 
1 -0.9346486211898537 -1.398807774379474 1.2000000000000002 0 0 1 
1 -1.4083658923535609 -0.92508995526356697 1.45 0.70710637222889716 -0.70710719014396151 0 
1 -1.3988084707346431 -0.93464738793762359 1.2000000000000002 0 0 -1 
1 -1.7859499999999999 2.1871579509372153e-16 0 0.38268343236508956 -0.92387953251128685 0 
1 -1.7859499999999999 2.1871579509372153e-16 0 0 0 1 
1 -1.2628573558601148 -1.2628573558601144 0 0.92387953251128674 -0.38268343236508984 0 
1 -3.2807369264058226e-16 -1.7859499999999999 0 0.92387953251128685 0.38268343236508962 0 
1 0.92508995526356697 -1.4083658923535609 1 -0.70710719014396151 -0.70710637222889716 0 
1 -3.2807369264058226e-16 -1.7859499999999999 0 0.92387953251128685 0.38268343236508962 0 
1 1.2628573558601142 -1.2628573558601148 0 0 0 1 
1 -3.2807369264058226e-16 -1.7859499999999999 0 0.92387953251128685 0.38268343236508962 0 
1 1.398807774379474 -0.93464862118985392 1.2000000000000002 0 0 1 
1 0.92508995526356685 -1.4083658923535611 1.45 0.70710719014396151 0.70710637222889716 -0 
1 0.9346473879376247 -1.3988084707346422 1.2000000000000002 0 0 -1 
1 -3.2807369264058226e-16 -1.7859499999999999 0 0.92387953251128685 0.38268343236508962 0 
1 -3.2807369264058226e-16 -1.7859499999999999 0 0 0 1 
1 1.7859499999999999 0 0 -0.38268343236508973 0.92387953251128674 0 
1 1.2628573558601142 -1.2628573558601148 0 0.38268343236508989 0.92387953251128674 0 
1 1.4083658923535607 0.92508995526356719 1 0.70710637222889727 -0.70710719014396128 0 
1 1.2628573558601146 1.2628573558601144 0 0 0 1 
1 1.7859499999999999 0 0 -0.38268343236508973 0.92387953251128674 0 
1 0.93464862118985303 1.3988077743794745 1.2000000000000002 0 0 1 
1 1.4083658923535607 0.92508995526356719 1.45 -0.70710637222889727 0.70710719014396128 0 
1 1.3988084707346431 0.93464738793762381 1.2000000000000002 0 0 -1 
1 1.7859499999999999 0 0 -0.38268343236508973 0.92387953251128674 0 
1 1.7859499999999999 0 0 0 0 1 
1 1.2628573558601146 1.2628573558601144 0 -0.92387953251128674 0.38268343236508984 0 
1 -0.32821008477018787 1.6500028409101901 1.2000000000000002 0 0 1 
1 0.34172769230061778 1.6500024534494742 1.45 -0.99999999999983291 5.7835328825699573e-07 0 
1 0.32821144920866274 1.650002461266638 1.2000000000000002 0 0 -1 
1 1.2628573558601146 1.2628573558601144 0 -0.92387953251128674 0.38268343236508984 0 
1 -1.2628573558601144 1.2628573558601146 0 -0.38268343236508989 -0.92387953251128674 0 
1 -1.6500028409101906 -0.32821008477018554 1.2000000000000002 -0 0 1 
1 -1.6500024534494742 0.34172769230061784 1.45 -5.7835328833345263e-07 -0.9999999999998328 0 
1 -1.6500024612666382 0.32821144920866252 1.2000000000000002 0 0 -1 
1 -1.2628573558601144 1.2628573558601146 0 -0.38268343236508989 -0.92387953251128674 0 
1 -1.4616056253724339 0.78304130960776774 1.5000000000000002 0.38268367361294481 0.92387943258311656 -0 
1 -1.1895869511935644 1.1895869511935646 0 -0.55557023301960251 -0.83146961230254501 0 
1 -1.1895869511935644 1.1895869511935646 0 -0.55557023301960251 -0.83146961230254501 0 
1 -1.5542702539297131 0.64379981877076176 0 0 0 1 
1 -1.1895869511935644 1.1895869511935646 0 -0.55557023301960251 -0.83146961230254501 0 
1 -1.5865637334236711 0.48136597323111968 1.95 0 0 1 
1 -1.4616056253724339 0.78304130960776774 1.9500000000000002 -0.38268367361294481 -0.92387943258311656 0 
1 -1.4622467104581762 0.78149359444223432 1.95 0 0 1 
1 -1.1895869511935644 1.1895869511935646 0 -0.55557023301960251 -0.83146961230254501 0 
1 -1.1895869511935644 1.1895869511935646 0 0 0 1 
1 -0.64379981877076142 1.5542702539297131 0 -0.83146961230254524 -0.55557023301960218 0 
1 1.0301300248047834e-16 1.6823300000000001 0 -0.98078528040323043 -0.19509032201612836 0 
1 1.0301300248047834e-16 1.6823300000000001 0 -0.98078528040323043 -0.19509032201612836 0 
1 -0.47981742914840553 1.5872050690940998 1.5000000000000002 0.92387963243939397 0.38268319111720911 -0 
1 -0.64379981877076142 1.5542702539297131 0 0 0 1 
1 1.0301300248047834e-16 1.6823300000000001 0 -0.98078528040323043 -0.19509032201612836 0 
1 -0.78149283078433984 1.4622471185927088 1.95 0 0 1 
1 -0.47981742914840547 1.5872050690940998 1.95 -0.92387963243939397 -0.38268319111720911 0 
1 -0.48136514464874303 1.5865639848166524 1.95 0 0 1 
1 1.0301300248047834e-16 1.6823300000000001 0 -0.98078528040323043 -0.19509032201612836 0 
1 1.0301300248047834e-16 1.6823300000000001 0 0 0 1 
1 -1.2628573558601148 -1.2628573558601144 0 0.92387953251128674 -0.38268343236508984 0 
1 0.32821008477018765 -1.6500028409101906 1.2000000000000002 0 -0 1 
1 -0.341727692300618 -1.6500024534494742 1.45 0.99999999999983291 -5.7835328825699573e-07 0 
1 -0.32821144920866352 -1.650002461266638 1.2000000000000002 0 0 -1 
1 -1.2628573558601148 -1.2628573558601144 0 0.92387953251128674 -0.38268343236508984 0 
1 -0.78304130960776752 -1.4616056253724339 1.5000000000000002 -0.92387943258311656 0.38268367361294453 0 
1 -1.1895869511935648 -1.1895869511935644 0 0.83146961230254512 -0.55557023301960229 0 
1 -1.1895869511935648 -1.1895869511935644 0 0.83146961230254512 -0.55557023301960229 0 
1 -0.64379981877076242 -1.5542702539297126 0 0 0 1 
1 -1.1895869511935648 -1.1895869511935644 0 0.83146961230254512 -0.55557023301960229 0 
1 -0.48136597323111652 -1.5865637334236717 1.95 0 0 1 
1 -0.78304130960776752 -1.4616056253724339 1.9499999999999997 0.92387943258311656 -0.38268367361294453 0 
1 -0.78149359444223621 -1.4622467104581747 1.95 0 0 1 
1 -1.1895869511935648 -1.1895869511935644 0 0.83146961230254512 -0.55557023301960229 0 
1 -1.1895869511935648 -1.1895869511935644 0 0 0 1 
1 -1.5542702539297133 -0.64379981877076131 0 0.55557023301960218 -0.83146961230254535 0 
1 -1.6823300000000001 2.0602600496095668e-16 0 0.19509032201612803 -0.98078528040323043 0 
1 -1.6823300000000001 2.0602600496095668e-16 0 0.19509032201612803 -0.98078528040323043 0 
1 -1.5872050690940998 -0.47981742914840508 1.5000000000000002 -0.38268319111720883 0.92387963243939408 0 
1 -1.5542702539297133 -0.64379981877076131 0 0 0 1 
1 -1.6823300000000001 2.0602600496095668e-16 0 0.19509032201612803 -0.98078528040323043 0 
1 -1.4622471185927091 -0.7814928307843394 1.95 0 0 1 
1 -1.5872050690940998 -0.47981742914840519 1.95 0.38268319111720883 -0.92387963243939408 0 
1 -1.5865639848166526 -0.48136514464874253 1.95 0 0 1 
1 -1.6823300000000001 2.0602600496095668e-16 0 0.19509032201612803 -0.98078528040323043 0 
1 -1.6823300000000001 2.0602600496095668e-16 0 0 0 1 
1 1.2628573558601142 -1.2628573558601148 0 0.38268343236508989 0.92387953251128674 0 
1 1.6500028409101903 0.32821008477018665 1.2000000000000002 0 0 1 
1 1.6500024534494739 -0.341727692300618 1.45 5.7835328833345263e-07 0.9999999999998328 -0 
1 1.650002461266638 -0.32821144920866341 1.2000000000000002 0 0 -1 
1 1.2628573558601142 -1.2628573558601148 0 0.38268343236508989 0.92387953251128674 0 
1 1.4616056253724334 -0.78304130960776797 1.5000000000000002 -0.38268367361294492 -0.92387943258311644 0 
1 1.1895869511935642 -1.1895869511935648 0 0.55557023301960262 0.8314696123025449 0 
1 1.1895869511935642 -1.1895869511935648 0 0.55557023301960262 0.8314696123025449 0 
1 1.5542702539297126 -0.64379981877076253 0 0 0 1 
1 1.1895869511935642 -1.1895869511935648 0 0.55557023301960262 0.8314696123025449 0 
1 1.5865637334236717 -0.48136597323111729 1.95 0 0 1 
1 1.4616056253724334 -0.78304130960776797 1.9500000000000002 0.38268367361294492 0.92387943258311644 -0 
1 1.4622467104581747 -0.78149359444223698 1.95 0 0 1 
1 1.1895869511935642 -1.1895869511935648 0 0.55557023301960262 0.8314696123025449 0 
1 1.1895869511935642 -1.1895869511935648 0 0 0 1 
1 0.64379981877076187 -1.5542702539297129 0 0.83146961230254535 0.55557023301960218 0 
1 -3.0903900744143499e-16 -1.6823300000000001 0 0.98078528040323032 0.19509032201612847 0 
1 -3.0903900744143499e-16 -1.6823300000000001 0 0.98078528040323032 0.19509032201612847 0 
1 0.47981742914840553 -1.5872050690940998 1.5000000000000002 -0.92387963243939397 -0.38268319111720928 0 
1 0.64379981877076187 -1.5542702539297129 0 0 0 1 
1 -3.0903900744143499e-16 -1.6823300000000001 0 0.98078528040323032 0.19509032201612847 0 
1 0.78149283078434006 -1.4622471185927088 1.95 0 0 1 
1 0.47981742914840553 -1.5872050690940998 1.9500000000000002 0.92387963243939397 0.38268319111720928 -0 
1 0.48136514464874325 -1.5865639848166524 1.95 0 0 1 
1 -3.0903900744143499e-16 -1.6823300000000001 0 0.98078528040323032 0.19509032201612847 0 
1 -3.0903900744143499e-16 -1.6823300000000001 0 0 0 1 
1 0.7830413096077673 1.4616056253724339 1.5000000000000002 0.92387943258311656 -0.38268367361294459 0 
1 1.1895869511935646 1.1895869511935644 0 -0.83146961230254512 0.5555702330196024 0 
1 1.1895869511935646 1.1895869511935644 0 -0.83146961230254512 0.5555702330196024 0 
1 0.64379981877076164 1.5542702539297131 0 0 0 1 
1 1.1895869511935646 1.1895869511935644 0 -0.83146961230254512 0.5555702330196024 0 
1 0.48136597323111674 1.586563733423672 1.95 0 0 1 
1 0.78304130960776752 1.4616056253724339 1.9500000000000002 -0.92387943258311656 0.38268367361294459 0 
1 0.78149359444223643 1.4622467104581749 1.95 0 0 1 
1 1.1895869511935646 1.1895869511935644 0 -0.83146961230254512 0.5555702330196024 0 
1 1.1895869511935646 1.1895869511935644 0 0 0 1 
1 1.5542702539297131 0.64379981877076153 0 -0.55557023301960218 0.83146961230254524 0 
1 1.6823300000000001 0 0 -0.19509032201612836 0.98078528040323043 0 
1 1.6823300000000001 0 0 -0.19509032201612836 0.98078528040323043 0 
1 1.5872050690940998 0.47981742914840564 1.5000000000000002 0.38268319111720916 -0.92387963243939397 0 
1 1.5542702539297131 0.64379981877076153 0 0 0 1 
1 1.6823300000000001 0 0 -0.19509032201612836 0.98078528040323043 0 
1 1.4622471185927088 0.78149283078433995 1.95 0 0 1 
1 1.5872050690940998 0.47981742914840558 1.9500000000000002 -0.38268319111720916 0.92387963243939397 0 
1 1.5865639848166524 0.48136514464874314 1.95 0 0 1 
1 1.6823300000000001 0 0 -0.19509032201612836 0.98078528040323043 0 
1 1.6823300000000001 0 0 0 0 1 
1 0.64379981877076164 1.5542702539297131 0 -0.98078528040323043 0.19509032201612836 0 
1 -1.5542702539297131 0.64379981877076176 0 -0.19509032201612836 -0.98078528040323043 0 
1 -1.5542702539297131 0.64379981877076176 0 -0.19509032201612836 -0.98078528040323043 0 
1 -1.6500045431946695 -0.1624274848569375 1.95 0 0 1 
1 -1.6500044579293065 0.16410358157580346 1.95 -2.6112481042247079e-07 -0.99999999999996592 0 
1 -1.6500044583667519 0.16242834657116242 1.95 0 0 1 
1 -1.5542702539297131 0.64379981877076176 0 -0.19509032201612836 -0.98078528040323043 0 
2 0 0 2 0 0 1 0.99518473323210499 0.098017073725673684 -0 -0.098017073725673684 0.99518473323210499 0 1.65798
1 1.65798 -4.0608798001006574e-16 0 0 0 1 
2 0 0 2 0 0 1 0.99518473323210499 0.098017073725673684 -0 -0.098017073725673684 0.99518473323210499 0 1.65798
1 1.6500045431946697 0.16242748485693689 1.95 0 0 1 
2 0 0 0 0 0 1 1 0 -0 -0 1 0 1.65798
1 1.6500044583667521 -0.16242834657116303 1.95 0 0 1 
2 0 0 2 0 0 1 0.99518473323210499 0.098017073725673684 -0 -0.098017073725673684 0.99518473323210499 0 1.65798
2 0 0 0 0 0 1 1 0 -0 -0 1 0 1.65798
2 0 0 2 0 0 1 0.99518473323210499 0.098017073725673684 -0 -0.098017073725673684 0.99518473323210499 0 1.65798
1 1.2815829774749781 -1.0518758254881468 1.95 0 0 1 
2 0 0 0 0 0 1 1 0 -0 -0 1 0 1.65798
1 1.051875156181779 -1.2815835268165545 1.95 0 0 1 
2 0 0 2 0 0 1 0.99518473323210499 0.098017073725673684 -0 -0.098017073725673684 0.99518473323210499 0 1.65798
2 0 0 0 0 0 1 1 0 -0 -0 1 0 1.65798
2 0 0 2 0 0 1 0.99518473323210499 0.098017073725673684 -0 -0.098017073725673684 0.99518473323210499 0 1.65798
1 0.16242748485693942 -1.6500045431946693 1.95 0 0 1 
2 0 0 0 0 0 1 1 0 -0 -0 1 0 1.65798
1 -0.162428346571166 -1.6500044583667517 1.95 0 0 1 
2 0 0 2 0 0 1 0.99518473323210499 0.098017073725673684 -0 -0.098017073725673684 0.99518473323210499 0 1.65798
2 0 0 0 0 0 1 1 0 -0 -0 1 0 1.65798
2 0 0 2 0 0 1 0.99518473323210499 0.098017073725673684 -0 -0.098017073725673684 0.99518473323210499 0 1.65798
1 -1.0518758254881466 -1.2815829774749781 1.95 0 0 1 
2 0 0 0 0 0 1 1 0 -0 -0 1 0 1.65798
1 -1.2815835268165543 -1.051875156181779 1.95 0 0 1 
2 0 0 2 0 0 1 0.99518473323210499 0.098017073725673684 -0 -0.098017073725673684 0.99518473323210499 0 1.65798
2 0 0 0 0 0 1 1 0 -0 -0 1 0 1.65798
2 0 0 2 0 0 1 0.99518473323210499 0.098017073725673684 -0 -0.098017073725673684 0.99518473323210499 0 1.65798
2 0 0 0 0 0 1 1 0 -0 -0 1 0 1.65798
2 0 0 0 0 0 1 1 0 -0 -0 1 0 1.65798
2 0 0 2 0 0 1 0.99518473323210499 0.098017073725673684 -0 -0.098017073725673684 0.99518473323210499 0 1.65798
1 -1.2815829774749801 1.0518758254881444 1.95 0 0 1 
2 0 0 0 0 0 1 1 0 -0 -0 1 0 1.65798
1 -1.051875156181777 1.2815835268165561 1.95 0 0 1 
2 0 0 2 0 0 1 0.99518473323210499 0.098017073725673684 -0 -0.098017073725673684 0.99518473323210499 0 1.65798
2 0 0 0 0 0 1 1 0 -0 -0 1 0 1.65798
2 0 0 2 0 0 1 0.99518473323210499 0.098017073725673684 -0 -0.098017073725673684 0.99518473323210499 0 1.65798
1 -0.16242748485693753 1.6500045431946695 1.95 0 0 1 
2 0 0 0 0 0 1 1 0 -0 -0 1 0 1.65798
1 0.1624283465711624 1.6500044583667519 1.95 0 0 1 
2 0 0 2 0 0 1 0.99518473323210499 0.098017073725673684 -0 -0.098017073725673684 0.99518473323210499 0 1.65798
2 0 0 0 0 0 1 1 0 -0 -0 1 0 1.65798
2 0 0 2 0 0 1 0.99518473323210499 0.098017073725673684 -0 -0.098017073725673684 0.99518473323210499 0 1.65798
1 1.0518758254881466 1.2815829774749783 1.95 0 0 1 
2 0 0 0 0 0 1 1 0 -0 -0 1 0 1.65798
1 1.2815835268165543 1.0518751561817792 1.95 0 0 1 
2 0 0 2 0 0 1 0.99518473323210499 0.098017073725673684 -0 -0.098017073725673684 0.99518473323210499 0 1.65798
2 0 0 0 0 0 1 1 0 -0 -0 1 0 1.65798
2 0 0 2 0 0 1 0.99518473323210499 0.098017073725673684 -0 -0.098017073725673684 0.99518473323210499 0 1.65798
2 0 0 0.55000000000000004 0 0 1 1 0 -0 -0 1 0 1.65798
1 -0.64379981877076142 1.5542702539297131 0 -0.83146961230254524 -0.55557023301960218 0 
1 -1.0506905858405957 1.2827680965390962 1.95 -0.7071069658296476 -0.70710659654339925 0 
1 -0.64379981877076142 1.5542702539297131 0 -0.83146961230254524 -0.55557023301960218 0 
1 0.64379981877076164 1.5542702539297131 0 -0.98078528040323043 0.19509032201612836 0 
1 0.1641035815758034 1.6500044579293065 1.95 -0.99999999999996592 2.6112481040615662e-07 0 
1 0.64379981877076164 1.5542702539297131 0 -0.98078528040323043 0.19509032201612836 0 
1 -0.64379981877076242 -1.5542702539297126 0 0.98078528040323032 -0.19509032201612886 0 
1 -0.64379981877076242 -1.5542702539297126 0 0.98078528040323032 -0.19509032201612886 0 
1 -0.16410358157580421 -1.6500044579293061 1.95 0.99999999999996592 -2.6112481092391292e-07 0 
1 -0.64379981877076242 -1.5542702539297126 0 0.98078528040323032 -0.19509032201612886 0 
1 -1.5542702539297133 -0.64379981877076131 0 0.55557023301960218 -0.83146961230254535 0 
1 -1.2827680965390966 -1.0506905858405955 1.95 0.70710659654339925 -0.7071069658296476 0 
1 -1.5542702539297133 -0.64379981877076131 0 0.55557023301960218 -0.83146961230254535 0 
1 1.5542702539297126 -0.64379981877076253 0 0.19509032201612872 0.98078528040323032 0 
1 1.5542702539297126 -0.64379981877076253 0 0.19509032201612872 0.98078528040323032 0 
1 1.6500044579293065 -0.16410358157580415 1.9500000000000002 2.6112481078329327e-07 0.99999999999996603 -0 
1 1.5542702539297126 -0.64379981877076253 0 0.19509032201612872 0.98078528040323032 0 
1 0.64379981877076187 -1.5542702539297129 0 0.83146961230254535 0.55557023301960218 0 
1 1.0506905858405959 -1.2827680965390962 1.9500000000000002 0.70710696582964772 0.70710659654339925 -0 
1 0.64379981877076187 -1.5542702539297129 0 0.83146961230254535 0.55557023301960218 0 
1 1.5542702539297131 0.64379981877076153 0 -0.55557023301960218 0.83146961230254524 0 
1 1.2827680965390962 1.0506905858405959 1.9500000000000002 -0.70710659654339936 0.7071069658296476 0 
1 1.5542702539297131 0.64379981877076153 0 -0.55557023301960218 0.83146961230254524 0 
2 0 0 2.5 0 0 1 1 0 -0 -0 1 0 1.6499999999999999
1 1.6499999999999999 -4.0413344371862655e-16 0 0 0 1 
2 0 0 998.54999999999995 0 0 1 1 0 -0 -0 1 0 1.6499999999999999
Polygon3D 0
PolygonOnTriangulations 0
Surfaces 113
1 0 0 0 1 0 -0 0 0 1 0 -1 0 
1 0 0 0 -0 1 0 0 0 1 1 0 -0 
1 0 0 1 0 0 1 1 0 -0 -0 1 0 
1 0 3.2999999999999998 0 -0 1 0 0 0 1 1 0 -0 
9 0 0 0 0 1 1 2 2 2 2 -999 -999 0  -999 999 0  
999 -999 0  999 999 0  

-998.99999999999989 2
999.00000000000011 2

-999 2
999 2

1 999 0 0 1 0 -0 0 0 1 0 -1 0 
1 0 0 1 0 0 1 1 0 -0 -0 1 0 
2 0 0 0 0 0 1 1 0 -0 -0 1 0 1.6499999999999999
1 2.33345 0 0 -0.70710678118654757 -0.70710678118654757 0 -0.70710678118654757 0.70710678118654757 0 -0 0 -1 
1 1.4288260367351956e-16 2.33345 0 0.70710678118654746 -0.70710678118654757 0 -0.70710678118654757 -0.70710678118654746 0 0 -0 -1 
2 0 0 0 0 0 1 1 0 -0 -0 1 0 1.6499999999999999
1 1.4288260367351956e-16 2.33345 0 0.70710678118654746 -0.70710678118654757 0 -0.70710678118654757 -0.70710678118654746 0 0 -0 -1 
1 -2.33345 2.8576520734703911e-16 0 0.70710678118654768 0.70710678118654735 -0 0.70710678118654735 -0.70710678118654768 0 0 -0 -1 
2 0 0 0 0 0 1 1 0 -0 -0 1 0 1.6499999999999999
9 0 0 0 0 1 1 2 2 2 2 999 0 -999  999 0 0  
706.39967440536088 706.399674405361 -999  706.39967440536088 706.399674405361 0  

0 2
764.60149786544935 2

-999 2
0 2

9 0 0 0 0 1 1 2 2 2 2 706.39967440536077 -706.39967440536111 -999  706.39967440536077 -706.39967440536111 0  
999.00000000000011 1.1368683772161603e-13 -999  999.00000000000011 1.1368683772161603e-13 0  

0 2
764.60149786544969 2

-999 2
0 2

9 0 0 0 0 1 1 2 2 2 2 706.399674405361 706.39967440536088 -999  706.399674405361 706.39967440536088 0  
0 999 -999  0 999 0  

0 2
764.60149786544946 2

-999 2
0 2

9 0 0 0 0 1 1 2 2 2 2 -1.8351332285223086e-13 -999 -999  -1.8351332285223086e-13 -999 0  
706.39967440536077 -706.39967440536111 -999  706.39967440536077 -706.39967440536111 0  

0 2
764.60149786544935 2

-999 2
0 2

9 0 0 0 0 1 1 2 2 2 2 6.1171107617410295e-14 999 -999  6.1171107617410295e-14 999 0  
-706.399674405361 706.399674405361 -999  -706.399674405361 706.399674405361 0  

0 2
764.60149786544946 2

-999 2
0 2

9 0 0 0 0 1 1 2 2 2 2 -706.39967440536111 -706.39967440536088 -999  -706.39967440536111 -706.39967440536088 0  
-1.1368683772161603e-13 -999 -999  -1.1368683772161603e-13 -999 0  

0 2
764.60149786544935 2

-999 2
0 2

9 0 0 0 0 1 1 2 2 2 2 -706.39967440536088 706.399674405361 -999  -706.39967440536088 706.399674405361 0  
-999 0 -999  -999 0 0  

0 2
764.60149786544935 2

-999 2
0 2

9 0 0 0 0 1 1 2 2 2 2 -999 1.2234221523482059e-13 -999  -999 1.2234221523482059e-13 0  
-706.39967440536111 -706.39967440536088 -999  -706.39967440536111 -706.39967440536088 0  

0 2
764.60149786544935 2

-999 2
0 2

1 -2.33345 2.8576520734703911e-16 0 0.70710678118654768 0.70710678118654735 -0 0.70710678118654735 -0.70710678118654768 0 0 -0 -1 
1 -4.2864781102055869e-16 -2.33345 0 -0.70710678118654746 0.70710678118654757 0 0.70710678118654757 0.70710678118654746 0 0 0 -1 
2 0 0 0 0 0 1 1 0 -0 -0 1 0 1.6499999999999999
2 0 0 0 0 0 1 1 0 -0 -0 1 0 1.6499999999999999
1 -4.2864781102055869e-16 -2.33345 0 -0.70710678118654746 0.70710678118654757 0 0.70710678118654757 0.70710678118654746 0 0 0 -1 
1 2.33345 0 0 -0.70710678118654757 -0.70710678118654757 0 -0.70710678118654757 0.70710678118654757 0 -0 0 -1 
1 -1.2183232621811331e-16 1.3053073438223781e-16 0 0 0 1 1 0 -0 -0 1 0 
1 3.364315624255448e-17 4.4195957366453789e-17 0 0 0 1 1 0 -0 -0 1 0 
1 1.0935789754686077e-16 1.7859499999999999 0 0.38268343236508978 -0.92387953251128685 0 -0.92387953251128685 -0.38268343236508978 0 0 -0 -1 
1 -1.2183232621811331e-16 1.3053073438223781e-16 0 0 0 1 1 0 -0 -0 1 0 
1 3.364315624255448e-17 4.4195957366453789e-17 0 0 0 1 1 0 -0 -0 1 0 
1 -1.7859499999999999 2.1871579509372153e-16 0 0.92387953251128685 0.38268343236508956 -0 0.38268343236508956 -0.92387953251128685 0 0 -0 -1 
1 -1.2183232621811331e-16 1.3053073438223781e-16 0 0 0 1 1 0 -0 -0 1 0 
9 0 0 0 0 1 1 2 2 2 2 -999 -999 -999  -999 999 -999  
999 -999 -999  999 999 -999  

-998.99999999999989 2
999.00000000000011 2

-999 2
999 2

1 3.364315624255448e-17 4.4195957366453789e-17 0 0 0 1 1 0 -0 -0 1 0 
1 -3.2807369264058226e-16 -1.7859499999999999 0 -0.38268343236508962 0.92387953251128685 0 0.92387953251128685 0.38268343236508962 0 0 0 -1 
1 -1.2183232621811331e-16 1.3053073438223781e-16 0 0 0 1 1 0 -0 -0 1 0 
1 3.364315624255448e-17 4.4195957366453789e-17 0 0 0 1 1 0 -0 -0 1 0 
1 1.7859499999999999 0 0 -0.92387953251128685 -0.38268343236508978 0 -0.38268343236508978 0.92387953251128685 0 -0 0 -1 
1 1.2628573558601146 1.2628573558601144 0 -0.38268343236508984 -0.92387953251128674 0 -0.92387953251128674 0.38268343236508984 0 -0 0 -1 
1 -1.2628573558601144 1.2628573558601146 0 0.92387953251128674 -0.38268343236508989 0 -0.38268343236508989 -0.92387953251128674 0 0 -0 -1 
1 -1.2183232621811331e-16 1.3053073438223781e-16 0 0 0 1 1 0 -0 -0 1 0 
1 -1.1895869511935644 1.1895869511935646 0 0.83146961230254512 -0.55557023301960262 0 -0.55557023301960262 -0.83146961230254512 0 0 -0 -1 
1 -8.4567467151216243e-17 8.1528313807677844e-18 0 0 0 1 1 0 -0 -0 1 0 
1 1.0301300248047834e-16 1.6823300000000001 0 0.19509032201612836 -0.98078528040323043 0 -0.98078528040323043 -0.19509032201612836 0 0 -0 -1 
1 -1.2183232621811331e-16 1.3053073438223781e-16 0 0 0 1 1 0 -0 -0 1 0 
1 -1.2628573558601148 -1.2628573558601144 0 0.38268343236508984 0.92387953251128674 -0 0.92387953251128674 -0.38268343236508984 0 0 -0 -1 
1 -1.2183232621811331e-16 1.3053073438223781e-16 0 0 0 1 1 0 -0 -0 1 0 
1 -1.1895869511935648 -1.1895869511935644 0 0.5555702330196024 0.83146961230254524 -0 0.83146961230254524 -0.5555702330196024 0 0 -0 -1 
1 -8.4567467151216243e-17 8.1528313807677844e-18 0 0 0 1 1 0 -0 -0 1 0 
1 -1.6823300000000001 2.0602600496095668e-16 0 0.98078528040323054 0.19509032201612805 -0 0.19509032201612805 -0.98078528040323054 0 0 -0 -1 
1 -1.2183232621811331e-16 1.3053073438223781e-16 0 0 0 1 1 0 -0 -0 1 0 
1 1.2628573558601142 -1.2628573558601148 0 -0.92387953251128674 0.38268343236508989 0 0.38268343236508989 0.92387953251128674 0 0 0 -1 
1 -1.2183232621811331e-16 1.3053073438223781e-16 0 0 0 1 1 0 -0 -0 1 0 
1 1.1895869511935642 -1.1895869511935648 0 -0.83146961230254501 0.55557023301960273 0 0.55557023301960273 0.83146961230254501 0 0 0 -1 
1 -8.4567467151216243e-17 8.1528313807677844e-18 0 0 0 1 1 0 -0 -0 1 0 
1 -3.0903900744143499e-16 -1.6823300000000001 0 -0.1950903220161285 0.98078528040323043 0 0.98078528040323043 0.1950903220161285 0 0 0 -1 
1 -1.2183232621811331e-16 1.3053073438223781e-16 0 0 0 1 1 0 -0 -0 1 0 
1 -1.2183232621811331e-16 1.3053073438223781e-16 0 0 0 1 1 0 -0 -0 1 0 
1 1.1895869511935646 1.1895869511935644 0 -0.5555702330196024 -0.83146961230254512 0 -0.83146961230254512 0.5555702330196024 0 -0 0 -1 
1 -8.4567467151216243e-17 8.1528313807677844e-18 0 0 0 1 1 0 -0 -0 1 0 
1 1.6823300000000001 0 0 -0.98078528040323043 -0.19509032201612836 0 -0.19509032201612836 0.98078528040323043 0 -0 0 -1 
1 -1.2183232621811331e-16 1.3053073438223781e-16 0 0 0 1 1 0 -0 -0 1 0 
1 -8.4567467151216243e-17 8.1528313807677844e-18 0 0 0 1 1 0 -0 -0 1 0 
1 -8.4567467151216243e-17 8.1528313807677844e-18 0 0 0 1 1 0 -0 -0 1 0 
1 -1.5542702539297131 0.64379981877076176 0 0.98078528040323043 -0.19509032201612836 0 -0.19509032201612836 -0.98078528040323043 0 0 -0 -1 
1 -8.4567467151216243e-17 8.1528313807677844e-18 0 0 0 1 1 0 -0 -0 1 0 
2 0 0 0 0 0 1 1 0 -0 -0 1 0 1.65798
1 0 0 0 0 0 1 1 0 -0 -0 1 0 
1 -8.4567467151216243e-17 8.1528313807677844e-18 0 0 0 1 1 0 -0 -0 1 0 
1 -0.64379981877076142 1.5542702539297131 0 0.55557023301960218 -0.83146961230254524 0 -0.83146961230254524 -0.55557023301960218 0 0 -0 -1 
1 -8.4567467151216243e-17 8.1528313807677844e-18 0 0 0 1 1 0 -0 -0 1 0 
1 0 0 0 0 0 1 1 0 -0 -0 1 0 
1 -8.4567467151216243e-17 8.1528313807677844e-18 0 0 0 1 1 0 -0 -0 1 0 
1 0.64379981877076164 1.5542702539297131 0 -0.19509032201612836 -0.98078528040323043 0 -0.98078528040323043 0.19509032201612836 0 -0 0 -1 
1 -8.4567467151216243e-17 8.1528313807677844e-18 0 0 0 1 1 0 -0 -0 1 0 
1 -0.64379981877076242 -1.5542702539297126 0 0.19509032201612886 0.98078528040323032 -0 0.98078528040323032 -0.19509032201612886 0 0 -0 -1 
1 -8.4567467151216243e-17 8.1528313807677844e-18 0 0 0 1 1 0 -0 -0 1 0 
1 0 0 0 0 0 1 1 0 -0 -0 1 0 
1 -8.4567467151216243e-17 8.1528313807677844e-18 0 0 0 1 1 0 -0 -0 1 0 
1 -1.5542702539297133 -0.64379981877076131 0 0.83146961230254535 0.55557023301960218 -0 0.55557023301960218 -0.83146961230254535 0 0 -0 -1 
1 -8.4567467151216243e-17 8.1528313807677844e-18 0 0 0 1 1 0 -0 -0 1 0 
1 0 0 0 0 0 1 1 0 -0 -0 1 0 
1 -8.4567467151216243e-17 8.1528313807677844e-18 0 0 0 1 1 0 -0 -0 1 0 
1 -8.4567467151216243e-17 8.1528313807677844e-18 0 0 0 1 1 0 -0 -0 1 0 
1 1.5542702539297126 -0.64379981877076253 0 -0.98078528040323043 0.19509032201612875 0 0.19509032201612875 0.98078528040323043 0 0 0 -1 
1 -8.4567467151216243e-17 8.1528313807677844e-18 0 0 0 1 1 0 -0 -0 1 0 
1 0 0 0 0 0 1 1 0 -0 -0 1 0 
1 -8.4567467151216243e-17 8.1528313807677844e-18 0 0 0 1 1 0 -0 -0 1 0 
1 0.64379981877076187 -1.5542702539297129 0 -0.55557023301960218 0.83146961230254535 0 0.83146961230254535 0.55557023301960218 0 0 0 -1 
1 -8.4567467151216243e-17 8.1528313807677844e-18 0 0 0 1 1 0 -0 -0 1 0 
1 0 0 0 0 0 1 1 0 -0 -0 1 0 
1 -8.4567467151216243e-17 8.1528313807677844e-18 0 0 0 1 1 0 -0 -0 1 0 
1 -8.4567467151216243e-17 8.1528313807677844e-18 0 0 0 1 1 0 -0 -0 1 0 
1 0 0 0 0 0 1 1 0 -0 -0 1 0 
1 -8.4567467151216243e-17 8.1528313807677844e-18 0 0 0 1 1 0 -0 -0 1 0 
1 1.5542702539297131 0.64379981877076153 0 -0.83146961230254524 -0.55557023301960218 0 -0.55557023301960218 0.83146961230254524 0 -0 0 -1 
1 -8.4567467151216243e-17 8.1528313807677844e-18 0 0 0 1 1 0 -0 -0 1 0 
1 0 0 0 0 0 1 1 0 -0 -0 1 0 
1 -8.4567467151216243e-17 8.1528313807677844e-18 0 0 0 1 1 0 -0 -0 1 0 
1 0 0 0 0 0 1 1 0 -0 -0 1 0 
1 0 0 0 0 0 1 1 0 -0 -0 1 0 
1 0 0 0 0 0 1 1 0 -0 -0 1 0 
1 0 0 0 0 0 1 1 0 -0 -0 1 0 
1 0 0 0 0 0 1 1 0 -0 -0 1 0 
1 0 0 0 0 0 1 1 0 -0 -0 1 0 
1 0 0 0 0 0 1 1 0 -0 -0 1 0 
1 0 0 0 0 0 1 1 0 -0 -0 1 0 
1 0 0 0.55000000000000004 0 0 1 1 0 -0 -0 1 0 
2 0 0 0 0 0 1 1 0 -0 -0 1 0 1.6499999999999999
1 0 0 998.54999999999995 0 0 1 1 0 -0 -0 1 0 
Triangulations 0

TShapes 772
Ve
5.000001e-06
-499.5 -1.65 0
0 0

0101101
*
Ve
1e-07
-499.5 -1.65 0.5
0 0

0101101
*
Ed
 1e-07 1 1 0
1  1 0 0.5 1
2  1 1 0 0.5 1
2  2 2 0 0.5 1
0

0101000
+772 3 -771 3 *
Ve
1e-07
-499.5 1.65 0.5
0 0

0101101
*
Ed
 1e-07 1 1 0
1  2 0 0 3.3
2  3 1 0 0 3.3
2  4 3 0 0 3.3
0

0101000
-769 3 +771 3 *
Ve
5.000001e-06
-499.5 1.65 0
0 0

0101101
*
Ed
 1e-07 1 1 0
1  3 0 0.5 1
2  5 1 0 0.5 1
2  6 4 0 0.5 1
0

0101000
+767 3 -769 3 *
Ed
 5e-06 1 1 0
1  4 0 0 1
2  7 1 2 0 1
2  8 5 4 0 1
0

0101000
+772 0 -767 0 *
Wi

0101100
-770 2 -768 2 +766 2 +765 0 *
Fa
0  1e-07 1 2

0101000
+764 0 *
Ve
5.000001e-06
499.5 -1.65 0
0 0

0101101
*
Ve
1e-07
499.5 -1.65 0.5
0 0

0101101
*
Ed
 1e-07 1 1 0
1  5 0 0.5 1
2  9 2 0 0.5 1
2  10 6 0 0.5 1
0

0101000
+762 3 -761 3 *
Ve
1.00000023702256e-07
7.29461918685901e-08 -1.65 0.5
0 0

0101101
*
Ed
 1e-07 1 1 0
1  6 0 499.500000072946 999
2  11 2 0 499.500000072946 999
2  12 7 0 499.500000072946 999
0

0101000
+759 3 -761 3 *
Ed
 1e-07 1 1 0
1  7 0 0 499.500000072946
2  13 2 0 0 499.500000072946
2  14 3 0 0 499.500000072946
0

0101000
+771 3 -759 3 *
Ed
 5e-06 1 1 0
1  8 0 0 1
2  15 2 2 0 1
2  16 5 4 0 1
0

0101000
+762 0 -772 0 *
Wi

0101100
-760 2 +758 2 +757 2 +770 2 +756 0 *
Fa
0  1e-07 2 2

0101000
+755 0 *
Ve
1.00000036407645e-07
-7.19710871560626e-08 1.65 0.5
0 0

0101101
*
Ed
 1e-07 1 1 0
1  9 0 0 499.499999928029
2  17 3 0 0 499.499999928029
2  18 4 0 0 499.499999928029
0

0101000
+769 3 -753 3 *
Ve
1.50001e-07
-0.00235557848623161 1.64999831855975 0.5
0 0

0101101
*
Ed
 1e-07 1 1 0
1  10 0 1.57079637041374 1.57222395060483
2  19 3 6 1.57079637041374 1.57222395060483
2  20 8 0 1.57079637041374 1.57222395060483
0

0101000
+753 7 -751 7 *
Ve
1.50000017541524e-07
-1.64999831855975 1.64999831855975 0.5
0 0

0101101
*
Ed
 1.5e-07 1 1 0
1  11 0 247.27500252216 248.922645262234
2  21 3 2 247.27500252216 248.922645262234
2  22 9 8 247.27500252216 248.922645262234
0

0101000
+749 0 -751 0 *
Ve
1.50001e-07
-1.64999831855976 0.00235557847883506 0.5
0 0

0101101
*
Ed
 1.5e-07 1 1 0
1  12 0 0.00235641919896302 1.64999915927988
2  23 3 2 0.00235641919896302 1.64999915927988
2  24 10 8 0.00235641919896302 1.64999915927988
0

0101000
+747 0 -749 0 *
Ve
1.50001e-07
-1.64999831855976 -0.00235557847883246 0.5
0 0

0101101
*
Ed
 1e-07 1 1 0
1  13 0 3.14016502978434 3.14302027739524
2  25 3 6 3.14016502978434 3.14302027739524
2  26 11 0 3.14016502978434 3.14302027739524
0

0101000
+747 7 -745 7 *
Ve
1.50000010660454e-07
-1.64999831855975 -1.64999831855975 0.5
0 0

0101101
*
Ed
 1.5e-07 1 1 0
1  14 0 -1.64999747783962 -0.0023547377587045
2  27 3 2 -1.64999747783962 -0.0023547377587045
2  28 12 8 -1.64999747783962 -0.0023547377587045
0

0101000
+743 0 -745 0 *
Ve
1.50001e-07
-0.00235557848623236 -1.64999831855975 0.5
0 0

0101101
*
Ed
 1.5e-07 1 1 0
1  15 0 -250.572643580794 -248.92500084072
2  29 3 2 -250.572643580794 -248.92500084072
2  30 13 8 -250.572643580794 -248.92500084072
0

0101000
+741 0 -743 0 *
Ed
 1e-07 1 1 0
1  16 0 4.71096135657476 4.7123890245945
2  31 3 6 4.71096135657476 4.7123890245945
2  32 14 0 4.71096135657476 4.7123890245945
0

0101000
+741 7 -759 7 *
Wi

0101100
-752 2 -750 5 +748 0 +746 0 -744 5 +742 0 +740 0 -739 5 +757 2 -768 2 
*
Fa
0  1e-07 3 2

0101000
+738 0 *
Ve
5.000001e-06
499.5 1.65 0
0 0

0101101
*
Ve
1e-07
499.5 1.65 0.5
0 0

0101101
*
Ed
 1e-07 1 1 0
1  17 0 0.5 1
2  33 4 0 0.5 1
2  34 6 0 0.5 1
0

0101000
+736 3 -735 3 *
Ed
 1e-07 1 1 0
1  18 0 499.499999928029 999
2  35 4 0 499.499999928029 999
2  36 7 0 499.499999928029 999
0

0101000
+753 3 -735 3 *
Ed
 5e-06 1 1 0
1  19 0 0 1
2  37 4 2 0 1
2  38 5 4 0 1
0

0101000
+736 0 -767 0 *
Wi

0101100
-734 2 +733 2 +752 2 +766 2 +732 0 *
Fa
0  1e-07 4 2

0101000
+731 0 *
Ve
1e-07
999 0 0
0 0

0101101
*
Ve
1e-07
706.399674405361 706.399674405361 0
0 0

0101101
*
Ed
 1e-07 1 1 0
1  20 0 0 764.601497865449
2  39 5 0 0 764.601497865449
2  40 15 0 0 764.601497865449
0

0101000
+729 9 -728 9 *
Ve
1e-07
706.399674405361 -706.399674405361 0
0 0

0101101
*
Ed
 1e-07 1 1 0
1  21 0 0 764.60149786545
2  41 5 0 0 764.60149786545
2  42 16 0 0 764.60149786545
0

0101000
+726 9 -729 9 *
Ve
1e-07
6.11711076174103e-14 999 0
0 0

0101101
*
Ed
 1e-07 1 1 0
1  22 0 0 764.601497865449
2  43 5 0 0 764.601497865449
2  44 17 0 0 764.601497865449
0

0101000
+728 9 -724 9 *
Ve
1e-07
-1.83513322852231e-13 -999 0
0 0

0101101
*
Ed
 1e-07 1 1 0
1  23 0 0 764.601497865449
2  45 5 0 0 764.601497865449
2  46 18 0 0 764.601497865449
0

0101000
+722 9 -726 9 *
Ve
1e-07
-706.399674405361 706.399674405361 0
0 0

0101101
*
Ed
 1e-07 1 1 0
1  24 0 0 764.601497865449
2  47 5 0 0 764.601497865449
2  48 19 0 0 764.601497865449
0

0101000
+724 9 -720 9 *
Ve
1e-07
-706.399674405361 -706.399674405361 0
0 0

0101101
*
Ed
 1e-07 1 1 0
1  25 0 0 764.601497865449
2  49 5 0 0 764.601497865449
2  50 20 0 0 764.601497865449
0

0101000
+718 9 -722 9 *
Ve
1e-07
-999 1.22342215234821e-13 0
0 0

0101101
*
Ed
 1e-07 1 1 0
1  26 0 0 764.601497865449
2  51 5 0 0 764.601497865449
2  52 21 0 0 764.601497865449
0

0101000
+720 9 -716 9 *
Ed
 1e-07 1 1 0
1  27 0 0 764.601497865449
2  53 5 0 0 764.601497865449
2  54 22 0 0 764.601497865449
0

0101000
+716 9 -718 9 *
Wi

0101100
+727 4 +725 4 +723 4 +721 4 +719 4 +717 4 +715 4 +714 4 *
Ed
 5e-06 1 1 0
1  28 0 0 1
2  55 5 4 0 1
2  56 6 2 0 1
0

0101000
+762 0 -736 0 *
Wi

0101100
+756 0 -712 0 -732 0 +765 0 *
Fa
0  1e-07 5 4

0101000
+713 0 +711 0 *
Ed
 1e-07 1 1 0
1  29 0 0 3.3
2  57 6 0 0 3.3
2  58 7 0 0 3.3
0

0101000
-735 3 +761 3 *
Wi

0101100
-760 2 -709 2 +734 2 +712 0 *
Fa
0  1e-07 6 2

0101000
+708 0 *
Ve
1.50001e-07
0.00235557848467009 -1.64999831855975 0.5
0 0

0101101
*
Ed
 1e-07 1 1 0
1  30 0 4.7123890245945 4.71381660419367
2  59 7 6 4.7123890245945 4.71381660419367
2  60 14 0 4.7123890245945 4.71381660419367
0

0101000
+759 7 -706 7 *
Ve
1.50000017769119e-07
1.64999831855975 -1.64999831855975 0.5
0 0

0101101
*
Ed
 1.5e-07 1 1 0
1  31 0 -252.22499747784 -250.577354737765
2  61 7 2 -252.22499747784 -250.577354737765
2  62 23 8 -252.22499747784 -250.577354737765
0

0101000
+704 0 -706 0 *
Ve
1.50001e-07
1.64999831855976 -0.00235557847882137 0.5
0 0

0101101
*
Ed
 1.5e-07 1 1 0
1  32 0 -1.64764358080106 -8.40720127737171e-07
2  63 7 2 -1.64764358080106 -8.40720127737171e-07
2  64 24 8 -1.64764358080106 -8.40720127737171e-07
0

0101000
+702 0 -704 0 *
Ve
1e-07
1.65 -4.04133443718627e-16 0.5
0 0

0101101
*
Ed
 1e-07 1 1 0
1  33 0 6.28175768337415 6.28318530717959
2  65 7 6 6.28175768337415 6.28318530717959
2  66 25 0 6.28175768337415 6.28318530717959
0

0101000
+702 7 -700 7 *
Ve
1.50001e-07
1.64999831855976 0.00235557847881847 0.5
0 0

0101101
*
Ed
 1e-07 1 1 0
1  34 0 0 0.00142762380543832
2  67 7 6 0 0.00142762380543832
2  68 26 0 0 0.00142762380543832
0

0101000
+700 7 -698 7 *
Ve
1.50000010436096e-07
1.64999831855975 1.64999831855975 0.5
0 0

0101101
*
Ed
 1.5e-07 1 1 0
1  35 0 -3.29999747783963 -1.6523547377587
2  69 7 2 -3.29999747783963 -1.6523547377587
2  70 27 8 -3.29999747783963 -1.6523547377587
0

0101000
+696 0 -698 0 *
Ve
1.50001e-07
0.00235557848480912 1.64999831855975 0.5
0 0

0101101
*
Ed
 1.5e-07 1 1 0
1  36 0 248.927356419205 250.57499915928
2  71 7 2 248.927356419205 250.57499915928
2  72 28 8 248.927356419205 250.57499915928
0

0101000
+694 0 -696 0 *
Ed
 1e-07 1 1 0
1  37 0 1.56936870298583 1.57079637041374
2  73 7 6 1.56936870298583 1.57079637041374
2  74 8 0 1.56936870298583 1.57079637041374
0

0101000
+694 7 -753 7 *
Wi

0101100
-733 2 +709 2 +758 2 -705 5 +703 0 +701 0 -699 5 -697 5 +695 0 +693 0 
-692 5 *
Fa
0  1e-07 7 2

0101000
+691 0 *
Ve
1.5e-07
0.00235557848519208 1.64999831855975 0.95
0 0

0101101
*
Ed
 1e-07 1 1 0
1  38 0 0 0.45
2  75 8 5 0 0.45
2  76 28 8 0 0.45
0

0101000
+694 0 -689 0 *
Ve
1.5e-07
-0.00235557848519252 1.64999831855975 0.95
0 0

0101101
*
Ed
 1e-07 1 1 0
1  39 0 1.5693687029856 1.5722239506042
2  77 8 5 1.5693687029856 1.5722239506042
2  78 29 10 1.5693687029856 1.5722239506042
0

0101000
+689 0 -687 0 *
Ed
 1e-07 1 1 0
1  40 0 0 0.45
2  79 8 5 0 0.45
2  80 9 8 0 0.45
0

0101000
+751 0 -687 0 *
Wi

0101100
-688 0 -686 0 +685 0 +750 5 +692 5 *
Fa
0  1e-07 8 5

0101000
+684 0 *
Ve
1e-07
-1.64999831855975 1.64999831855975 1
0 0

0101101
*
Ed
 1e-07 1 1 0
1  41 0 0.05 0.55
2  81 9 0 0.05 0.55
2  82 10 0 0.05 0.55
0

0101000
+749 11 -682 11 *
Ve
1.50000000222045e-07
-0.6834572495594 1.64999831855975 1
0 0

0101101
*
Ed
 1e-07 1 1 0
1  42 0 2.33345556811915 3.2999966371195
2  83 9 14 2.33345556811915 3.2999966371195
2  84 30 0 2.33345556811915 3.2999966371195
0

0101000
+680 15 -682 15 *
Ve
1.50000000248253e-07
-0.6834572495594 1.64999831855975 0.95
0 0

0101101
*
Ed
 1.5e-07 1 1 0
1  43 0 0.25 0.3
2  85 9 8 0.25 0.3
2  86 31 10 0.25 0.3
0

0101000
+678 0 -680 0 *
Ed
 1.5e-07 1 1 0
1  44 0 0.827354737765067 1.50845640883927
2  87 9 8 0.827354737765067 1.50845640883927
2  88 29 10 0.827354737765067 1.50845640883927
0

0101000
+687 0 -678 0 *
Wi

0101100
-681 8 +679 13 +677 0 +676 0 +685 0 +748 0 *
Fa
0  1e-07 9 8

0101000
+675 0 *
Ve
1.5e-07
-1.64999831855975 0.00235557848500378 0.95
0 0

0101101
*
Ed
 1e-07 1 1 0
1  45 0 0 0.45
2  89 10 8 0 0.45
2  90 11 5 0 0.45
0

0101000
+747 0 -673 0 *
Ve
1.50000000597873e-07
-1.64999831855975 0.683458367563164 0.95
0 0

0101101
*
Ed
 1.5e-07 1 1 0
1  46 0 0.14154079171671 0.822643580794871
2  91 10 8 0.14154079171671 0.822643580794871
2  92 32 10 0.14154079171671 0.822643580794871
0

0101000
+671 0 -673 0 *
Ve
1.50000000496507e-07
-1.64999831855975 0.683458367563164 1
0 0

0101101
*
Ed
 1.5e-07 1 1 0
1  47 0 -0.3 -0.25
2  93 10 8 -0.3 -0.25
2  94 31 10 -0.3 -0.25
0

0101000
+669 0 -671 0 *
Ed
 1e-07 1 1 0
1  48 0 0 0.966539950996585
2  95 10 14 0 0.966539950996585
2  96 30 0 0 0.966539950996585
0

0101000
+682 15 -669 15 *
Wi

0101100
-672 0 +670 0 +668 0 +667 13 +681 8 +746 0 *
Fa
0  1e-07 10 8

0101000
+666 0 *
Ve
1.5e-07
-1.64999831855975 -0.00235557848500378 0.95
0 0

0101101
*
Ed
 1e-07 1 1 0
1  49 0 3.14016502978061 3.14302027739898
2  97 11 5 3.14016502978061 3.14302027739898
2  98 32 10 3.14016502978061 3.14302027739898
0

0101000
+673 0 -664 0 *
Ed
 1e-07 1 1 0
1  50 0 0 0.45
2  99 11 5 0 0.45
2  100 12 8 0 0.45
0

0101000
+745 0 -664 0 *
Wi

0101100
-672 0 -663 0 +662 0 +744 5 *
Fa
0  1e-07 11 5

0101000
+661 0 *
Ve
1e-07
-1.64999831855975 -1.64999831855975 1
0 0

0101101
*
Ed
 1e-07 1 1 0
1  51 0 0.05 0.55
2  101 12 0 0.05 0.55
2  102 13 0 0.05 0.55
0

0101000
+743 11 -659 11 *
Ve
1.50000000444089e-07
-1.64999831855975 -0.6834572495594 1
0 0

0101101
*
Ed
 1e-07 1 1 0
1  52 0 2.33345556811915 3.2999966371195
2  103 12 14 2.33345556811915 3.2999966371195
2  104 33 0 2.33345556811915 3.2999966371195
0

0101000
+657 15 -659 15 *
Ve
1.50000000333067e-07
-1.64999831855975 -0.6834572495594 0.95
0 0

0101101
*
Ed
 1.5e-07 1 1 0
1  53 0 0.25 0.3
2  105 12 8 0.25 0.3
2  106 34 10 0.25 0.3
0

0101000
+655 0 -657 0 *
Ed
 1.5e-07 1 1 0
1  54 0 0.827354737764878 1.50845640883927
2  107 12 8 0.827354737764878 1.50845640883927
2  108 32 10 0.827354737764878 1.50845640883927
0

0101000
+664 0 -655 0 *
Wi

0101100
-658 8 +656 13 +654 0 +653 0 +662 0 +742 0 *
Fa
0  1e-07 12 8

0101000
+652 0 *
Ve
1.5e-07
-0.00235557848500412 -1.64999831855975 0.95
0 0

0101101
*
Ed
 1e-07 1 1 0
1  55 0 0 0.45
2  109 13 8 0 0.45
2  110 14 5 0 0.45
0

0101000
+741 0 -650 0 *
Ve
1.50000000597873e-07
-0.683458367563165 -1.64999831855975 0.95
0 0

0101101
*
Ed
 1.5e-07 1 1 0
1  56 0 0.14154079171671 0.822643580794871
2  111 13 8 0.14154079171671 0.822643580794871
2  112 35 10 0.14154079171671 0.822643580794871
0

0101000
+648 0 -650 0 *
Ve
1.50000000457757e-07
-0.683458367563164 -1.64999831855975 1
0 0

0101101
*
Ed
 1.5e-07 1 1 0
1  57 0 -0.3 -0.25
2  113 13 8 -0.3 -0.25
2  114 34 10 -0.3 -0.25
0

0101000
+646 0 -648 0 *
Ed
 1e-07 1 1 0
1  58 0 0 0.966539950996585
2  115 13 14 0 0.966539950996585
2  116 33 0 0 0.966539950996585
0

0101000
+659 15 -646 15 *
Wi

0101100
-649 0 +647 0 +645 0 +644 13 +658 8 +740 0 *
Fa
0  1e-07 13 8

0101000
+643 0 *
Ve
1.5e-07
0.00235557848500345 -1.64999831855975 0.95
0 0

0101101
*
Ed
 1e-07 1 1 0
1  59 0 4.7109613565755 4.71381660419388
2  117 14 5 4.7109613565755 4.71381660419388
2  118 35 10 4.7109613565755 4.71381660419388
0

0101000
+650 0 -641 0 *
Ed
 1e-07 1 1 0
1  60 0 0 0.45
2  119 14 5 0 0.45
2  120 23 8 0 0.45
0

0101000
+706 0 -641 0 *
Wi

0101100
+705 5 +739 5 -649 0 -640 0 +639 0 *
Fa
0  1e-07 14 5

0101000
+638 0 *
Ve
1e-07
999 0 -999
0 0

0101101
*
Ed
 1e-07 1 1 0
1  61 0 0 999
2  121 15 0 0 999
2  122 16 0 0 999
0

0101000
+729 9 -636 9 *
Ve
1e-07
706.399674405361 706.399674405361 -999
0 0

0101101
*
Ed
 1e-07 1 1 0
1  62 0 0 999
2  123 15 0 0 999
2  124 17 0 0 999
0

0101000
+728 9 -634 9 *
Ed
 1e-07 1 1 0
1  63 17 0 764.601497865449
2  125 15 17 0 764.601497865449
2  126 36 17 0 764.601497865449
0

0101000
+636 18 -634 18 *
Wi

0101100
+635 0 -633 0 -727 0 +632 16 *
Fa
0  1e-07 15 0

0101000
+631 0 *
Ve
1e-07
706.399674405361 -706.399674405361 -999
0 0

0101101
*
Ed
 1e-07 1 1 0
1  64 0 0 999
2  127 16 0 0 999
2  128 18 0 0 999
0

0101000
+726 9 -629 9 *
Ed
 1e-07 1 1 0
1  65 17 0 764.60149786545
2  129 16 17 0 764.60149786545
2  130 36 17 0 764.60149786545
0

0101000
+629 18 -636 18 *
Wi

0101100
+628 0 -635 0 -725 0 +627 16 *
Fa
0  1e-07 16 0

0101000
+626 0 *
Ve
1e-07
6.11711076174103e-14 999 -999
0 0

0101101
*
Ed
 1e-07 1 1 0
1  66 0 0 999
2  131 17 0 0 999
2  132 19 0 0 999
0

0101000
+724 9 -624 9 *
Ed
 1e-07 1 1 0
1  67 17 0 764.601497865449
2  133 17 17 0 764.601497865449
2  134 36 17 0 764.601497865449
0

0101000
+634 18 -624 18 *
Wi

0101100
+633 0 -623 0 -723 0 +622 16 *
Fa
0  1e-07 17 0

0101000
+621 0 *
Ve
1e-07
-1.83513322852231e-13 -999 -999
0 0

0101101
*
Ed
 1e-07 1 1 0
1  68 0 0 999
2  135 18 0 0 999
2  136 20 0 0 999
0

0101000
+722 9 -619 9 *
Ed
 1e-07 1 1 0
1  69 17 0 764.601497865449
2  137 18 17 0 764.601497865449
2  138 36 17 0 764.601497865449
0

0101000
+619 18 -629 18 *
Wi

0101100
+618 0 -628 0 -721 0 +617 16 *
Fa
0  1e-07 18 0

0101000
+616 0 *
Ve
1e-07
-706.399674405361 706.399674405361 -999
0 0

0101101
*
Ed
 1e-07 1 1 0
1  70 0 0 999
2  139 19 0 0 999
2  140 21 0 0 999
0

0101000
+720 9 -614 9 *
Ed
 1e-07 1 1 0
1  71 17 0 764.601497865449
2  141 19 17 0 764.601497865449
2  142 36 17 0 764.601497865449
0

0101000
+624 18 -614 18 *
Wi

0101100
+623 0 -613 0 -719 0 +612 16 *
Fa
0  1e-07 19 0

0101000
+611 0 *
Ve
1e-07
-706.399674405361 -706.399674405361 -999
0 0

0101101
*
Ed
 1e-07 1 1 0
1  72 0 0 999
2  143 20 0 0 999
2  144 22 0 0 999
0

0101000
+718 9 -609 9 *
Ed
 1e-07 1 1 0
1  73 17 0 764.601497865449
2  145 20 17 0 764.601497865449
2  146 36 17 0 764.601497865449
0

0101000
+609 18 -619 18 *
Wi

0101100
+608 0 -618 0 -717 0 +607 16 *
Fa
0  1e-07 20 0

0101000
+606 0 *
Ve
1e-07
-999 1.22342215234821e-13 -999
0 0

0101101
*
Ed
 1e-07 1 1 0
1  74 0 0 999
2  147 21 0 0 999
2  148 22 0 0 999
0

0101000
+716 9 -604 9 *
Ed
 1e-07 1 1 0
1  75 17 0 764.601497865449
2  149 21 17 0 764.601497865449
2  150 36 17 0 764.601497865449
0

0101000
+614 18 -604 18 *
Wi

0101100
+613 0 -603 0 -715 0 +602 16 *
Fa
0  1e-07 21 0

0101000
+601 0 *
Ed
 1e-07 1 1 0
1  76 17 0 764.601497865449
2  151 22 17 0 764.601497865449
2  152 36 17 0 764.601497865449
0

0101000
+604 18 -609 18 *
Wi

0101100
+603 0 -608 0 -714 0 +599 16 *
Fa
0  1e-07 22 0

0101000
+598 0 *
Ve
1e-07
1.64999831855975 -1.64999831855975 1
0 0

0101101
*
Ed
 1e-07 1 1 0
1  77 0 0.05 0.55
2  153 23 0 0.05 0.55
2  154 24 0 0.05 0.55
0

0101000
+704 11 -596 11 *
Ve
1.50000000666134e-07
0.6834572495594 -1.64999831855975 1
0 0

0101101
*
Ed
 1e-07 1 1 0
1  78 0 2.33345556811915 3.2999966371195
2  155 23 14 2.33345556811915 3.2999966371195
2  156 37 0 2.33345556811915 3.2999966371195
0

0101000
+594 15 -596 15 *
Ve
1.50000000444089e-07
0.6834572495594 -1.64999831855975 0.95
0 0

0101101
*
Ed
 1.5e-07 1 1 0
1  79 0 0.25 0.3
2  157 23 8 0.25 0.3
2  158 38 10 0.25 0.3
0

0101000
+592 0 -594 0 *
Ed
 1.5e-07 1 1 0
1  80 0 0.827354737764878 1.50845640883927
2  159 23 8 0.827354737764878 1.50845640883927
2  160 35 10 0.827354737764878 1.50845640883927
0

0101000
+641 0 -592 0 *
Wi

0101100
-595 8 +593 13 +591 0 +590 0 +639 0 +703 0 *
Fa
0  1e-07 23 8

0101000
+589 0 *
Ve
1.5e-07
1.64999831855975 -0.0023555784851369 0.95
0 0

0101101
*
Ed
 1e-07 1 1 0
1  81 0 0 0.45
2  161 24 8 0 0.45
2  162 25 5 0 0.45
0

0101000
+702 0 -587 0 *
Ve
1.50000000444089e-07
1.64999831855975 -0.683458367563165 0.95
0 0

0101101
*
Ed
 1.5e-07 1 1 0
1  82 0 0.14154079171671 0.822643580794738
2  163 24 8 0.14154079171671 0.822643580794738
2  164 39 10 0.14154079171671 0.822643580794738
0

0101000
+585 0 -587 0 *
Ve
1.50000000444089e-07
1.64999831855975 -0.683458367563165 1
0 0

0101101
*
Ed
 1.5e-07 1 1 0
1  83 0 -0.3 -0.25
2  165 24 8 -0.3 -0.25
2  166 38 10 -0.3 -0.25
0

0101000
+583 0 -585 0 *
Ed
 1e-07 1 1 0
1  84 0 0 0.966539950996584
2  167 24 14 0 0.966539950996584
2  168 37 0 0 0.966539950996584
0

0101000
+596 15 -583 15 *
Wi

0101100
-586 0 +584 0 +582 0 +581 13 +595 8 +701 0 *
Fa
0  1e-07 24 8

0101000
+580 0 *
Ve
1.00000000404133e-07
1.65 -4.04133443718627e-16 0.95
0 0

0101101
*
Ed
 1e-07 1 1 0
1  85 0 0 0.45
2  169 25 0 0 0.45
2  170 26 0 0 0.45
4 CN 25 0 26 0
0

0101000
+700 7 -578 7 *
Ed
 1e-07 1 1 0
1  86 0 6.28175768337032 6.28318530717959
2  171 25 5 6.28175768337032 6.28318530717959
2  172 39 10 6.28175768337032 6.28318530717959
0

0101000
+587 0 -578 0 *
Wi

0101100
+577 5 +699 5 -586 0 -576 0 *
Fa
0  1e-07 25 5

0101000
+575 0 *
Ve
1.5e-07
1.64999831855975 0.0023555784851369 0.95
0 0

0101101
*
Ed
 1e-07 1 1 0
1  87 0 0 0.00142762380926768
2  173 26 5 0 0.00142762380926768
2  174 39 10 0 0.00142762380926768
0

0101000
+578 0 -573 0 *
Ed
 1e-07 1 1 0
1  88 0 0 0.45
2  175 26 5 0 0.45
2  176 27 8 0 0.45
0

0101000
+698 0 -573 0 *
Wi

0101100
-572 0 +571 0 +697 5 -577 5 *
Fa
0  1e-07 26 5

0101000
+570 0 *
Ve
1e-07
1.64999831855975 1.64999831855975 1
0 0

0101101
*
Ed
 1e-07 1 1 0
1  89 0 0.05 0.55
2  177 27 0 0.05 0.55
2  178 28 0 0.05 0.55
0

0101000
+696 11 -568 11 *
Ve
1.5e-07
1.64999831855975 0.6834572495594 1
0 0

0101101
*
Ed
 1e-07 1 1 0
1  90 0 2.33345556811915 3.2999966371195
2  179 27 14 2.33345556811915 3.2999966371195
2  180 40 0 2.33345556811915 3.2999966371195
0

0101000
+566 15 -568 15 *
Ve
1.50000000111022e-07
1.64999831855975 0.6834572495594 0.95
0 0

0101101
*
Ed
 1.5e-07 1 1 0
1  91 0 0.25 0.3
2  181 27 8 0.25 0.3
2  182 41 10 0.25 0.3
0

0101000
+564 0 -566 0 *
Ed
 1.5e-07 1 1 0
1  92 0 0.827354737765012 1.50845640883928
2  183 27 8 0.827354737765012 1.50845640883928
2  184 39 10 0.827354737765012 1.50845640883928
0

0101000
+573 0 -564 0 *
Wi

0101100
-567 8 +565 13 +563 0 +562 0 +571 0 +695 0 *
Fa
0  1e-07 27 8

0101000
+561 0 *
Ve
1.50000000222045e-07
0.683458367563164 1.64999831855975 0.95
0 0

0101101
*
Ed
 1.5e-07 1 1 0
1  93 0 0.14154079171671 0.822643580794682
2  185 28 8 0.14154079171671 0.822643580794682
2  186 29 10 0.14154079171671 0.822643580794682
0

0101000
+559 0 -689 0 *
Ve
1.50000000248253e-07
0.683458367563164 1.64999831855975 1
0 0

0101101
*
Ed
 1.5e-07 1 1 0
1  94 0 -0.3 -0.25
2  187 28 8 -0.3 -0.25
2  188 41 10 -0.3 -0.25
0

0101000
+557 0 -559 0 *
Ed
 1e-07 1 1 0
1  95 0 0 0.966539950996585
2  189 28 14 0 0.966539950996585
2  190 40 0 0 0.966539950996585
0

0101000
+568 15 -557 15 *
Wi

0101100
-688 0 +558 0 +556 0 +555 13 +567 8 +693 0 *
Fa
0  1e-07 28 8

0101000
+554 0 *
Ve
1e-07
-0.683452521747859 1.65000304636582 0.95
0 0

0101101
*
Ed
 1e-07 1 1 0
1  96 0 0 6.68613133517246e-06
2  191 29 0 0 6.68613133517246e-06
2  192 31 0 0 6.68613133517246e-06
0

0101000
+552 19 -678 19 *
Ve
1e-07
0.683454430316777 1.65000225581069 0.95
0 0

0101101
*
Ed
 1e-07 1 1 0
1  97 0 0 1.36690695206486
2  193 29 0 0 1.36690695206486
2  194 42 0 0 1.36690695206486
0

0101000
+550 19 -552 19 *
Ed
 1e-07 1 1 0
1  98 0 1.3669013839544 1.36690695206486
2  195 29 0 1.3669013839544 1.36690695206486
2  196 41 0 1.3669013839544 1.36690695206486
0

0101000
+559 19 -550 19 *
Wi

0101100
-558 0 -686 0 -676 0 +551 10 +549 10 +548 10 *
Fa
0  1e-07 29 10

0101000
+547 0 *
Ed
 1.5e-07 1 1 0
1  99 0 -1.02517464593819 0.341720051884881
2  197 30 13 -1.02517464593819 0.341720051884881
2  198 31 10 -1.02517464593819 0.341720051884881
0

0101000
+669 0 -680 0 *
Wi

0101100
+545 0 +667 13 +679 13 *
Fa
0  1e-07 30 13

0101000
+544 0 *
Ve
1e-07
-1.65000225581069 0.683454430316777 0.95
0 0

0101101
*
Ed
 1e-07 1 1 0
1  100 0 1.3669013839544 1.36690695206486
2  199 31 0 1.3669013839544 1.36690695206486
2  200 32 0 1.3669013839544 1.36690695206486
0

0101000
+671 19 -542 19 *
Ve
1e-07
-1.65000225581069 0.683454430316777 1.5
0 0

0101101
*
Ed
 1e-07 1 1 0
1  101 0 0 0.55
2  201 31 0 0 0.55
2  202 43 0 0 0.55
0

0101000
+542 19 -540 19 *
Ve
1.50000001421779e-07
-1.39880777437947 0.934648621189854 1.5
0 0

0101101
*
Ed
 1e-07 1 1 0
1  102 0 1.01166451508713 1.36690695206486
2  203 31 22 1.01166451508713 1.36690695206486
2  204 44 0 1.01166451508713 1.36690695206486
0

0101000
+538 23 -540 23 *
Ve
1.50000001650465e-07
-1.39880777437947 0.934648621189854 1.45
0 0

0101101
*
Ed
 1.5e-07 1 1 0
1  103 0 0.25 0.3
2  205 31 10 0.25 0.3
2  206 45 24 0.25 0.3
0

0101000
+536 0 -538 0 *
Ve
1.50000001093443e-07
-0.934647387937623 1.39880847073464 1.45
0 0

0101101
*
Ed
 1.5e-07 1 1 0
1  104 0 0.0135162430919564 0.669937777070915
2  207 31 10 0.0135162430919564 0.669937777070915
2  208 46 24 0.0135162430919564 0.669937777070915
0

0101000
+534 0 -536 0 *
Ve
1.50000001421779e-07
-0.934647387937623 1.39880847073464 1.5
0 0

0101101
*
Ed
 1.5e-07 1 1 0
1  105 0 -0.3 -0.25
2  209 31 10 -0.3 -0.25
2  210 47 24 -0.3 -0.25
0

0101000
+532 0 -534 0 *
Ve
1e-07
-0.683452521747859 1.65000304636582 1.5
0 0

0101101
*
Ed
 1e-07 1 1 0
1  106 0 0 0.355242981108172
2  211 31 22 0 0.355242981108172
2  212 48 0 0 0.355242981108172
0

0101000
+530 23 -532 23 *
Ed
 1e-07 1 1 0
1  107 0 0 0.55
2  213 31 0 0 0.55
2  214 42 0 0 0.55
0

0101000
+552 19 -530 19 *
Wi

0101100
-551 10 -677 0 +545 0 -668 0 -541 10 -539 10 +537 21 +535 0 +533 0 +531 0 
+529 21 +528 10 *
Fa
0  1e-07 31 10

0101000
+527 0 *
Ve
1e-07
-1.65000304636582 -0.683452521747859 0.95
0 0

0101101
*
Ed
 1e-07 1 1 0
1  108 0 0 6.68613133485844e-06
2  215 32 0 0 6.68613133485844e-06
2  216 34 0 0 6.68613133485844e-06
0

0101000
+525 19 -655 19 *
Ed
 1e-07 1 1 0
1  109 0 0 1.36690695206486
2  217 32 0 0 1.36690695206486
2  218 43 0 0 1.36690695206486
0

0101000
+542 19 -525 19 *
Wi

0101100
-670 0 -663 0 -653 0 +524 10 +523 10 +541 10 *
Fa
0  1e-07 32 10

0101000
+522 0 *
Ed
 1.5e-07 1 1 0
1  110 0 -1.02517464593819 0.341720051884881
2  219 33 13 -1.02517464593819 0.341720051884881
2  220 34 10 -1.02517464593819 0.341720051884881
0

0101000
+646 0 -657 0 *
Wi

0101100
+520 0 +644 13 +656 13 *
Fa
0  1e-07 33 13

0101000
+519 0 *
Ve
1e-07
-0.683454430316777 -1.65000225581069 0.95
0 0

0101101
*
Ed
 1e-07 1 1 0
1  111 0 1.3669013839544 1.36690695206486
2  221 34 0 1.3669013839544 1.36690695206486
2  222 35 0 1.3669013839544 1.36690695206486
0

0101000
+648 19 -517 19 *
Ve
1e-07
-0.683454430316777 -1.65000225581069 1.5
0 0

0101101
*
Ed
 1e-07 1 1 0
1  112 0 0 0.55
2  223 34 0 0 0.55
2  224 49 0 0 0.55
0

0101000
+517 19 -515 19 *
Ve
1.50000000628037e-07
-0.934648621189854 -1.39880777437947 1.5
0 0

0101101
*
Ed
 1e-07 1 1 0
1  113 0 1.01166451508713 1.36690695206486
2  225 34 22 1.01166451508713 1.36690695206486
2  226 50 0 1.01166451508713 1.36690695206486
0

0101000
+513 23 -515 23 *
Ve
1.50000000628037e-07
-0.934648621189854 -1.39880777437947 1.45
0 0

0101101
*
Ed
 1.5e-07 1 1 0
1  114 0 0.25 0.3
2  227 34 10 0.25 0.3
2  228 51 24 0.25 0.3
0

0101000
+511 0 -513 0 *
Ve
1.50000000800593e-07
-1.39880847073464 -0.934647387937623 1.45
0 0

0101101
*
Ed
 1.5e-07 1 1 0
1  115 0 0.0135162430919565 0.669937777070916
2  229 34 10 0.0135162430919565 0.669937777070916
2  230 52 24 0.0135162430919565 0.669937777070916
0

0101000
+509 0 -511 0 *
Ve
1.50000001110223e-07
-1.39880847073464 -0.934647387937623 1.5
0 0

0101101
*
Ed
 1.5e-07 1 1 0
1  116 0 -0.3 -0.25
2  231 34 10 -0.3 -0.25
2  232 53 24 -0.3 -0.25
0

0101000
+507 0 -509 0 *
Ve
1e-07
-1.65000304636582 -0.683452521747859 1.5
0 0

0101101
*
Ed
 1e-07 1 1 0
1  117 0 0 0.355242981108172
2  233 34 22 0 0.355242981108172
2  234 54 0 0 0.355242981108172
0

0101000
+505 23 -507 23 *
Ed
 1e-07 1 1 0
1  118 0 0 0.55
2  235 34 0 0 0.55
2  236 43 0 0 0.55
0

0101000
+525 19 -505 19 *
Wi

0101100
-524 10 -654 0 +520 0 -645 0 -516 10 -514 10 +512 21 +510 0 +508 0 +506 0 
+504 21 +503 10 *
Fa
0  1e-07 34 10

0101000
+502 0 *
Ve
1e-07
0.683452521747859 -1.65000304636582 0.95
0 0

0101101
*
Ed
 1e-07 1 1 0
1  119 0 0 1.36690695206486
2  237 35 0 0 1.36690695206486
2  238 49 0 0 1.36690695206486
0

0101000
+517 19 -500 19 *
Ed
 1e-07 1 1 0
1  120 0 0 6.68613133485844e-06
2  239 35 0 0 6.68613133485844e-06
2  240 38 0 0 6.68613133485844e-06
0

0101000
+500 19 -592 19 *
Wi

0101100
+499 10 +516 10 -647 0 -640 0 -590 0 +498 10 *
Fa
0  1e-07 35 10

0101000
+497 0 *
Wi

0101100
+632 0 +622 0 +612 0 +602 0 +599 0 +607 0 +617 0 +627 0 *
Fa
0  1e-07 36 17

0101000
+495 0 *
Ed
 1.5e-07 1 1 0
1  121 0 -1.02517464593819 0.341720051884882
2  241 37 13 -1.02517464593819 0.341720051884882
2  242 38 10 -1.02517464593819 0.341720051884882
0

0101000
+583 0 -594 0 *
Wi

0101100
+581 13 +593 13 +493 0 *
Fa
0  1e-07 37 13

0101000
+492 0 *
Ve
1e-07
1.65000225581069 -0.683454430316777 0.95
0 0

0101101
*
Ed
 1e-07 1 1 0
1  122 0 1.3669013839544 1.36690695206486
2  243 38 0 1.3669013839544 1.36690695206486
2  244 39 0 1.3669013839544 1.36690695206486
0

0101000
+585 19 -490 19 *
Ve
1e-07
1.65000225581069 -0.683454430316777 1.5
0 0

0101101
*
Ed
 1e-07 1 1 0
1  123 0 0 0.55
2  245 38 0 0 0.55
2  246 55 0 0 0.55
0

0101000
+490 19 -488 19 *
Ve
1.50000001734224e-07
1.39880777437947 -0.934648621189855 1.5
0 0

0101101
*
Ed
 1e-07 1 1 0
1  124 0 1.01166451508713 1.36690695206486
2  247 38 22 1.01166451508713 1.36690695206486
2  248 56 0 1.01166451508713 1.36690695206486
0

0101000
+486 23 -488 23 *
Ve
1.50000001884111e-07
1.39880777437947 -0.934648621189855 1.45
0 0

0101101
*
Ed
 1.5e-07 1 1 0
1  125 0 0.25 0.3
2  249 38 10 0.25 0.3
2  250 57 24 0.25 0.3
0

0101000
+484 0 -486 0 *
Ve
1.50000001294731e-07
0.934647387937624 -1.39880847073464 1.45
0 0

0101101
*
Ed
 1.5e-07 1 1 0
1  126 0 0.0135162430919577 0.669937777070914
2  251 38 10 0.0135162430919577 0.669937777070914
2  252 58 24 0.0135162430919577 0.669937777070914
0

0101000
+482 0 -484 0 *
Ve
1.5000000120089e-07
0.934647387937624 -1.39880847073464 1.5
0 0

0101101
*
Ed
 1.5e-07 1 1 0
1  127 0 -0.3 -0.25
2  253 38 10 -0.3 -0.25
2  254 59 24 -0.3 -0.25
0

0101000
+480 0 -482 0 *
Ve
1e-07
0.683452521747859 -1.65000304636582 1.5
0 0

0101101
*
Ed
 1e-07 1 1 0
1  128 0 0 0.355242981108174
2  255 38 22 0 0.355242981108174
2  256 60 0 0 0.355242981108174
0

0101000
+478 23 -480 23 *
Ed
 1e-07 1 1 0
1  129 0 0 0.55
2  257 38 0 0 0.55
2  258 49 0 0 0.55
0

0101000
+500 19 -478 19 *
Wi

0101100
-498 10 -591 0 +493 0 -582 0 -489 10 -487 10 +485 21 +483 0 +481 0 +479 0 
+477 21 +476 10 *
Fa
0  1e-07 38 10

0101000
+475 0 *
Ve
1e-07
1.65000304636582 0.683452521747859 0.95
0 0

0101101
*
Ed
 1e-07 1 1 0
1  130 0 0 6.68613133517246e-06
2  259 39 0 0 6.68613133517246e-06
2  260 41 0 0 6.68613133517246e-06
0

0101000
+473 19 -564 19 *
Ed
 1e-07 1 1 0
1  131 0 0 1.36690695206486
2  261 39 0 0 1.36690695206486
2  262 55 0 0 1.36690695206486
0

0101000
+490 19 -473 19 *
Wi

0101100
+489 10 -584 0 -576 0 -572 0 -562 0 +472 10 +471 10 *
Fa
0  1e-07 39 10

0101000
+470 0 *
Ed
 1.5e-07 1 1 0
1  132 0 -1.02517464593819 0.341720051884881
2  263 40 13 -1.02517464593819 0.341720051884881
2  264 41 10 -1.02517464593819 0.341720051884881
0

0101000
+557 0 -566 0 *
Wi

0101100
+565 13 +468 0 +555 13 *
Fa
0  1e-07 40 13

0101000
+467 0 *
Ve
1e-07
0.683454430316777 1.65000225581069 1.5
0 0

0101101
*
Ed
 1e-07 1 1 0
1  133 0 0 0.55
2  265 41 0 0 0.55
2  266 42 0 0 0.55
0

0101000
+550 19 -465 19 *
Ve
1.50000001336886e-07
0.934648621189854 1.39880777437947 1.5
0 0

0101101
*
Ed
 1e-07 1 1 0
1  134 0 1.01166451508713 1.36690695206486
2  267 41 22 1.01166451508713 1.36690695206486
2  268 61 0 1.01166451508713 1.36690695206486
0

0101000
+463 23 -465 23 *
Ve
1.50000001256074e-07
0.934648621189854 1.39880777437947 1.45
0 0

0101101
*
Ed
 1.5e-07 1 1 0
1  135 0 0.25 0.3
2  269 41 10 0.25 0.3
2  270 62 24 0.25 0.3
0

0101000
+461 0 -463 0 *
Ve
1.50000000597873e-07
1.39880847073464 0.934647387937623 1.45
0 0

0101101
*
Ed
 1.5e-07 1 1 0
1  136 0 0.0135162430919566 0.669937777070915
2  271 41 10 0.0135162430919566 0.669937777070915
2  272 63 24 0.0135162430919566 0.669937777070915
0

0101000
+459 0 -461 0 *
Ve
1.50000000333067e-07
1.39880847073464 0.934647387937623 1.5
0 0

0101101
*
Ed
 1.5e-07 1 1 0
1  137 0 -0.3 -0.25
2  273 41 10 -0.3 -0.25
2  274 64 24 -0.3 -0.25
0

0101000
+457 0 -459 0 *
Ve
1e-07
1.65000304636582 0.683452521747859 1.5
0 0

0101101
*
Ed
 1e-07 1 1 0
1  138 0 0 0.355242981108173
2  275 41 22 0 0.355242981108173
2  276 65 0 0 0.355242981108173
0

0101000
+455 23 -457 23 *
Ed
 1e-07 1 1 0
1  139 0 0 0.55
2  277 41 0 0 0.55
2  278 55 0 0 0.55
0

0101000
+473 19 -455 19 *
Wi

0101100
-472 10 -563 0 +468 0 -556 0 -548 10 -464 10 +462 21 +460 0 +458 0 +456 0 
+454 21 +453 10 *
Fa
0  1e-07 41 10

0101000
+452 0 *
Ve
1.50000002053913e-07
-0.328210084770186 1.65000284091019 1.5
0 0

0101101
*
Ed
 1e-07 1 1 0
1  140 0 1.01166451508713 1.36690695206486
2  279 42 22 1.01166451508713 1.36690695206486
2  280 48 0 1.01166451508713 1.36690695206486
0

0101000
+450 23 -530 23 *
Ve
1.50000001776357e-07
-0.328210084770186 1.65000284091019 1.45
0 0

0101101
*
Ed
 1.5e-07 1 1 0
1  141 0 0.25 0.3
2  281 42 10 0.25 0.3
2  282 47 24 0.25 0.3
0

0101000
+448 0 -450 0 *
Ve
1.50000002101374e-07
0.328211449208665 1.65000246126664 1.45
0 0

0101101
*
Ed
 1.5e-07 1 1 0
1  142 0 0.0135162430919552 0.669937777070916
2  283 42 10 0.0135162430919552 0.669937777070916
2  284 66 24 0.0135162430919552 0.669937777070916
0

0101000
+446 0 -448 0 *
Ve
1.50000001831027e-07
0.328211449208665 1.65000246126664 1.5
0 0

0101101
*
Ed
 1.5e-07 1 1 0
1  143 0 -0.3 -0.25
2  285 42 10 -0.3 -0.25
2  286 62 24 -0.3 -0.25
0

0101000
+444 0 -446 0 *
Ed
 1e-07 1 1 0
1  144 0 0 0.355242981108172
2  287 42 22 0 0.355242981108172
2  288 61 0 0 0.355242981108172
0

0101000
+465 23 -444 23 *
Wi

0101100
-549 10 -528 10 +449 21 +447 0 +445 0 +443 0 +442 21 +464 10 *
Fa
0  1e-07 42 10

0101000
+441 0 *
Ve
1.50000000610623e-07
-1.65000284091019 -0.328210084770185 1.5
0 0

0101101
*
Ed
 1e-07 1 1 0
1  145 0 1.01166451508713 1.36690695206486
2  289 43 22 1.01166451508713 1.36690695206486
2  290 54 0 1.01166451508713 1.36690695206486
0

0101000
+439 23 -505 23 *
Ve
1.50000000610623e-07
-1.65000284091019 -0.328210084770185 1.45
0 0

0101101
*
Ed
 1.5e-07 1 1 0
1  146 0 0.25 0.3
2  291 43 10 0.25 0.3
2  292 53 24 0.25 0.3
0

0101000
+437 0 -439 0 *
Ve
1.50000001299483e-07
-1.65000246126664 0.328211449208664 1.45
0 0

0101101
*
Ed
 1.5e-07 1 1 0
1  147 0 0.0135162430919564 0.669937777070915
2  293 43 10 0.0135162430919564 0.669937777070915
2  294 67 24 0.0135162430919564 0.669937777070915
0

0101000
+435 0 -437 0 *
Ve
1.50000001510067e-07
-1.65000246126664 0.328211449208664 1.5
0 0

0101101
*
Ed
 1.5e-07 1 1 0
1  148 0 -0.3 -0.25
2  295 43 10 -0.3 -0.25
2  296 45 24 -0.3 -0.25
0

0101000
+433 0 -435 0 *
Ed
 1e-07 1 1 0
1  149 0 0 0.355242981108172
2  297 43 22 0 0.355242981108172
2  298 44 0 0 0.355242981108172
0

0101000
+540 23 -433 23 *
Wi

0101100
-523 10 -503 10 +438 21 +436 0 +434 0 +432 0 +431 21 +539 10 *
Fa
0  1e-07 43 10

0101000
+430 0 *
Ed
 1.5e-07 1 1 0
1  150 0 -0.492304346604431 0.164098589312894
2  299 44 21 -0.492304346604431 0.164098589312894
2  300 45 24 -0.492304346604431 0.164098589312894
0

0101000
+433 0 -538 0 *
Wi

0101100
+428 0 +431 21 +537 21 *
Fa
0  1e-07 44 21

0101000
+427 0 *
Ve
1e-07
-1.39880602880394 0.934652835378858 1.45
0 0

0101101
*
Ed
 1e-07 1 1 0
1  151 0 0 4.56140580230241e-06
2  301 45 0 0 4.56140580230241e-06
2  302 46 0 0 4.56140580230241e-06
0

0101000
+425 26 -536 26 *
Ve
1e-07
-1.6500044150779 0.328206732294494 1.45
0 0

0101101
*
Ed
 1e-07 1 1 0
1  152 0 0.656407497323128 0.656412602874786
2  303 45 0 0.656407497323128 0.656412602874786
2  304 67 0 0.656407497323128 0.656412602874786
0

0101000
+435 26 -423 26 *
Ve
1e-07
-1.6500044150779 0.328206732294494 2
0 0

0101101
*
Ed
 1e-07 1 1 0
1  153 0 0 0.55
2  305 45 0 0 0.55
2  306 68 0 0 0.55
0

0101000
+423 26 -421 26 *
Ve
1.00000002286763e-07
-1.58656373342367 0.481365973231117 2
0 0

0101101
*
Ed
 1e-07 1 1 0
1  154 0 0.490634217151448 0.656412602874786
2  307 45 29 0.490634217151448 0.656412602874786
2  308 69 0 0.490634217151448 0.656412602874786
0

0101000
+419 30 -421 30 *
Ve
1.50000000355445e-07
-1.58656373342367 0.48136597323112 1.95
0 0

0101101
*
Ed
 1e-07 1 1 0
1  155 0 0 0.05
2  309 45 24 0 0.05
2  310 70 31 0 0.05
0

0101000
+417 0 -419 0 *
Ve
1.50000000333067e-07
-1.46224671045818 0.781493594442234 1.95
0 0

0101101
*
Ed
 1.5e-07 1 1 0
1  156 0 0.00167523500464347 0.326531066432749
2  311 45 24 0.00167523500464347 0.326531066432749
2  312 71 31 0.00167523500464347 0.326531066432749
0

0101000
+415 0 -417 0 *
Ve
1.0000000204715e-07
-1.46224671045817 0.781493594442236 2
0 0

0101101
*
Ed
 1e-07 1 1 0
1  157 0 0 0.05
2  313 45 24 0 0.05
2  314 70 31 0 0.05
0

0101000
+415 0 -413 0 *
Ve
1e-07
-1.39880602880394 0.934652835378858 2
0 0

0101101
*
Ed
 1e-07 1 1 0
1  158 0 0 0.165778385723338
2  315 45 29 0 0.165778385723338
2  316 72 0 0 0.165778385723338
0

0101000
+411 30 -413 30 *
Ed
 1e-07 1 1 0
1  159 0 0 0.55
2  317 45 0 0 0.55
2  318 73 0 0 0.55
0

0101000
+425 26 -411 26 *
Wi

0101100
-424 24 -535 0 +428 0 -432 0 -422 24 -420 24 +418 28 +416 0 +414 0 -412 0 
+410 28 +409 24 *
Fa
0  1e-07 45 24

0101000
+408 0 *
Ve
1e-07
-0.934652104852813 1.39880651692584 1.45
0 0

0101101
*
Ed
 1e-07 1 1 0
1  160 0 0 0.656412602874786
2  319 46 0 0 0.656412602874786
2  320 73 0 0 0.656412602874786
0

0101000
+406 26 -425 26 *
Ed
 1e-07 1 1 0
1  161 0 0.656407497323128 0.656412602874786
2  321 46 0 0.656407497323128 0.656412602874786
2  322 47 0 0.656407497323128 0.656412602874786
0

0101000
+534 26 -406 26 *
Wi

0101100
-533 0 +424 24 +405 24 +404 24 *
Fa
0  1e-07 46 24

0101000
+403 0 *
Ve
1e-07
-0.32820587058027 1.65000458648352 1.45
0 0

0101101
*
Ed
 1e-07 1 1 0
1  162 0 0 4.56140580286233e-06
2  323 47 0 0 4.56140580286233e-06
2  324 66 0 0 4.56140580286233e-06
0

0101000
+401 26 -448 26 *
Ed
 1.5e-07 1 1 0
1  163 0 -0.492304346604431 0.164098589312894
2  325 47 24 -0.492304346604431 0.164098589312894
2  326 48 21 -0.492304346604431 0.164098589312894
0

0101000
+532 0 -450 0 *
Ve
1e-07
-0.934652104852813 1.39880651692584 2
0 0

0101101
*
Ed
 1e-07 1 1 0
1  164 0 0 0.55
2  327 47 0 0 0.55
2  328 73 0 0 0.55
0

0101000
+406 26 -398 26 *
Ve
1.00000000248253e-07
-0.78149283078434 1.46224711859271 2
0 0

0101101
*
Ed
 1e-07 1 1 0
1  165 0 0.490634217151449 0.656412602874786
2  329 47 29 0.490634217151449 0.656412602874786
2  330 74 0 0.490634217151449 0.656412602874786
0

0101000
+396 30 -398 30 *
Ve
1.50000000457757e-07
-0.781492830784338 1.46224711859271 1.95
0 0

0101101
*
Ed
 1e-07 1 1 0
1  166 0 0 0.05
2  331 47 24 0 0.05
2  332 70 31 0 0.05
0

0101000
+394 0 -396 0 *
Ve
1.50000000474287e-07
-0.481365144648745 1.58656398481665 1.95
0 0

0101101
*
Ed
 1.5e-07 1 1 0
1  167 0 0.00167523500464351 0.326531066432749
2  333 47 24 0.00167523500464351 0.326531066432749
2  334 75 31 0.00167523500464351 0.326531066432749
0

0101000
+392 0 -394 0 *
Ve
1.00000000277556e-07
-0.481365144648743 1.58656398481665 2
0 0

0101101
*
Ed
 1e-07 1 1 0
1  168 0 0 0.05
2  335 47 24 0 0.05
2  336 70 31 0 0.05
0

0101000
+392 0 -390 0 *
Ve
1e-07
-0.32820587058027 1.65000458648352 2
0 0

0101101
*
Ed
 1e-07 1 1 0
1  169 0 0 0.165778385723338
2  337 47 29 0 0.165778385723338
2  338 76 0 0 0.165778385723338
0

0101000
+388 30 -390 30 *
Ed
 1e-07 1 1 0
1  170 0 0 0.55
2  339 47 0 0 0.55
2  340 77 0 0 0.55
0

0101000
+401 26 -388 26 *
Wi

0101100
-400 24 -447 0 +399 0 -531 0 -404 24 -397 24 +395 28 +393 0 +391 0 -389 0 
+387 28 +386 24 *
Fa
0  1e-07 47 24

0101000
+385 0 *
Wi

0101100
+399 0 +529 21 +449 21 *
Fa
0  1e-07 48 21

0101000
+383 0 *
Ve
1.50000002286763e-07
0.328210084770185 -1.65000284091019 1.5
0 0

0101101
*
Ed
 1e-07 1 1 0
1  171 0 1.01166451508713 1.36690695206486
2  341 49 22 1.01166451508713 1.36690695206486
2  342 60 0 1.01166451508713 1.36690695206486
0

0101000
+381 23 -478 23 *
Ve
1.50000002342018e-07
0.328210084770185 -1.65000284091019 1.45
0 0

0101101
*
Ed
 1.5e-07 1 1 0
1  172 0 0.25 0.3
2  343 49 10 0.25 0.3
2  344 59 24 0.25 0.3
0

0101000
+379 0 -381 0 *
Ve
1.50000000808255e-07
-0.328211449208664 -1.65000246126664 1.45
0 0

0101101
*
Ed
 1.5e-07 1 1 0
1  173 0 0.013516243091956 0.669937777070915
2  345 49 10 0.013516243091956 0.669937777070915
2  346 78 24 0.013516243091956 0.669937777070915
0

0101000
+377 0 -379 0 *
Ve
1.50000000649741e-07
-0.328211449208664 -1.65000246126664 1.5
0 0

0101101
*
Ed
 1.5e-07 1 1 0
1  174 0 -0.3 -0.25
2  347 49 10 -0.3 -0.25
2  348 51 24 -0.3 -0.25
0

0101000
+375 0 -377 0 *
Ed
 1e-07 1 1 0
1  175 0 0 0.355242981108172
2  349 49 22 0 0.355242981108172
2  350 50 0 0 0.355242981108172
0

0101000
+515 23 -375 23 *
Wi

0101100
-499 10 -476 10 +380 21 +378 0 +376 0 +374 0 +373 21 +514 10 *
Fa
0  1e-07 49 10

0101000
+372 0 *
Ed
 1.5e-07 1 1 0
1  176 0 -0.492304346604431 0.164098589312894
2  351 50 21 -0.492304346604431 0.164098589312894
2  352 51 24 -0.492304346604431 0.164098589312894
0

0101000
+375 0 -513 0 *
Wi

0101100
+373 21 +512 21 +370 0 *
Fa
0  1e-07 50 21

0101000
+369 0 *
Ve
1e-07
-0.934652835378859 -1.39880602880394 1.45
0 0

0101101
*
Ed
 1e-07 1 1 0
1  177 0 0 4.56140580230241e-06
2  353 51 0 0 4.56140580230241e-06
2  354 52 0 0 4.56140580230241e-06
0

0101000
+367 26 -511 26 *
Ve
1e-07
-0.328206732294495 -1.6500044150779 1.45
0 0

0101101
*
Ed
 1e-07 1 1 0
1  178 0 0.656407497323127 0.656412602874786
2  355 51 0 0.656407497323127 0.656412602874786
2  356 78 0 0.656407497323127 0.656412602874786
0

0101000
+377 26 -365 26 *
Ve
1e-07
-0.328206732294495 -1.6500044150779 2
0 0

0101101
*
Ed
 1e-07 1 1 0
1  179 0 0 0.55
2  357 51 0 0 0.55
2  358 79 0 0 0.55
0

0101000
+365 26 -363 26 *
Ve
1.00000002443121e-07
-0.481365973231119 -1.58656373342367 2
0 0

0101101
*
Ed
 1e-07 1 1 0
1  180 0 0.490634217151446 0.656412602874786
2  359 51 29 0.490634217151446 0.656412602874786
2  360 80 0 0.490634217151446 0.656412602874786
0

0101000
+361 30 -363 30 *
Ve
1.50000000523691e-07
-0.481365973231119 -1.58656373342367 1.95
0 0

0101101
*
Ed
 1e-07 1 1 0
1  181 0 0 0.05
2  361 51 24 0 0.05
2  362 70 31 0 0.05
0

0101000
+359 0 -361 0 *
Ve
1.50000000333067e-07
-0.781493594442234 -1.46224671045818 1.95
0 0

0101101
*
Ed
 1.5e-07 1 1 0
1  182 0 0.00167523500464326 0.32653106643275
2  363 51 24 0.00167523500464326 0.32653106643275
2  364 81 31 0.00167523500464326 0.32653106643275
0

0101000
+357 0 -359 0 *
Ve
1.00000002482534e-07
-0.781493594442234 -1.46224671045818 2
0 0

0101101
*
Ed
 1e-07 1 1 0
1  183 0 0 0.05
2  365 51 24 0 0.05
2  366 70 31 0 0.05
0

0101000
+357 0 -355 0 *
Ve
1e-07
-0.934652835378859 -1.39880602880394 2
0 0

0101101
*
Ed
 1e-07 1 1 0
1  184 0 0 0.16577838572334
2  367 51 29 0 0.16577838572334
2  368 82 0 0 0.16577838572334
0

0101000
+353 30 -355 30 *
Ed
 1e-07 1 1 0
1  185 0 0 0.55
2  369 51 0 0 0.55
2  370 83 0 0 0.55
0

0101000
+367 26 -353 26 *
Wi

0101100
-366 24 -510 0 +370 0 -374 0 -364 24 -362 24 +360 28 +358 0 +356 0 -354 0 
+352 28 +351 24 *
Fa
0  1e-07 51 24

0101000
+350 0 *
Ve
1e-07
-1.39880651692584 -0.934652104852813 1.45
0 0

0101101
*
Ed
 1e-07 1 1 0
1  186 0 0 0.656412602874786
2  371 52 0 0 0.656412602874786
2  372 83 0 0 0.656412602874786
0

0101000
+348 26 -367 26 *
Ed
 1e-07 1 1 0
1  187 0 0.656407497323127 0.656412602874786
2  373 52 0 0.656407497323127 0.656412602874786
2  374 53 0 0.656407497323127 0.656412602874786
0

0101000
+509 26 -348 26 *
Wi

0101100
+366 24 +347 24 +346 24 -508 0 *
Fa
0  1e-07 52 24

0101000
+345 0 *
Ve
1e-07
-1.65000458648352 -0.328205870580269 1.45
0 0

0101101
*
Ed
 1e-07 1 1 0
1  188 0 0 4.56140580171795e-06
2  375 53 0 0 4.56140580171795e-06
2  376 67 0 0 4.56140580171795e-06
0

0101000
+343 26 -437 26 *
Ed
 1.5e-07 1 1 0
1  189 0 -0.492304346604431 0.164098589312895
2  377 53 24 -0.492304346604431 0.164098589312895
2  378 54 21 -0.492304346604431 0.164098589312895
0

0101000
+507 0 -439 0 *
Ve
1e-07
-1.39880651692584 -0.934652104852813 2
0 0

0101101
*
Ed
 1e-07 1 1 0
1  190 0 0 0.55
2  379 53 0 0 0.55
2  380 83 0 0 0.55
0

0101000
+348 26 -340 26 *
Ve
1.00000001241267e-07
-1.46224711859271 -0.781492830784338 2
0 0

0101101
*
Ed
 1e-07 1 1 0
1  191 0 0.490634217151447 0.656412602874786
2  381 53 29 0.490634217151447 0.656412602874786
2  382 84 0 0.490634217151447 0.656412602874786
0

0101000
+338 30 -340 30 *
Ve
1.50000000702167e-07
-1.46224711859271 -0.781492830784336 1.95
0 0

0101101
*
Ed
 1e-07 1 1 0
1  192 0 0 0.05
2  383 53 24 0 0.05
2  384 70 31 0 0.05
0

0101000
+336 0 -338 0 *
Ve
1.50000000496507e-07
-1.58656398481665 -0.481365144648746 1.95
0 0

0101101
*
Ed
 1.5e-07 1 1 0
1  193 0 0.00167523500464486 0.326531066432747
2  385 53 24 0.00167523500464486 0.326531066432747
2  386 85 31 0.00167523500464486 0.326531066432747
0

0101000
+334 0 -336 0 *
Ve
1.0000000120089e-07
-1.58656398481665 -0.481365144648744 2
0 0

0101101
*
Ed
 1e-07 1 1 0
1  194 0 0 0.05
2  387 53 24 0 0.05
2  388 70 31 0 0.05
0

0101000
+334 0 -332 0 *
Ve
1e-07
-1.65000458648352 -0.328205870580269 2
0 0

0101101
*
Ed
 1e-07 1 1 0
1  195 0 0 0.165778385723339
2  389 53 29 0 0.165778385723339
2  390 86 0 0 0.165778385723339
0

0101000
+330 30 -332 30 *
Ed
 1e-07 1 1 0
1  196 0 0 0.55
2  391 53 0 0 0.55
2  392 68 0 0 0.55
0

0101000
+343 26 -330 26 *
Wi

0101100
-342 24 -436 0 +341 0 -506 0 -346 24 -339 24 +337 28 +335 0 +333 0 -331 0 
+329 28 +328 24 *
Fa
0  1e-07 53 24

0101000
+327 0 *
Wi

0101100
+341 0 +504 21 +438 21 *
Fa
0  1e-07 54 21

0101000
+325 0 *
Ve
1.500000004996e-07
1.65000284091019 0.328210084770186 1.5
0 0

0101101
*
Ed
 1e-07 1 1 0
1  197 0 1.01166451508713 1.36690695206486
2  393 55 22 1.01166451508713 1.36690695206486
2  394 65 0 1.01166451508713 1.36690695206486
0

0101000
+323 23 -455 23 *
Ve
1.5000000094369e-07
1.65000284091019 0.328210084770186 1.45
0 0

0101101
*
Ed
 1.5e-07 1 1 0
1  198 0 0.25 0.3
2  395 55 10 0.25 0.3
2  396 64 24 0.25 0.3
0

0101000
+321 0 -323 0 *
Ve
1.50000001093443e-07
1.65000246126664 -0.328211449208664 1.45
0 0

0101101
*
Ed
 1.5e-07 1 1 0
1  199 0 0.0135162430919559 0.669937777070916
2  397 55 10 0.0135162430919559 0.669937777070916
2  398 87 24 0.0135162430919559 0.669937777070916
0

0101000
+319 0 -321 0 *
Ve
1.50000001195747e-07
1.65000246126664 -0.328211449208665 1.5
0 0

0101101
*
Ed
 1.5e-07 1 1 0
1  200 0 -0.3 -0.25
2  399 55 10 -0.3 -0.25
2  400 57 24 -0.3 -0.25
0

0101000
+317 0 -319 0 *
Ed
 1e-07 1 1 0
1  201 0 0 0.355242981108172
2  401 55 22 0 0.355242981108172
2  402 56 0 0 0.355242981108172
0

0101000
+488 23 -317 23 *
Wi

0101100
-471 10 -453 10 +322 21 +320 0 +318 0 +316 0 +315 21 +487 10 *
Fa
0  1e-07 55 10

0101000
+314 0 *
Ed
 1.5e-07 1 1 0
1  202 0 -0.492304346604431 0.164098589312895
2  403 56 21 -0.492304346604431 0.164098589312895
2  404 57 24 -0.492304346604431 0.164098589312895
0

0101000
+317 0 -486 0 *
Wi

0101100
+315 21 +485 21 +312 0 *
Fa
0  1e-07 56 21

0101000
+311 0 *
Ve
1e-07
1.39880602880394 -0.934652835378859 1.45
0 0

0101101
*
Ed
 1e-07 1 1 0
1  203 0 0 4.56140580120933e-06
2  405 57 0 0 4.56140580120933e-06
2  406 58 0 0 4.56140580120933e-06
0

0101000
+309 26 -484 26 *
Ve
1e-07
1.6500044150779 -0.328206732294495 1.45
0 0

0101101
*
Ed
 1e-07 1 1 0
1  204 0 0.656407497323127 0.656412602874786
2  407 57 0 0.656407497323127 0.656412602874786
2  408 87 0 0.656407497323127 0.656412602874786
0

0101000
+319 26 -307 26 *
Ve
1e-07
1.6500044150779 -0.328206732294495 2
0 0

0101101
*
Ed
 1e-07 1 1 0
1  205 0 0 0.55
2  409 57 0 0 0.55
2  410 88 0 0 0.55
0

0101000
+307 26 -305 26 *
Ve
1.00000000610623e-07
1.58656373342367 -0.481365973231117 2
0 0

0101101
*
Ed
 1e-07 1 1 0
1  206 0 0.490634217151448 0.656412602874786
2  411 57 29 0.490634217151448 0.656412602874786
2  412 89 0 0.490634217151448 0.656412602874786
0

0101000
+303 30 -305 30 *
Ve
1.50000000543896e-07
1.58656373342367 -0.481365973231121 1.95
0 0

0101101
*
Ed
 1e-07 1 1 0
1  207 0 0 0.05
2  413 57 24 0 0.05
2  414 70 31 0 0.05
0

0101000
+301 0 -303 0 *
Ve
1.50000000333067e-07
1.46224671045818 -0.781493594442235 1.95
0 0

0101101
*
Ed
 1.5e-07 1 1 0
1  208 0 0.00167523500464365 0.326531066432749
2  415 57 24 0.00167523500464365 0.326531066432749
2  416 90 31 0.00167523500464365 0.326531066432749
0

0101000
+299 0 -301 0 *
Ve
1.00000000333067e-07
1.46224671045817 -0.781493594442237 2
0 0

0101101
*
Ed
 1e-07 1 1 0
1  209 0 0 0.05
2  417 57 24 0 0.05
2  418 70 31 0 0.05
0

0101000
+299 0 -297 0 *
Ve
1e-07
1.39880602880394 -0.934652835378859 2
0 0

0101101
*
Ed
 1e-07 1 1 0
1  210 0 0 0.165778385723337
2  419 57 29 0 0.165778385723337
2  420 91 0 0 0.165778385723337
0

0101000
+295 30 -297 30 *
Ed
 1e-07 1 1 0
1  211 0 0 0.55
2  421 57 0 0 0.55
2  422 92 0 0 0.55
0

0101000
+309 26 -295 26 *
Wi

0101100
-308 24 -483 0 +312 0 -316 0 -306 24 -304 24 +302 28 +300 0 +298 0 -296 0 
+294 28 +293 24 *
Fa
0  1e-07 57 24

0101000
+292 0 *
Ve
1e-07
0.934652104852813 -1.39880651692584 1.45
0 0

0101101
*
Ed
 1e-07 1 1 0
1  212 0 0 0.656412602874785
2  423 58 0 0 0.656412602874785
2  424 92 0 0 0.656412602874785
0

0101000
+290 26 -309 26 *
Ed
 1e-07 1 1 0
1  213 0 0.656407497323128 0.656412602874787
2  425 58 0 0.656407497323128 0.656412602874787
2  426 59 0 0.656407497323128 0.656412602874787
0

0101000
+482 26 -290 26 *
Wi

0101100
+308 24 +289 24 +288 24 -481 0 *
Fa
0  1e-07 58 24

0101000
+287 0 *
Ve
1e-07
0.328205870580269 -1.65000458648352 1.45
0 0

0101101
*
Ed
 1e-07 1 1 0
1  214 0 0 4.56140580221321e-06
2  427 59 0 0 4.56140580221321e-06
2  428 78 0 0 4.56140580221321e-06
0

0101000
+285 26 -379 26 *
Ed
 1.5e-07 1 1 0
1  215 0 -0.492304346604432 0.164098589312895
2  429 59 24 -0.492304346604432 0.164098589312895
2  430 60 21 -0.492304346604432 0.164098589312895
0

0101000
+480 0 -381 0 *
Ve
1e-07
0.934652104852813 -1.39880651692584 2
0 0

0101101
*
Ed
 1e-07 1 1 0
1  216 0 0 0.55
2  431 59 0 0 0.55
2  432 92 0 0 0.55
0

0101000
+290 26 -282 26 *
Ve
1.00000001180183e-07
0.781492830784341 -1.46224711859271 2
0 0

0101101
*
Ed
 1e-07 1 1 0
1  217 0 0.49063421715145 0.656412602874787
2  433 59 29 0.49063421715145 0.656412602874787
2  434 93 0 0.49063421715145 0.656412602874787
0

0101000
+280 30 -282 30 *
Ve
1.50000000314018e-07
0.78149283078434 -1.46224711859271 1.95
0 0

0101101
*
Ed
 1e-07 1 1 0
1  218 0 0 0.05
2  435 59 24 0 0.05
2  436 70 31 0 0.05
0

0101000
+278 0 -280 0 *
Ve
1.50000000228878e-07
0.481365144648743 -1.58656398481665 1.95
0 0

0101101
*
Ed
 1.5e-07 1 1 0
1  219 0 0.00167523500464149 0.326531066432752
2  437 59 24 0.00167523500464149 0.326531066432752
2  438 94 31 0.00167523500464149 0.326531066432752
0

0101000
+276 0 -278 0 *
Ve
1.00000000832667e-07
0.481365144648742 -1.58656398481665 2
0 0

0101101
*
Ed
 1e-07 1 1 0
1  220 0 0 0.05
2  439 59 24 0 0.05
2  440 70 31 0 0.05
0

0101000
+276 0 -274 0 *
Ve
1e-07
0.328205870580269 -1.65000458648352 2
0 0

0101101
*
Ed
 1e-07 1 1 0
1  221 0 0 0.165778385723338
2  441 59 29 0 0.165778385723338
2  442 95 0 0 0.165778385723338
0

0101000
+272 30 -274 30 *
Ed
 1e-07 1 1 0
1  222 0 0 0.55
2  443 59 0 0 0.55
2  444 79 0 0 0.55
0

0101000
+285 26 -272 26 *
Wi

0101100
-284 24 -378 0 +283 0 -479 0 -288 24 -281 24 +279 28 +277 0 +275 0 -273 0 
+271 28 +270 24 *
Fa
0  1e-07 59 24

0101000
+269 0 *
Wi

0101100
+477 21 +380 21 +283 0 *
Fa
0  1e-07 60 21

0101000
+267 0 *
Ed
 1.5e-07 1 1 0
1  223 0 -0.49230434660443 0.164098589312894
2  445 61 21 -0.49230434660443 0.164098589312894
2  446 62 24 -0.49230434660443 0.164098589312894
0

0101000
+444 0 -463 0 *
Wi

0101100
+265 0 +442 21 +462 21 *
Fa
0  1e-07 61 21

0101000
+264 0 *
Ve
1e-07
0.934652835378858 1.39880602880394 1.45
0 0

0101101
*
Ed
 1e-07 1 1 0
1  224 0 0 4.56140580230241e-06
2  447 62 0 0 4.56140580230241e-06
2  448 63 0 0 4.56140580230241e-06
0

0101000
+262 26 -461 26 *
Ve
1e-07
0.328206732294494 1.6500044150779 1.45
0 0

0101101
*
Ed
 1e-07 1 1 0
1  225 0 0.656407497323127 0.656412602874786
2  449 62 0 0.656407497323127 0.656412602874786
2  450 66 0 0.656407497323127 0.656412602874786
0

0101000
+446 26 -260 26 *
Ve
1e-07
0.328206732294494 1.6500044150779 2
0 0

0101101
*
Ed
 1e-07 1 1 0
1  226 0 0 0.55
2  451 62 0 0 0.55
2  452 77 0 0 0.55
0

0101000
+260 26 -258 26 *
Ve
1.00000002035829e-07
0.481365973231119 1.58656373342367 2
0 0

0101101
*
Ed
 1e-07 1 1 0
1  227 0 0.490634217151446 0.656412602874786
2  453 62 29 0.490634217151446 0.656412602874786
2  454 96 0 0.490634217151446 0.656412602874786
0

0101000
+256 30 -258 30 *
Ve
1.50000000523691e-07
0.48136597323112 1.58656373342367 1.95
0 0

0101101
*
Ed
 1e-07 1 1 0
1  228 0 0 0.05
2  455 62 24 0 0.05
2  456 70 31 0 0.05
0

0101000
+254 0 -256 0 *
Ve
1.50000000333067e-07
0.781493594442234 1.46224671045818 1.95
0 0

0101101
*
Ed
 1.5e-07 1 1 0
1  229 0 0.00167523500464376 0.326531066432749
2  457 62 24 0.00167523500464376 0.326531066432749
2  458 97 31 0.00167523500464376 0.326531066432749
0

0101000
+252 0 -254 0 *
Ve
1.0000000189715e-07
0.781493594442235 1.46224671045818 2
0 0

0101101
*
Ed
 1e-07 1 1 0
1  230 0 0 0.05
2  459 62 24 0 0.05
2  460 70 31 0 0.05
0

0101000
+252 0 -250 0 *
Ve
1e-07
0.934652835378858 1.39880602880394 2
0 0

0101101
*
Ed
 1e-07 1 1 0
1  231 0 0 0.165778385723339
2  461 62 29 0 0.165778385723339
2  462 98 0 0 0.165778385723339
0

0101000
+248 30 -250 30 *
Ed
 1e-07 1 1 0
1  232 0 0 0.55
2  463 62 0 0 0.55
2  464 99 0 0 0.55
0

0101000
+262 26 -248 26 *
Wi

0101100
-261 24 -460 0 +265 0 -443 0 -259 24 -257 24 +255 28 +253 0 +251 0 -249 0 
+247 28 +246 24 *
Fa
0  1e-07 62 24

0101000
+245 0 *
Ve
1e-07
1.39880651692584 0.934652104852813 1.45
0 0

0101101
*
Ed
 1e-07 1 1 0
1  233 0 0 0.656412602874786
2  465 63 0 0 0.656412602874786
2  466 99 0 0 0.656412602874786
0

0101000
+243 26 -262 26 *
Ed
 1e-07 1 1 0
1  234 0 0.656407497323128 0.656412602874786
2  467 63 0 0.656407497323128 0.656412602874786
2  468 64 0 0.656407497323128 0.656412602874786
0

0101000
+459 26 -243 26 *
Wi

0101100
-458 0 +261 24 +242 24 +241 24 *
Fa
0  1e-07 63 24

0101000
+240 0 *
Ve
1e-07
1.65000458648352 0.32820587058027 1.45
0 0

0101101
*
Ed
 1e-07 1 1 0
1  235 0 0 4.56140580231578e-06
2  469 64 0 0 4.56140580231578e-06
2  470 87 0 0 4.56140580231578e-06
0

0101000
+238 26 -321 26 *
Ed
 1.5e-07 1 1 0
1  236 0 -0.492304346604431 0.164098589312894
2  471 64 24 -0.492304346604431 0.164098589312894
2  472 65 21 -0.492304346604431 0.164098589312894
0

0101000
+457 0 -323 0 *
Ve
1e-07
1.39880651692584 0.934652104852813 2
0 0

0101101
*
Ed
 1e-07 1 1 0
1  237 0 0 0.55
2  473 64 0 0 0.55
2  474 99 0 0 0.55
0

0101000
+243 26 -235 26 *
Ve
1.0000000113221e-07
1.46224711859271 0.781492830784339 2
0 0

0101101
*
Ed
 1e-07 1 1 0
1  238 0 0.490634217151448 0.656412602874786
2  475 64 29 0.490634217151448 0.656412602874786
2  476 100 0 0.490634217151448 0.656412602874786
0

0101000
+233 30 -235 30 *
Ve
1.50000000314018e-07
1.46224711859271 0.781492830784336 1.95
0 0

0101101
*
Ed
 1e-07 1 1 0
1  239 0 0 0.05
2  477 64 24 0 0.05
2  478 70 31 0 0.05
0

0101000
+231 0 -233 0 *
Ve
1.50000000523691e-07
1.58656398481665 0.481365144648747 1.95
0 0

0101101
*
Ed
 1.5e-07 1 1 0
1  240 0 0.0016752350046452 0.326531066432748
2  479 64 24 0.0016752350046452 0.326531066432748
2  480 101 31 0.0016752350046452 0.326531066432748
0

0101000
+229 0 -231 0 *
Ve
1.00000001023575e-07
1.58656398481665 0.481365144648744 2
0 0

0101101
*
Ed
 1e-07 1 1 0
1  241 0 0 0.05
2  481 64 24 0 0.05
2  482 70 31 0 0.05
0

0101000
+229 0 -227 0 *
Ve
1e-07
1.65000458648352 0.32820587058027 2
0 0

0101101
*
Ed
 1e-07 1 1 0
1  242 0 0 0.165778385723339
2  483 64 29 0 0.165778385723339
2  484 102 0 0 0.165778385723339
0

0101000
+225 30 -227 30 *
Ed
 1e-07 1 1 0
1  243 0 0 0.55
2  485 64 0 0 0.55
2  486 88 0 0 0.55
0

0101000
+238 26 -225 26 *
Wi

0101100
-237 24 -320 0 +236 0 -456 0 -241 24 -234 24 +232 28 +230 0 +228 0 -226 0 
+224 28 +223 24 *
Fa
0  1e-07 64 24

0101000
+222 0 *
Wi

0101100
+322 21 +236 0 +454 21 *
Fa
0  1e-07 65 21

0101000
+220 0 *
Ed
 1e-07 1 1 0
1  244 0 0 0.656412602874786
2  487 66 0 0 0.656412602874786
2  488 77 0 0 0.656412602874786
0

0101000
+260 26 -401 26 *
Wi

0101100
-445 0 +400 24 +218 24 +259 24 *
Fa
0  1e-07 66 24

0101000
+217 0 *
Ed
 1e-07 1 1 0
1  245 0 0 0.656412602874786
2  489 67 0 0 0.656412602874786
2  490 68 0 0 0.656412602874786
0

0101000
+423 26 -343 26 *
Wi

0101100
-434 0 +342 24 +215 24 +422 24 *
Fa
0  1e-07 67 24

0101000
+214 0 *
Ve
1.00000002148683e-07
-1.65000454319467 -0.162427484856935 2
0 0

0101101
*
Ed
 1e-07 1 1 0
1  246 0 0.490634217151447 0.656412602874786
2  491 68 29 0.490634217151447 0.656412602874786
2  492 86 0 0.490634217151447 0.656412602874786
0

0101000
+212 30 -330 30 *
Ve
1.71330449323509e-07
-1.65000454319467 -0.162427484856934 1.95
0 0

0101101
*
Ed
 1e-07 1 1 0
1  247 0 0 0.05
2  493 68 24 0 0.05
2  494 70 31 0 0.05
0

0101000
+210 0 -212 0 *
Ve
1.50000000444089e-07
-1.65000445836675 0.16242834657116 1.95
0 0

0101101
*
Ed
 1.5e-07 1 1 0
1  248 0 0.0016752350046434 0.326531087763198
2  495 68 24 0.0016752350046434 0.326531087763198
2  496 103 31 0.0016752350046434 0.326531087763198
0

0101000
+208 0 -210 0 *
Ve
1.00000002081668e-07
-1.65000445836675 0.16242834657116 2
0 0

0101101
*
Ed
 1e-07 1 1 0
1  249 0 0 0.05
2  497 68 24 0 0.05
2  498 70 31 0 0.05
0

0101000
+208 0 -206 0 *
Ed
 1e-07 1 1 0
1  250 0 0 0.16577838572334
2  499 68 29 0 0.16577838572334
2  500 69 0 0 0.16577838572334
0

0101000
+421 30 -206 30 *
Wi

0101100
-215 24 -328 24 +211 28 +209 0 +207 0 -205 0 +204 28 +420 24 *
Fa
0  1e-07 68 24

0101000
+203 0 *
Ed
 1e-07 1 1 0
1  251 0 2.7488433518817 2.94529294435249
2  501 69 28 2.7488433518817 2.94529294435249
2  502 70 31 2.7488433518817 2.94529294435249
0

0101000
+419 0 -206 0 *
Wi

0101100
-201 0 +204 28 +418 28 *
Fa
0  1e-07 69 28

0101000
+200 0 *
Ve
1.00000000416334e-07
1.64999638400417 0.162510347895692 2
0 0

0101101
*
Ve
1e-07
1.64999638400417 0.162510347895692 2.5
0 0

0101101
*
Ed
 1e-07 1 1 0
1  252 0 0.05 0.55
3  503 504CN 70 0 0.05 0.55
0

0101000
+198 32 -197 32 *
Ve
1.00000001221561e-07
1.65000454319467 0.162427484856936 2
0 0

0101101
*
Ed
 1e-07 1 1 0
1  253 0 6.28313508717022 6.28318530717959
2  505 70 31 6.28313508717022 6.28318530717959
2  506 102 28 6.28313508717022 6.28318530717959
0

0101000
+195 0 -198 0 *
Ve
1.71330450711288e-07
1.65000454319467 0.162427484856933 1.95
0 0

0101101
*
Ed
 1e-07 1 1 0
1  254 0 0 0.05
2  507 70 31 0 0.05
2  508 88 24 0 0.05
0

0101000
+193 0 -195 0 *
Ve
1.50000000496507e-07
1.65000445836675 -0.16242834657116 1.95
0 0

0101101
*
Ed
 1e-07 1 1 0
1  255 0 6.08688559794228 6.28313508717022
2  509 70 0 6.08688559794228 6.28313508717022
2  510 104 0 6.08688559794228 6.28313508717022
0

0101000
+191 32 -193 32 *
Ve
1.00000001170022e-07
1.65000445836675 -0.162428346571162 2
0 0

0101101
*
Ed
 1e-07 1 1 0
1  256 0 0 0.05
2  511 70 31 0 0.05
2  512 88 24 0 0.05
0

0101000
+191 0 -189 0 *
Ed
 1e-07 1 1 0
1  257 0 5.89043600547149 6.08688559794228
2  513 70 31 5.89043600547149 6.08688559794228
2  514 89 28 5.89043600547149 6.08688559794228
0

0101000
+303 0 -189 0 *
Ed
 1e-07 1 1 0
1  258 0 5.69418651624356 5.89043600547149
2  515 70 0 5.69418651624356 5.89043600547149
2  516 90 0 5.69418651624356 5.89043600547149
0

0101000
+299 32 -301 32 *
Ve
1.00000001294731e-07
1.28158297747498 -1.05187582548815 2
0 0

0101101
*
Ed
 1e-07 1 1 0
1  259 0 5.49773692377277 5.69418651624355
2  517 70 31 5.49773692377277 5.69418651624355
2  518 91 28 5.49773692377277 5.69418651624355
0

0101000
+185 0 -297 0 *
Ve
1.50000000666134e-07
1.28158297747498 -1.05187582548815 1.95
0 0

0101101
*
Ed
 1e-07 1 1 0
1  260 0 0 0.05
2  519 70 31 0 0.05
2  520 92 24 0 0.05
0

0101000
+183 0 -185 0 *
Ve
1.50000000384593e-07
1.05187515618178 -1.28158352681655 1.95
0 0

0101101
*
Ed
 1e-07 1 1 0
1  261 0 5.30148743454483 5.49773692377277
2  521 70 0 5.30148743454483 5.49773692377277
2  522 105 0 5.30148743454483 5.49773692377277
0

0101000
+181 32 -183 32 *
Ve
1.00000001421779e-07
1.05187515618178 -1.28158352681655 2
0 0

0101101
*
Ed
 1e-07 1 1 0
1  262 0 0 0.05
2  523 70 31 0 0.05
2  524 92 24 0 0.05
0

0101000
+181 0 -179 0 *
Ed
 1e-07 1 1 0
1  263 0 5.10503784207405 5.30148743454483
2  525 70 31 5.10503784207405 5.30148743454483
2  526 93 28 5.10503784207405 5.30148743454483
0

0101000
+280 0 -179 0 *
Ed
 1e-07 1 1 0
1  264 0 4.90878835284611 5.10503784207405
2  527 70 0 4.90878835284611 5.10503784207405
2  528 94 0 4.90878835284611 5.10503784207405
0

0101000
+276 32 -278 32 *
Ve
1.00000002010699e-07
0.162427484856937 -1.65000454319467 2
0 0

0101101
*
Ed
 1e-07 1 1 0
1  265 0 4.71233876037532 4.90878835284611
2  529 70 31 4.71233876037532 4.90878835284611
2  530 95 28 4.71233876037532 4.90878835284611
0

0101000
+175 0 -274 0 *
Ve
1.71330448796154e-07
0.162427484856937 -1.65000454319467 1.95
0 0

0101101
*
Ed
 1e-07 1 1 0
1  266 0 0 0.05
2  531 70 31 0 0.05
2  532 79 24 0 0.05
0

0101000
+173 0 -175 0 *
Ve
1.50000000444089e-07
-0.162428346571164 -1.65000445836675 1.95
0 0

0101101
*
Ed
 1e-07 1 1 0
1  267 0 4.51608927114738 4.71233876037532
2  533 70 0 4.51608927114738 4.71233876037532
2  534 106 0 4.51608927114738 4.71233876037532
0

0101000
+171 32 -173 32 *
Ve
1.00000001955537e-07
-0.162428346571164 -1.65000445836675 2
0 0

0101101
*
Ed
 1e-07 1 1 0
1  268 0 0 0.05
2  535 70 31 0 0.05
2  536 79 24 0 0.05
0

0101000
+171 0 -169 0 *
Ed
 1e-07 1 1 0
1  269 0 4.3196396786766 4.51608927114738
2  537 70 31 4.3196396786766 4.51608927114738
2  538 80 28 4.3196396786766 4.51608927114738
0

0101000
+361 0 -169 0 *
Ed
 1e-07 1 1 0
1  270 0 4.12339018944866 4.3196396786766
2  539 70 0 4.12339018944866 4.3196396786766
2  540 81 0 4.12339018944866 4.3196396786766
0

0101000
+357 32 -359 32 *
Ve
1.00000002512148e-07
-1.05187582548815 -1.28158297747498 2
0 0

0101101
*
Ed
 1e-07 1 1 0
1  271 0 3.92694059697787 4.12339018944866
2  541 70 31 3.92694059697787 4.12339018944866
2  542 82 28 3.92694059697787 4.12339018944866
0

0101000
+165 0 -355 0 *
Ve
1.50000000628037e-07
-1.05187582548815 -1.28158297747497 1.95
0 0

0101101
*
Ed
 1e-07 1 1 0
1  272 0 0 0.05
2  543 70 31 0 0.05
2  544 83 24 0 0.05
0

0101000
+163 0 -165 0 *
Ve
1.50000000314018e-07
-1.28158352681655 -1.05187515618178 1.95
0 0

0101101
*
Ed
 1e-07 1 1 0
1  273 0 3.73069110774994 3.92694059697787
2  545 70 0 3.73069110774994 3.92694059697787
2  546 107 0 3.73069110774994 3.92694059697787
0

0101000
+161 32 -163 32 *
Ve
1.00000002198129e-07
-1.28158352681655 -1.05187515618178 2
0 0

0101101
*
Ed
 1e-07 1 1 0
1  274 0 0 0.05
2  547 70 31 0 0.05
2  548 83 24 0 0.05
0

0101000
+161 0 -159 0 *
Ed
 1e-07 1 1 0
1  275 0 3.53424151527915 3.73069110774994
2  549 70 31 3.53424151527915 3.73069110774994
2  550 84 28 3.53424151527915 3.73069110774994
0

0101000
+338 0 -159 0 *
Ed
 1e-07 1 1 0
1  276 0 3.33799202605121 3.53424151527915
2  551 70 0 3.33799202605121 3.53424151527915
2  552 85 0 3.33799202605121 3.53424151527915
0

0101000
+334 32 -336 32 *
Ed
 1e-07 1 1 0
1  277 0 3.14154243358042 3.33799202605121
2  553 70 31 3.14154243358042 3.33799202605121
2  554 86 28 3.14154243358042 3.33799202605121
0

0101000
+212 0 -332 0 *
Ed
 1e-07 1 1 0
1  278 0 2.94529294435249 3.14154243358042
2  555 70 0 2.94529294435249 3.14154243358042
2  556 103 0 2.94529294435249 3.14154243358042
0

0101000
+208 32 -210 32 *
Ed
 1e-07 1 1 0
1  279 0 2.55259386265376 2.7488433518817
2  557 70 0 2.55259386265376 2.7488433518817
2  558 71 0 2.55259386265376 2.7488433518817
0

0101000
+415 32 -417 32 *
Ve
1.00000002360367e-07
-1.28158297747498 1.05187582548815 2
0 0

0101101
*
Ed
 1e-07 1 1 0
1  280 0 2.35614427018298 2.55259386265376
2  559 70 31 2.35614427018298 2.55259386265376
2  560 72 28 2.35614427018298 2.55259386265376
0

0101000
+152 0 -413 0 *
Ve
1.50000000628037e-07
-1.28158297747498 1.05187582548815 1.95
0 0

0101101
*
Ed
 1e-07 1 1 0
1  281 0 0 0.05
2  561 70 31 0 0.05
2  562 73 24 0 0.05
0

0101000
+150 0 -152 0 *
Ve
1.50000000628037e-07
-1.05187515618178 1.28158352681655 1.95
0 0

0101101
*
Ed
 1e-07 1 1 0
1  282 0 2.15989478095504 2.35614427018298
2  563 70 0 2.15989478095504 2.35614427018298
2  564 108 0 2.15989478095504 2.35614427018298
0

0101000
+148 32 -150 32 *
Ve
1.00000002198129e-07
-1.05187515618178 1.28158352681655 2
0 0

0101101
*
Ed
 1e-07 1 1 0
1  283 0 0 0.05
2  565 70 31 0 0.05
2  566 73 24 0 0.05
0

0101000
+148 0 -146 0 *
Ed
 1e-07 1 1 0
1  284 0 1.96344518848425 2.15989478095504
2  567 70 31 1.96344518848425 2.15989478095504
2  568 74 28 1.96344518848425 2.15989478095504
0

0101000
+396 0 -146 0 *
Ed
 1e-07 1 1 0
1  285 0 1.76719569925632 1.96344518848425
2  569 70 0 1.76719569925632 1.96344518848425
2  570 75 0 1.76719569925632 1.96344518848425
0

0101000
+392 32 -394 32 *
Ve
1.00000002286763e-07
-0.162427484856935 1.65000454319467 2
0 0

0101101
*
Ed
 1e-07 1 1 0
1  286 0 1.57074610678553 1.76719569925631
2  571 70 31 1.57074610678553 1.76719569925631
2  572 76 28 1.57074610678553 1.76719569925631
0

0101000
+142 0 -390 0 *
Ve
1.71330449989643e-07
-0.162427484856933 1.65000454319467 1.95
0 0

0101101
*
Ed
 1e-07 1 1 0
1  287 0 0 0.05
2  573 70 31 0 0.05
2  574 77 24 0 0.05
0

0101000
+140 0 -142 0 *
Ve
1.50000000444089e-07
0.162428346571158 1.65000445836675 1.95
0 0

0101101
*
Ed
 1e-07 1 1 0
1  288 0 1.37449661755759 1.57074610678553
2  575 70 0 1.37449661755759 1.57074610678553
2  576 109 0 1.37449661755759 1.57074610678553
0

0101000
+138 32 -140 32 *
Ve
1.0000000219269e-07
0.16242834657116 1.65000445836675 2
0 0

0101101
*
Ed
 1e-07 1 1 0
1  289 0 0 0.05
2  577 70 31 0 0.05
2  578 77 24 0 0.05
0

0101000
+138 0 -136 0 *
Ed
 1e-07 1 1 0
1  290 0 1.1780470250868 1.37449661755759
2  579 70 31 1.1780470250868 1.37449661755759
2  580 96 28 1.1780470250868 1.37449661755759
0

0101000
+256 0 -136 0 *
Ed
 1e-07 1 1 0
1  291 0 0.981797535858867 1.1780470250868
2  581 70 0 0.981797535858867 1.1780470250868
2  582 97 0 0.981797535858867 1.1780470250868
0

0101000
+252 32 -254 32 *
Ve
1.00000000702167e-07
1.05187582548815 1.28158297747498 2
0 0

0101101
*
Ed
 1e-07 1 1 0
1  292 0 0.785347943388081 0.981797535858866
2  583 70 31 0.785347943388081 0.981797535858866
2  584 98 28 0.785347943388081 0.981797535858866
0

0101000
+132 0 -250 0 *
Ve
1.50000000384593e-07
1.05187582548815 1.28158297747498 1.95
0 0

0101101
*
Ed
 1e-07 1 1 0
1  293 0 0 0.05
2  585 70 31 0 0.05
2  586 99 24 0 0.05
0

0101000
+130 0 -132 0 *
Ve
1.50000000384593e-07
1.28158352681655 1.05187515618178 1.95
0 0

0101101
*
Ed
 1e-07 1 1 0
1  294 0 0.589098454160141 0.785347943388081
2  587 70 0 0.589098454160141 0.785347943388081
2  588 110 0 0.589098454160141 0.785347943388081
0

0101000
+128 32 -130 32 *
Ve
1.00000000496507e-07
1.28158352681655 1.05187515618178 2
0 0

0101101
*
Ed
 1e-07 1 1 0
1  295 0 0 0.05
2  589 70 31 0 0.05
2  590 99 24 0 0.05
0

0101000
+128 0 -126 0 *
Ed
 1e-07 1 1 0
1  296 0 0.392648861689357 0.589098454160142
2  591 70 31 0.392648861689357 0.589098454160142
2  592 100 28 0.392648861689357 0.589098454160142
0

0101000
+233 0 -126 0 *
Ed
 1e-07 1 1 0
1  297 0 0.19639937246142 0.392648861689355
2  593 70 0 0.19639937246142 0.392648861689355
2  594 101 0 0.19639937246142 0.392648861689355
0

0101000
+229 32 -231 32 *
Ed
 1e-07 1 1 0
1  298 0 0 0.196399372461418
2  595 70 31 0 0.196399372461418
2  596 102 28 0 0.196399372461418
0

0101000
+198 0 -227 0 *
Ed
 1e-07 1 1 0
1  299 0 0 6.28318530717959
2  597 70 0 0 6.28318530717959
2  598 111 0 0 6.28318530717959
0

0101000
+197 32 -197 32 *
Wi

0101100
+196 31 +194 0 +192 0 +190 31 -188 0 +187 0 +300 0 +186 31 -296 0 +184 0 
+182 0 +180 31 -178 0 +177 0 +277 0 +176 31 -273 0 +174 0 +172 0 +170 31 
-168 0 +167 0 +358 0 +166 31 -354 0 +164 0 +162 0 +160 31 -158 0 +157 0 
+335 0 +156 31 -331 0 +155 0 +209 0 +154 31 -205 0 +201 0 +416 0 +153 31 
-412 0 +151 0 +149 0 +147 31 -145 0 +144 0 +393 0 +143 31 -389 0 +141 0 
+139 0 +137 31 -135 0 +134 0 +253 0 +133 31 -249 0 +131 0 +129 0 +127 31 
-125 0 +124 0 +230 0 +123 31 -226 0 +122 0 -196 31 -121 31 *
Fa
0  1e-07 70 31

0101000
+120 0 *
Wi

0101100
-414 0 +153 31 *
Fa
0  1e-07 71 31

0101000
+118 0 *
Ed
 1e-07 1 1 0
1  300 0 0.490634217151449 0.656412602874786
2  599 72 0 0.490634217151449 0.656412602874786
2  600 73 29 0.490634217151449 0.656412602874786
0

0101000
+152 30 -411 30 *
Wi

0101100
-151 0 +410 28 +116 28 *
Fa
0  1e-07 72 28

0101000
+115 0 *
Ed
 1.5e-07 1 1 0
1  301 0 0.00167523500464098 0.326531066432751
2  601 73 24 0.00167523500464098 0.326531066432751
2  602 108 31 0.00167523500464098 0.326531066432751
0

0101000
+148 0 -150 0 *
Ed
 1e-07 1 1 0
1  302 0 0 0.165778385723337
2  603 73 29 0 0.165778385723337
2  604 74 0 0 0.165778385723337
0

0101000
+398 30 -146 30 *
Wi

0101100
-405 24 -409 24 +116 28 +149 0 +113 0 -145 0 +112 28 +397 24 *
Fa
0  1e-07 73 24

0101000
+111 0 *
Wi

0101100
-144 0 +112 28 +395 28 *
Fa
0  1e-07 74 28

0101000
+109 0 *
Wi

0101100
-391 0 +143 31 *
Fa
0  1e-07 75 31

0101000
+107 0 *
Ed
 1e-07 1 1 0
1  303 0 0.490634217151446 0.656412602874786
2  605 76 0 0.490634217151446 0.656412602874786
2  606 77 29 0.490634217151446 0.656412602874786
0

0101000
+142 30 -388 30 *
Wi

0101100
-141 0 +387 28 +105 28 *
Fa
0  1e-07 76 28

0101000
+104 0 *
Ed
 1.5e-07 1 1 0
1  304 0 0.00167523500464526 0.326531087763198
2  607 77 24 0.00167523500464526 0.326531087763198
2  608 109 31 0.00167523500464526 0.326531087763198
0

0101000
+138 0 -140 0 *
Ed
 1e-07 1 1 0
1  305 0 0 0.16577838572334
2  609 77 29 0 0.16577838572334
2  610 96 0 0 0.16577838572334
0

0101000
+258 30 -136 30 *
Wi

0101100
-218 24 -386 24 +105 28 +139 0 +102 0 -135 0 +101 28 +257 24 *
Fa
0  1e-07 77 24

0101000
+100 0 *
Ed
 1e-07 1 1 0
1  306 0 0 0.656412602874787
2  611 78 0 0 0.656412602874787
2  612 79 0 0 0.656412602874787
0

0101000
+365 26 -285 26 *
Wi

0101100
+284 24 +98 24 +364 24 -376 0 *
Fa
0  1e-07 78 24

0101000
+97 0 *
Ed
 1e-07 1 1 0
1  307 0 0.490634217151449 0.656412602874787
2  613 79 29 0.490634217151449 0.656412602874787
2  614 95 0 0.490634217151449 0.656412602874787
0

0101000
+175 30 -272 30 *
Ed
 1.5e-07 1 1 0
1  308 0 0.00167523500464037 0.326531087763201
2  615 79 24 0.00167523500464037 0.326531087763201
2  616 106 31 0.00167523500464037 0.326531087763201
0

0101000
+171 0 -173 0 *
Ed
 1e-07 1 1 0
1  309 0 0 0.165778385723337
2  617 79 29 0 0.165778385723337
2  618 80 0 0 0.165778385723337
0

0101000
+363 30 -169 30 *
Wi

0101100
-98 24 -270 24 +95 28 +172 0 +94 0 -168 0 +93 28 +362 24 *
Fa
0  1e-07 79 24

0101000
+92 0 *
Wi

0101100
+93 28 +360 28 -167 0 *
Fa
0  1e-07 80 28

0101000
+90 0 *
Wi

0101100
+166 31 -356 0 *
Fa
0  1e-07 81 31

0101000
+88 0 *
Ed
 1e-07 1 1 0
1  310 0 0.490634217151446 0.656412602874786
2  619 82 0 0.490634217151446 0.656412602874786
2  620 83 29 0.490634217151446 0.656412602874786
0

0101000
+165 30 -353 30 *
Wi

0101100
+352 28 +86 28 -164 0 *
Fa
0  1e-07 82 28

0101000
+85 0 *
Ed
 1.5e-07 1 1 0
1  311 0 0.00167523500464585 0.326531066432747
2  621 83 24 0.00167523500464585 0.326531066432747
2  622 107 31 0.00167523500464585 0.326531066432747
0

0101000
+161 0 -163 0 *
Ed
 1e-07 1 1 0
1  312 0 0 0.16577838572334
2  623 83 29 0 0.16577838572334
2  624 84 0 0 0.16577838572334
0

0101000
+340 30 -159 30 *
Wi

0101100
-347 24 -351 24 +86 28 +162 0 +83 0 -158 0 +82 28 +339 24 *
Fa
0  1e-07 83 24

0101000
+81 0 *
Wi

0101100
+82 28 +337 28 -157 0 *
Fa
0  1e-07 84 28

0101000
+79 0 *
Wi

0101100
+156 31 -333 0 *
Fa
0  1e-07 85 31

0101000
+77 0 *
Wi

0101100
-155 0 +329 28 +211 28 *
Fa
0  1e-07 86 28

0101000
+75 0 *
Ed
 1e-07 1 1 0
1  313 0 0 0.656412602874787
2  625 87 0 0 0.656412602874787
2  626 88 0 0 0.656412602874787
0

0101000
+307 26 -238 26 *
Wi

0101100
+73 24 +306 24 -318 0 +237 24 *
Fa
0  1e-07 87 24

0101000
+72 0 *
Ed
 1e-07 1 1 0
1  314 0 0.490634217151448 0.656412602874787
2  627 88 29 0.490634217151448 0.656412602874787
2  628 102 0 0.490634217151448 0.656412602874787
0

0101000
+195 30 -225 30 *
Ed
 1.5e-07 1 1 0
1  315 0 0.00167523500464453 0.326531087763199
2  629 88 24 0.00167523500464453 0.326531087763199
2  630 104 31 0.00167523500464453 0.326531087763199
0

0101000
+191 0 -193 0 *
Ed
 1e-07 1 1 0
1  316 0 0 0.165778385723339
2  631 88 29 0 0.165778385723339
2  632 89 0 0 0.165778385723339
0

0101000
+305 30 -189 30 *
Wi

0101100
-73 24 -223 24 +70 28 +192 0 +69 0 -188 0 +68 28 +304 24 *
Fa
0  1e-07 88 24

0101000
+67 0 *
Wi

0101100
+68 28 +302 28 -187 0 *
Fa
0  1e-07 89 28

0101000
+65 0 *
Wi

0101100
+186 31 -298 0 *
Fa
0  1e-07 90 31

0101000
+63 0 *
Ed
 1e-07 1 1 0
1  317 0 0.490634217151446 0.656412602874785
2  633 91 0 0.490634217151446 0.656412602874785
2  634 92 29 0.490634217151446 0.656412602874785
0

0101000
+185 30 -295 30 *
Wi

0101100
+294 28 +61 28 -184 0 *
Fa
0  1e-07 91 28

0101000
+60 0 *
Ed
 1.5e-07 1 1 0
1  318 0 0.00167523500464365 0.326531066432748
2  635 92 24 0.00167523500464365 0.326531066432748
2  636 105 31 0.00167523500464365 0.326531066432748
0

0101000
+181 0 -183 0 *
Ed
 1e-07 1 1 0
1  319 0 0 0.165778385723338
2  637 92 29 0 0.165778385723338
2  638 93 0 0 0.165778385723338
0

0101000
+282 30 -179 30 *
Wi

0101100
-289 24 -293 24 +61 28 +182 0 +58 0 -178 0 +57 28 +281 24 *
Fa
0  1e-07 92 24

0101000
+56 0 *
Wi

0101100
+57 28 +279 28 -177 0 *
Fa
0  1e-07 93 28

0101000
+54 0 *
Wi

0101100
+176 31 -275 0 *
Fa
0  1e-07 94 31

0101000
+52 0 *
Wi

0101100
+271 28 +95 28 -174 0 *
Fa
0  1e-07 95 28

0101000
+50 0 *
Wi

0101100
-134 0 +101 28 +255 28 *
Fa
0  1e-07 96 28

0101000
+48 0 *
Wi

0101100
-251 0 +133 31 *
Fa
0  1e-07 97 31

0101000
+46 0 *
Ed
 1e-07 1 1 0
1  320 0 0.490634217151448 0.656412602874786
2  639 98 0 0.490634217151448 0.656412602874786
2  640 99 29 0.490634217151448 0.656412602874786
0

0101000
+132 30 -248 30 *
Wi

0101100
-131 0 +247 28 +44 28 *
Fa
0  1e-07 98 28

0101000
+43 0 *
Ed
 1.5e-07 1 1 0
1  321 0 0.00167523500464067 0.326531066432752
2  641 99 24 0.00167523500464067 0.326531066432752
2  642 110 31 0.00167523500464067 0.326531066432752
0

0101000
+128 0 -130 0 *
Ed
 1e-07 1 1 0
1  322 0 0 0.165778385723338
2  643 99 29 0 0.165778385723338
2  644 100 0 0 0.165778385723338
0

0101000
+235 30 -126 30 *
Wi

0101100
-242 24 -246 24 +44 28 +129 0 +41 0 -125 0 +40 28 +234 24 *
Fa
0  1e-07 99 24

0101000
+39 0 *
Wi

0101100
-124 0 +40 28 +232 28 *
Fa
0  1e-07 100 28

0101000
+37 0 *
Wi

0101100
-228 0 +123 31 *
Fa
0  1e-07 101 31

0101000
+35 0 *
Wi

0101100
+70 28 -194 0 -122 0 +224 28 *
Fa
0  1e-07 102 28

0101000
+33 0 *
Wi

0101100
-207 0 +154 31 *
Fa
0  1e-07 103 31

0101000
+31 0 *
Wi

0101100
+190 31 -69 0 *
Fa
0  1e-07 104 31

0101000
+29 0 *
Wi

0101100
+180 31 -58 0 *
Fa
0  1e-07 105 31

0101000
+27 0 *
Wi

0101100
+170 31 -94 0 *
Fa
0  1e-07 106 31

0101000
+25 0 *
Wi

0101100
+160 31 -83 0 *
Fa
0  1e-07 107 31

0101000
+23 0 *
Wi

0101100
-113 0 +147 31 *
Fa
0  1e-07 108 31

0101000
+21 0 *
Wi

0101100
-102 0 +137 31 *
Fa
0  1e-07 109 31

0101000
+19 0 *
Wi

0101100
-41 0 +127 31 *
Fa
0  1e-07 110 31

0101000
+17 0 *
Wi

0101100
+121 31 *
Ve
1.00000000404133e-07
1.65 -4.04133443718627e-16 2.5
0 0

0101101
*
Ed
 1e-07 1 1 0
1  323 0 0 6.28318530717959
2  645 111 31 0 6.28318530717959
2  646 112 5 0 6.28318530717959
0

0101100
+14 0 -14 0 *
Wi

0101100
-13 0 *
Fa
0  1e-07 111 31

0101000
+15 0 +12 0 *
Ve
1e-07
1.65 -4.04133443718627e-16 999.05
0 0

0101101
*
Ed
 1e-07 1 1 0
1  324 0 2 998.55
3  647 648CN 112 0 2 998.55
0

0101000
+14 7 -10 7 *
Ed
 1e-07 1 1 0
1  325 0 0 6.28318530717959
2  649 112 0 0 6.28318530717959
2  650 113 0 0 6.28318530717959
0

0101000
+10 7 -10 7 *
Wi

0101100
+9 5 +13 0 -9 5 -8 5 *
Fa
0  1e-07 112 5

0101000
+7 0 *
Wi

0101100
+8 0 *
Fa
0  1e-07 113 0

0111000
+5 0 *
Sh

0101100
-763 0 -754 0 +737 0 +730 0 +710 0 +707 0 +690 0 +683 0 -674 0 -665 0 
+660 0 -651 0 -642 0 +637 0 +630 4 +625 4 +620 4 +615 4 +610 4 +605 4 
+600 4 +597 4 -588 0 -579 0 +574 0 +569 0 -560 0 -553 0 -546 0 +543 0 
-526 0 -521 0 +518 0 -501 0 -496 0 -494 25 +491 0 -474 0 -469 0 +466 0 
-451 0 -440 0 -429 0 +426 0 -407 0 -402 0 -384 0 +382 0 -371 0 +368 0 
-349 0 -344 0 -326 0 +324 0 -313 0 +310 0 -291 0 -286 0 -268 0 +266 0 
+263 0 -244 0 -239 0 -221 0 +219 0 -216 0 -213 0 -202 0 +199 0 +119 0 
-117 0 +114 0 -110 0 +108 0 -106 0 +103 0 -99 0 -96 0 -91 0 +89 0 
-87 0 +84 0 -80 0 +78 0 -76 0 +74 0 -71 0 -66 0 +64 0 -62 0 
+59 0 -55 0 +53 0 -51 0 +49 0 +47 0 -45 0 +42 0 -38 0 +36 0 
-34 0 +32 0 -30 0 -28 0 -26 0 -24 0 -22 0 -20 0 -18 0 -16 0 
+11 0 +6 0 +4 5 *
So

0100000
+3 0 *
Co

1100000
+2 0 *

+1 1 