DBRep_DrawableShape

CASCADE Topology V1, (c) Matra-Datavision
Locations 52
1
              1               0               0               0 
              0               1               0               0 
              0               0               1          -499.5 
1
              1               0               0         6.03586 
              0               1               0               0 
              0               0               1               0 
1
              1               0               0               0 
              0               1               0               0 
              0               0               1               0 
2  2 1 3 1 1 1 0
2  3 -1 2 -1 0
2  1 -1 0
1
              1               0               0               0 
              0               1               0               0 
              0               0               1               0 
1
2.22044604925031e-16              -1               0               0 
              1 2.22044604925031e-16               0               0 
              0               0               1              25 
2  7 1 8 1 0
2  2 1 3 1 0
1
              1               0               0               0 
              0               1               0               0 
              0               0               1               0 
2  11 1 3 1 0
2  2 1 11 -1 0
2  3 -1 11 -1 0
1
              1               0               0          -499.5 
              0               1               0           -1.65 
              0               0               1            -0.5 
2  8 -1 0
2  11 1 3 1 1 1 0
2  11 1 2 -1 0
2  15 1 8 1 0
2  15 -1 0
2  8 -1 15 -1 0
1
              1               0               0               0 
              0               1               0               0 
              0               0               1             0.5 
2  22 1 8 1 0
2  15 1 22 -1 0
2  22 -1 0
1
0.707106781186547 -0.707106781186548               0               0 
0.707106781186548 0.707106781186547               0               0 
              0               0               1            0.45 
1
0.923879753837354 -0.38268289803626               0               0 
0.38268289803626 0.923879753837354               0               0 
              0               0               1            0.95 
2  26 -1 0
1
              1               0               0               0 
              0               1               0               0 
              0               0               1            0.55 
2  29 1 26 1 0
2  29 -1 0
2  26 -1 29 -1 0
2  27 -1 0
1
              1               0               0               0 
              0               1               0               0 
              0               0               1            0.55 
2  34 1 27 1 0
2  34 -1 0
2  27 -1 34 -1 0
1
0.98078533134612 -0.195090065908751               0               0 
0.195090065908751 0.98078533134612               0               0 
              0               0               1            1.45 
2  38 -1 0
1
              1               0               0               0 
              0               1               0               0 
              0               0               1            0.55 
2  40 1 38 1 0
2  40 -1 0
2  38 -1 40 -1 0
1
0.995184733232105 -0.0980170737256737               0               0 
0.0980170737256737 0.995184733232105               0               0 
              0               0               1            1.95 
2  44 -1 0
2  8 -1 22 -1 0
1
              1               0               0               0 
              0               1               0               0 
              0               0               1             999 
2  2 1 3 1 47 1 1 1 0
1
              1               0               0               0 
              0               1               0               0 
              0               0               1             999 
2  11 1 3 1 49 1 1 1 0
2  11 1 3 1 49 1 47 -1 3 -1 2 -1 0
2  1 -1 47 -1 3 -1 2 -1 0
Curve2ds 650
1 0 0 1 0 
2 4.230685749280051e-16 -3.7071637832733567e-16 1 0 -0 1 6.4643899999999999
1 6.2831853071795862 0 0 -1 
1 0 0 0 -1 
7 0 0  8 16 3  6.2831853071795862 -524.5  6.1688811262329919 -524.5  6.0544422556744415 -524.5  5.9400829628159002 -524.5  5.8257707178959688 -524.5  5.7114584370824089 -524.5  5.5970989894959242 -524.5  5.4826602151737855 -524.5  5.2863694671647643 -524.5  5.2043573058111487 -524.5  5.1223583871500615 -524.5  5.0403711737328685 -524.5  4.958384128647455 -524.5  4.8763856515523125 -524.5  4.7943738953464576 -524.5  4.7123874334483409 -524.5 
 0 9 0.58232409071013214 7 1 9
7 0 0  8 16 3  1.1457501614131615e-13 -12.500249999999999  -0.73890680426923971 -12.500249999999999  -1.4786862200427633 -12.40372371075607  -2.2032266334034434 -12.210276285895217  -2.8979427547095269 -11.923201647127017  -3.54916350301301 -11.547762336866921  -4.1443787951365785 -11.09158174548565  -4.6720825924250606 -10.564211996087868  -5.4460168541356779 -9.5586609840006318  -5.7300207817516107 -9.1082435296416566  -5.9712673647548522 -8.6318751606915445  -6.1670610425713779 -8.1343373976887463  -6.3153616741812888 -7.6206403817677844  -6.4147314123458798 -7.0959984242739242  -6.4643908198567583 -6.5658424644290703  -6.4643899999921501 -6.0358500000001305 
 0 9 0.58232409071013214 7 1 9
1 4.71238743344834 0 0 -1 
1 1.000000773476728e-05 0 0 -1 
1 -9.9999999991983536e-06 -6.4644000000000004 0 1 
1 -9.9999999991983536e-06 -6.4644000000000004 0 1 
1 0 0 1 0 
2 4.230685749280051e-16 -3.7071637832733567e-16 1 0 -0 1 6.4643899999999999
1 1.5707978737312462 0 0 -1 
1 8.8817841970012523e-16 0 0 -1 
7 0 0  6 22 5  1.5707978737312462 -524.5  1.4984606788399293 -524.5  1.4261173789971791 -524.5  1.3537812407132837 -524.5  1.2814450758726328 -524.5  1.209101715567007 -524.5  1.1019843694853122 -524.5  1.0672041255051214 -524.5  1.0324238537208557 -524.5  0.99764358088314065 -524.5  0.96286333450468398 -524.5  0.87364288232952336 -524.5  0.81920115850118824 -524.5  0.76476117420957579 -524.5  0.71032116072460627 -524.5  0.65587937706375044 -524.5  0.50120802375879647 -524.5  0.40094567150439453 -524.5  0.30071936322969234 -524.5  0.20049329353739184 -524.5  0.10023149521124196 -524.5  0 -524.5 
 0 7 0.27631881865064806 5 0.40917476171731892 5 0.61712968696774129 5 1 7
7 0 0  6 22 5  6.4643899999923802 -6.0358500000001287  6.4643907233643194 -6.5034658392830504  6.4238001748461979 -6.9711216544618546  6.3426058240416481 -7.4343242014116511  6.221480818036242 -7.8887227230732888  6.0616438916288455 -8.330086610551696  5.7704471240505741 -8.9583294711431076  5.6673836541094618 -9.1583699637955931  5.5560130254762283 -9.3540190598034467  5.4365714329099495 -9.5448480317616582  5.3093243374721419 -9.7304456201998697  4.9636345177370202 -10.192122780153802  4.7342935631420948 -10.460055316089676  4.4876797032255373 -10.712694538686344  4.2250796815137397 -10.94867406018702  3.9479118582618962 -11.166764384640196  3.1235084665580297 -11.732512533271461  2.5450067764522917 -12.034992020291664  1.9322337150069513 -12.266367157792459  1.2960710667168229 -12.422317092390147  0.64793547532871698 -12.500249999999999  1.165319105808808e-13 -12.500249999999999 
 0 7 0.27631881865064806 5 0.40917476171731892 5 0.61712968696774129 5 1 7
7 0 0  1 2 2  0 -524.5  4.3858506000000244 -524.5 
 0 2 1 2
7 0 0  1 2 2  6.4644000000001158 -6.0358499999999982  6.4644000000001141 -1.6499993999999738 
 0 2 1 2
7 0 0  1 2 2  12.0717 -524.5  7.685849399999972 -524.5 
 0 2 1 2
7 0 0  1 2 2  -6.4643999999998849 -6.0358500000000017  -6.4643999999998867 -1.6499993999999738 
 0 2 1 2
7 0 0  1 2 2  0.5 999  0.5 0 
 0 2 1 2
7 0 0  1 2 2  499.50000000000006 -1.6499999999999999  -499.49999999999983 -1.6499999999999999 
 0 2 1 2
1 0 0 1 0 
1 6.0358499999999999 -6.4644000000000004 0 1 
1 0 0 0 -1 
1 12.0717 0 0 -1 
2 6.0358599999999996 0 1 0 -0 1 6.4643899999999999
2 4.230685749280051e-16 -3.7071637832733567e-16 1 0 -0 1 6.4643899999999999
1 6.0358499999999999 -6.4644000000000004 0 1 
1 -12.928789999992265 0 1 0 
1 1.0000007735655458e-05 0 0 -1 
1 0 -0 0 -1 
1 6.0358499999999999 6.4644000000000004 -1 0 
1 0 -0 1 0 
1 0 0 0 -1 
1 12.0717 0 0 -1 
7 0 0  1 2 2  7.6858493999999986 -524.5  12.0717 -524.5 
 0 2 1 2
7 0 0  1 2 2  6.4644000000001141 1.6499994  6.4644000000001132 6.0358500000000035 
 0 2 1 2
8 -263 -262.5
1 7.6858499999999985 -262 0 1 
8 -263 -262.5
1 -262 505.96440000000001 -1 -0 
8 2.1929249999999429 5.4929249999999428
1 2.1929250000000557 -525 1 0 
8 2.1929249999999429 5.4929249999999428
1 505.96440000000001 -2.1929249999999429 -2.2204460492503131e-16 1 
8 -263 -262.5
1 4.3858499999999978 -262 0 1 
8 -263 -262.5
1 -262 505.96440000000001 -1 -0 
1 0 0 1 0 
1 -6.0358499999999999 -6.4644000000000004 1 0 
8 262.5 263
1 7.6858499999999985 -262 0 -1 
8 262.5 263
1 -262 493.03559999999999 1 0 
8 0.5429250000000545 3.8429250000000543
1 3.8429249999999442 -525 1 0 
8 0.5429250000000545 3.8429250000000543
1 493.03559999999999 3.8429250000000543 2.2204460492503131e-16 -1 
8 262.5 263
1 4.3858499999999978 -262 0 -1 
8 262.5 263
1 -262 493.03559999999999 1 0 
7 0 0  1 2 2  4.3858505999999986 -524.5  0 -524.5 
 0 2 1 2
7 0 0  1 2 2  -6.4643999999998876 1.6499994  -6.4643999999998885 6.0358499999999982 
 0 2 1 2
1 0 0 0 -1 
1 12.928800000000001 0 0 -1 
1 1 0 0 1 
1 0 0 1 0 
1 1 0 0 1 
1 0 0 1 0 
1 -6.0358499999999999 6.4644000000000004 0 -1 
1 0 0 1 0 
7 0 0  1 2 2  0 -524.5  12.928800000000001 -524.5 
 0 2 1 2
7 0 0  1 2 2  6.4644000000001132 6.0358500000000017  -6.4643999999998893 6.0358499999999982 
 0 2 1 2
7 0 0  1 2 2  0.5 999  0.5 0 
 0 2 1 2
7 0 0  1 2 2  499.50000000000006 1.6499999999999999  -499.49999999999983 1.6499999999999999 
 0 2 1 2
1 1 0 0 1 
1 0 3.2999999999999998 1 0 
1 0 3.2999999999999998 1 0 
1 1 0 0 1 
2 499.5 1.6499999999999999 1 0 -0 1 1.6499999999999773
1 0 0 1 0 
8 -252.22499747783965 -248.92500084072014
1 248.92500084072012 1.6814402954423713e-06 -1 1.7938038903913487e-16 
8 -252.22499747783965 -248.92500084072014
1 -248.92500084072014 -0.049999999999999989 -1 0 
8 -3.2999974778396268 -8.407201277371712e-07
1 501.14999831855977 8.4072012285218989e-07 -1.0146536357569526e-17 -1 
8 -3.2999974778396268 -8.407201277371712e-07
1 -8.407201277371712e-07 -0.049999999999999989 -1 -0 
2 499.5 1.6499999999999999 1 0 -0 1 1.6499999999999773
1 0 0 1 0 
2 499.5 1.6499999999999999 1 0 -0 1 1.6499999999999773
1 0 0 1 0 
8 -3.2999974778396268 -8.407201277371712e-07
1 501.14999831855977 8.4072012285218989e-07 -1.0146536357569526e-17 -1 
8 -3.2999974778396268 -8.407201277371712e-07
1 -8.407201277371712e-07 -0.049999999999999989 -1 -0 
8 247.27500252216035 250.57499915927986
1 250.57499915927988 3.299998318559719 1 1.2116883882008518e-16 
8 247.27500252216035 250.57499915927986
1 250.57499915927986 -0.049999999999999989 -1 0 
2 499.5 1.6499999999999999 1 0 -0 1 1.6499999999999773
1 0 0 1 0 
2 499.5 1.6499999999999999 1 0 -0 1 1.6499999999999773
1 0 0 1 0 
8 247.27500252216035 250.57499915927986
1 250.57499915927988 3.299998318559719 1 1.2116883882008518e-16 
8 247.27500252216035 250.57499915927986
1 250.57499915927986 -0.049999999999999989 -1 0 
8 -1.6499974778396216 1.6499991592798771
1 497.85000168144023 1.649999159279872 1.0146536357569526e-17 1 
8 -1.6499974778396216 1.6499991592798771
1 1.6499991592798771 -0.049999999999999989 -1 0 
2 499.5 1.6499999999999999 1 0 -0 1 1.6499999999999773
1 0 0 1 0 
8 -1.6499974778396216 1.6499991592798771
1 497.85000168144023 1.649999159279872 1.0146536357569526e-17 1 
8 -1.6499974778396216 1.6499991592798771
1 1.6499991592798771 -0.049999999999999989 -1 0 
8 -252.22499747783965 -248.92500084072014
1 248.92500084072012 1.6814402954423713e-06 -1 1.7938038903913487e-16 
8 -252.22499747783965 -248.92500084072014
1 -248.92500084072014 -0.049999999999999989 -1 0 
2 499.5 1.6499999999999999 1 0 -0 1 1.6499999999999773
1 0 0 1 0 
8 -6.000000000172534e-07 0.55000000000000004
1 1.6476427400747398 -0.049999999999999989 0 -1 
8 -6.000000000172534e-07 0.55000000000000004
1 4.7109613565754991 0 0 1 
1 0 0.45000000000000018 1 0 
2 1.2183232621811333e-16 -1.3053073438223784e-16 0.92387975383735377 -0.38268289803626027 0.38268289803626027 0.92387975383735377 1.6499999999999999
8 -6.000000000172534e-07 0.55000000000000004
1 4.7138166041938794 0 0 1 
8 -6.000000000172534e-07 0.55000000000000004
1 1.6523538970447582 -0.049999999999999989 0 -1 
1 3.2999966371194986 0 0 -1 
1 0 0 0 -1 
1 0 -0.55000000000000004 1 0 
1 -2.33345 2.4156924998058533e-16 0.70710678118654735 -0.70710678118654768 
8 0.25000000000000011 0.29999999999999999
1 2.3334555681191498 -0.25000000000000006 0 -1 
8 0.25000000000000011 0.29999999999999999
1 6.6861313351724594e-06 0.25000000000000011 0 -1 
8 -0.4246481643066195 1.5084630949799449
1 0.82499915927987444 -0.50000000000000022 1 0 
8 -0.4246481643066195 1.5084630949799449
1 -1.3936261584929159 -1.208686971232328 0.92387975383735366 -0.38268289803626043 
8 -6.000000000172534e-07 0.55000000000000004
1 1.6476427400746458 -0.049999999999999989 0 -1 
8 -6.000000000172534e-07 0.55000000000000004
1 6.2817576833703388 0 0 1 
8 -0.42464816430661978 1.5084630949799451
1 0.82499915927987466 -0.50000000000000022 1 0 
8 -0.42464816430661978 1.5084630949799451
1 1.2086869712323283 -1.3936261584929162 0.38268289803626027 0.92387975383735377 
8 -0.29999999999999999 -0.25000000000000011
1 0.96653995099658485 -0.25000000000000006 0 1 
8 -0.29999999999999999 -0.25000000000000011
1 1.3669013839544044 0.25000000000000011 0 1 
1 0 -0.55000000000000004 1 0 
1 -4.6229096726311314e-16 -2.33345 0.70710678118654757 0.70710678118654746 
1 6.2831853071795862 -0 0 1 
1 0 -0 0 1 
1 0 0.45000000000000018 1 0 
2 1.2183232621811333e-16 -1.3053073438223784e-16 0.92387975383735377 -0.38268289803626027 0.38268289803626027 0.92387975383735377 1.6499999999999999
1 0 0.45000000000000018 1 0 
2 1.2183232621811333e-16 -1.3053073438223784e-16 0.92387975383735377 -0.38268289803626027 0.38268289803626027 0.92387975383735377 1.6499999999999999
8 -6.000000000172534e-07 0.55000000000000004
1 0.0014276238092473831 0 0 1 
8 -6.000000000172534e-07 0.55000000000000004
1 1.6523538970448528 -0.049999999999999989 0 -1 
1 3.2999966371194986 0 0 -1 
1 0 0 0 -1 
1 0 -0.55000000000000004 1 0 
1 -4.6229096726311314e-16 -2.33345 0.70710678118654757 0.70710678118654746 
8 0.25000000000000011 0.29999999999999999
1 2.3334555681191498 -0.25000000000000006 0 -1 
8 0.25000000000000011 0.29999999999999999
1 6.6861313352509641e-06 0.25000000000000011 0 -1 
8 -0.42464816430661978 1.5084630949799451
1 0.82499915927987466 -0.50000000000000022 1 0 
8 -0.42464816430661978 1.5084630949799451
1 1.2086869712323283 -1.3936261584929162 0.38268289803626027 0.92387975383735377 
8 -6.000000000172534e-07 0.55000000000000004
1 1.5693687029856493 0 0 1 
8 -6.000000000172534e-07 0.55000000000000004
1 1.6476427400746458 -0.049999999999999989 0 -1 
8 -0.42464816430662022 1.5084630949799445
1 0.82499915927987477 -0.50000000000000022 1 0 
8 -0.42464816430662022 1.5084630949799445
1 1.3936261584929157 1.2086869712323283 -0.92387975383735377 0.38268289803626016 
8 -0.29999999999999999 -0.25000000000000011
1 0.96653995099658463 -0.25000000000000006 0 1 
8 -0.29999999999999999 -0.25000000000000011
1 1.366901383954404 0.25000000000000011 -0 1 
1 0 -0.55000000000000004 1 0 
1 2.33345 -4.4195957366453789e-17 -0.70710678118654757 0.70710678118654757 
1 0 0.45000000000000018 1 0 
2 1.2183232621811333e-16 -1.3053073438223784e-16 0.92387975383735377 -0.38268289803626027 0.38268289803626027 0.92387975383735377 1.6499999999999999
8 -6.000000000172534e-07 0.55000000000000004
1 1.5722239506041442 0 0 1 
8 -6.000000000172534e-07 0.55000000000000004
1 1.6523538970448528 -0.049999999999999989 0 -1 
1 3.2999966371194991 0 0 -1 
1 0 0 0 -1 
1 0 -0.55000000000000004 1 0 
1 2.33345 -4.4195957366453789e-17 -0.70710678118654757 0.70710678118654757 
8 0.25000000000000011 0.29999999999999999
1 2.3334555681191498 -0.25000000000000006 0 -1 
8 0.25000000000000011 0.29999999999999999
1 6.686131335329468e-06 0.25000000000000011 0 -1 
8 -0.42464816430662022 1.5084630949799445
1 0.82499915927987477 -0.50000000000000022 1 0 
8 -0.42464816430662022 1.5084630949799445
1 1.3936261584929157 1.2086869712323283 -0.92387975383735377 0.38268289803626016 
8 -6.000000000172534e-07 0.55000000000000004
1 1.64764274007474 -0.049999999999999989 0 -1 
8 -6.000000000172534e-07 0.55000000000000004
1 3.140165029780603 0 0 1 
8 -0.42464816430661978 1.5084630949799438
1 0.82499915927987455 -0.50000000000000022 1 -0 
8 -0.42464816430661978 1.5084630949799438
1 -1.2086869712323283 1.3936261584929157 -0.38268289803626027 -0.92387975383735377 
8 -0.29999999999999999 -0.25000000000000011
1 0.96653995099658541 -0.25000000000000006 0 1 
8 -0.29999999999999999 -0.25000000000000011
1 1.3669013839544046 0.25000000000000011 -0 1 
1 0 -0.55000000000000004 1 0 
1 1.0923944743096508e-16 2.33345 -0.70710678118654757 -0.70710678118654746 
1 0 0.45000000000000018 1 0 
2 1.2183232621811333e-16 -1.3053073438223784e-16 0.92387975383735377 -0.38268289803626027 0.38268289803626027 0.92387975383735377 1.6499999999999999
8 -6.000000000172534e-07 0.55000000000000004
1 3.1430202773989833 0 0 1 
8 -6.000000000172534e-07 0.55000000000000004
1 1.6523538970447582 -0.049999999999999989 0 -1 
1 3.2999966371194986 0 0 -1 
1 0 0 0 -1 
1 0 -0.55000000000000004 1 0 
1 1.0923944743096508e-16 2.33345 -0.70710678118654757 -0.70710678118654746 
8 0.25000000000000011 0.29999999999999999
1 2.3334555681191493 -0.25000000000000006 0 -1 
8 0.25000000000000011 0.29999999999999999
1 6.6861313350939547e-06 0.25000000000000011 0 -1 
8 -0.42464816430661978 1.5084630949799438
1 0.82499915927987455 -0.50000000000000022 1 -0 
8 -0.42464816430661978 1.5084630949799438
1 -1.2086869712323283 1.3936261584929157 -0.38268289803626027 -0.92387975383735377 
8 -0.4246481643066195 1.5084630949799449
1 0.82499915927987444 -0.50000000000000022 1 0 
8 -0.4246481643066195 1.5084630949799449
1 -1.3936261584929159 -1.208686971232328 0.92387975383735366 -0.38268289803626043 
8 -0.29999999999999999 -0.25000000000000011
1 0.96653995099658518 -0.25000000000000006 0 1 
8 -0.29999999999999999 -0.25000000000000011
1 1.3669013839544046 0.25000000000000011 0 1 
1 0 -0.55000000000000004 1 0 
1 -2.33345 2.4156924998058533e-16 0.70710678118654735 -0.70710678118654768 
1 -1.2628573558601146 -1.2628573558601146 0.92387953251128674 -0.38268343236508984 
1 0 0 1 0 
1 0 0 1 0 
1 -1.7859499999999997 8.8185060711483719e-17 0.38268343236508956 -0.92387953251128685 
1 -2.0624136642246896e-16 -1.7859500000000001 0.92387953251128685 0.38268343236508962 
1 0 0 1 0 
8 -1.0251802140486479 0.34172673801621617
1 -0.34172769230061817 -1.6500024534494742 -0.99999999999983291 5.7835328851827765e-07 
8 -1.0251802140486479 0.34172673801621617
1 0.34172673801621617 -0.049999999999999822 -1 -0 
1 0 0 1 0 
1 -2.0624136642246896e-16 -1.7859500000000001 0.92387953251128685 0.38268343236508962 
1 1.366906952064864 0 0 -1 
1 0 0 0 -1 
1 0 -0.55000000000000004 1 0 
1 -2.0624136642246896e-16 -1.7859500000000001 0.92387953251128685 0.38268343236508962 
8 0.24999999999999978 0.30000000000000004
1 1.0116645150871322 -0.25 0 -1 
8 0.24999999999999978 0.30000000000000004
1 4.56140580295002e-06 0.24999999999999978 0 -1 
8 -0.21698352671846613 1.0251802140486481
1 0.34172673801621595 -0.49999999999999978 1 0 
8 -0.21698352671846613 1.0251802140486481
1 0.63255646353525152 -1.561780468732455 0.83146978854520281 0.55556996925373459 
8 -0.30000000000000004 -0.24999999999999978
1 0.35524298110817487 -0.25 0 1 
8 -0.30000000000000004 -0.24999999999999978
1 0.65640749732312975 0.24999999999999978 0 1 
1 0 -0.55000000000000004 1 0 
1 -2.0624136642246896e-16 -1.7859500000000001 0.92387953251128685 0.38268343236508962 
1 0 0 0 -1 
1 1.366906952064864 0 0 -1 
1 1.7859500000000001 -1.3053073438223781e-16 -0.38268343236508978 0.92387953251128685 
1 0 0 1 0 
1 1.2628573558601144 -1.262857355860115 0.38268343236508989 0.92387953251128674 
1 0 0 1 0 
8 -1.0251802140486479 0.34172673801621611
1 1.6500024534494742 -0.34172769230061789 -5.783532882302873e-07 -0.9999999999998328 
8 -1.0251802140486479 0.34172673801621611
1 0.34172673801621611 -0.049999999999999822 -1 -0 
1 1.7859500000000001 -1.3053073438223781e-16 -0.38268343236508978 0.92387953251128685 
1 0 0 1 0 
1 1.366906952064864 0 0 -1 
1 0 0 0 -1 
1 0 -0.55000000000000004 1 0 
1 1.7859500000000001 -1.3053073438223781e-16 -0.38268343236508978 0.92387953251128685 
8 0.24999999999999978 0.30000000000000004
1 1.0116645150871328 -0.25 0 -1 
8 0.24999999999999978 0.30000000000000004
1 4.5614058034628756e-06 0.24999999999999978 0 -1 
8 -0.21698352671846682 1.0251802140486479
1 0.34172673801621611 -0.49999999999999978 1 0 
8 -0.21698352671846682 1.0251802140486479
1 1.5617804687324546 0.63255646353525186 -0.55556996925373481 0.83146978854520281 
8 -0.30000000000000004 -0.24999999999999978
1 0.35524298110817321 -0.25 0 1 
8 -0.30000000000000004 -0.24999999999999978
1 0.6564074973231282 0.24999999999999978 0 1 
1 0 -0.55000000000000004 1 0 
1 1.7859500000000001 -1.3053073438223781e-16 -0.38268343236508978 0.92387953251128685 
1 0 0 0 -1 
1 1.3669069520648647 0 0 -1 
1 2.3119022376497408e-16 1.7859499999999997 -0.92387953251128685 -0.38268343236508978 
1 0 0 1 0 
1 1.2628573558601148 1.2628573558601142 -0.92387953251128674 0.38268343236508984 
1 0 0 1 0 
8 -1.0251802140486479 0.34172673801621606
1 0.34172769230061789 1.6500024534494742 0.9999999999998328 -5.7835328832875064e-07 
8 -1.0251802140486479 0.34172673801621606
1 0.34172673801621606 -0.049999999999999822 -1 0 
1 0 0 1 0 
1 2.3119022376497408e-16 1.7859499999999997 -0.92387953251128685 -0.38268343236508978 
1 1.366906952064864 0 0 -1 
1 0 0 0 -1 
1 0 -0.55000000000000004 1 0 
1 2.3119022376497408e-16 1.7859499999999997 -0.92387953251128685 -0.38268343236508978 
8 0.24999999999999978 0.30000000000000004
1 1.0116645150871328 -0.25 0 -1 
8 0.24999999999999978 0.30000000000000004
1 4.5614058038555626e-06 0.24999999999999978 0 -1 
8 -0.21698352671846688 1.0251802140486479
1 0.34172673801621606 -0.49999999999999978 1 -0 
8 -0.21698352671846688 1.0251802140486479
1 -0.63255646353525163 1.5617804687324546 -0.83146978854520293 -0.55556996925373481 
8 -0.30000000000000004 -0.24999999999999978
1 0.35524298110817354 -0.25 -0 1 
8 -0.30000000000000004 -0.24999999999999978
1 0.65640749732312853 0.24999999999999978 -0 1 
1 0 -0.55000000000000004 1 0 
1 2.3119022376497408e-16 1.7859499999999997 -0.92387953251128685 -0.38268343236508978 
1 0 0 0 -1 
1 1.366906952064864 0 0 -1 
1 -1.7859499999999997 8.8185060711483719e-17 0.38268343236508956 -0.92387953251128685 
1 0 0 1 0 
1 -1.2628573558601142 1.2628573558601144 -0.38268343236508989 -0.92387953251128674 
1 0 0 1 0 
8 -1.0251802140486481 0.34172673801621595
1 -1.6500024534494742 0.34172769230061817 5.783532885308365e-07 0.9999999999998328 
8 -1.0251802140486481 0.34172673801621595
1 0.34172673801621595 -0.049999999999999822 -1 0 
1 1.366906952064864 0 0 -1 
1 0 0 0 -1 
1 0 -0.55000000000000004 1 0 
1 -1.7859499999999997 8.8185060711483719e-17 0.38268343236508956 -0.92387953251128685 
8 0.24999999999999978 0.30000000000000004
1 1.0116645150871322 -0.25 0 -1 
8 0.24999999999999978 0.30000000000000004
1 4.5614058028826445e-06 0.24999999999999978 0 -1 
8 -0.21698352671846652 1.0251802140486481
1 0.34172673801621595 -0.49999999999999978 1 0 
8 -0.21698352671846652 1.0251802140486481
1 -1.5617804687324548 -0.63255646353525163 0.55556996925373459 -0.83146978854520304 
8 -0.30000000000000004 -0.24999999999999978
1 0.35524298110817321 -0.25 0 1 
8 -0.30000000000000004 -0.24999999999999978
1 0.65640749732312831 0.24999999999999978 0 1 
1 0 -0.55000000000000004 1 0 
1 -1.7859499999999997 8.8185060711483719e-17 0.38268343236508956 -0.92387953251128685 
1 0 0 0 -1 
1 1.3669069520648642 0 0 -1 
1 0 -0.55000000000000004 1 0 
1 -1.2628573558601146 -1.2628573558601146 0.92387953251128674 -0.38268343236508984 
8 0.24999999999999978 0.30000000000000004
1 1.011664515087134 -0.25 0 -1 
8 0.24999999999999978 0.30000000000000004
1 4.5614058042822351e-06 0.24999999999999978 0 -1 
8 -0.34172673801621617 0.66994233846944284
1 0.34172673801621617 -0.49999999999999978 1 0 
8 -0.34172673801621617 0.66994233846944284
1 -0.65706059531626582 -1.551630525014581 0.98078521851497513 -0.1950906331491401 
8 -0.30000000000000004 -0.24999999999999978
1 0.35524298110817293 -0.25 0 1 
8 -0.30000000000000004 -0.24999999999999978
1 0.65640749732312798 0.24999999999999978 0 1 
1 0 -0.55000000000000004 1 0 
1 -1.2628573558601146 -1.2628573558601146 0.92387953251128674 -0.38268343236508984 
1 0 -0.55000000000000004 1 0 
1 1.2628573558601144 -1.262857355860115 0.38268343236508989 0.92387953251128674 
8 0.24999999999999978 0.30000000000000004
1 1.0116645150871331 -0.25 0 -1 
8 0.24999999999999978 0.30000000000000004
1 4.561405803187639e-06 0.24999999999999978 0 -1 
8 -0.34172673801621617 0.66994233846944395
1 0.34172673801621617 -0.49999999999999978 1 0 
8 -0.34172673801621617 0.66994233846944395
1 1.5516305250145808 -0.65706059531626593 0.19509063314914021 0.98078521851497524 
8 -0.30000000000000004 -0.24999999999999978
1 0.35524298110817309 -0.25 0 1 
8 -0.30000000000000004 -0.24999999999999978
1 0.65640749732312831 0.24999999999999978 0 1 
1 0 -0.55000000000000004 1 0 
1 1.2628573558601144 -1.262857355860115 0.38268343236508989 0.92387953251128674 
8 -0.49230945215608923 0.1641031507186963
1 1.0506913277335663 -1.2827674888685272 -0.70710655687210444 -0.70710700550091954 
8 -0.49230945215608923 0.1641031507186963
1 0.1641031507186963 -0.050000000000000266 -1 -0 
1 0 0 1 0 
1 1.1895869511935642 -1.1895869511935648 0.55557023301960273 0.83146961230254501 
1 0 0 1 0 
1 1.1895869511935642 -1.1895869511935648 0.55557023301960273 0.83146961230254501 
1 0.65641260287478553 0 0 -1 
1 0 0 0 -1 
1 0 -0.55000000000000004 1 0 
1 1.1895869511935642 -1.1895869511935648 0.55557023301960273 0.83146961230254501 
8 -5.999999999062311e-07 0.1050000000000002
1 0.49063421715144834 -0.5 0 -1 
8 -5.999999999062311e-07 0.1050000000000002
1 5.8904360054714946 0 0 1 
8 -0.1641031507186963 0.49230945215608923
1 0.1641031507186963 -0.50000000000000022 1 0 
8 -0.1641031507186963 0.49230945215608923
1 1.3778161866027365 -0.92253306315171379 0.47139690809391344 0.88192117280372562 
8 -5.999999999062311e-07 0.1050000000000002
1 0.16577838572333728 -0.5 0 -1 
8 -5.999999999062311e-07 0.1050000000000002
1 5.6941865162435548 0 0 1 
1 0 -0.55000000000000004 1 0 
1 1.1895869511935642 -1.1895869511935648 0.55557023301960273 0.83146961230254501 
1 0 0 0 -1 
1 0.65641260287478531 0 0 -1 
1 0.64379981877076198 -1.5542702539297129 0.83146961230254535 0.55557023301960218 
1 0 0 1 0 
1 -2.2447154029021877e-16 -1.6823300000000001 0.98078528040323043 0.1950903220161285 
1 0 0 1 0 
1 0 0 1 0 
1 -2.2447154029021877e-16 -1.6823300000000001 0.98078528040323043 0.1950903220161285 
8 -0.49230945215609018 0.1641031507186968
1 0.1641031507186968 -0.050000000000000266 -1 -0 
8 -0.49230945215609018 0.1641031507186968
1 -0.16410262729027178 -1.6500045528388769 -0.99999999999994971 -3.1722847809857042e-07 
1 0.65641260287478698 0 0 -1 
1 0 0 0 -1 
1 0 -0.55000000000000004 1 0 
1 -2.2447154029021877e-16 -1.6823300000000001 0.98078528040323043 0.1950903220161285 
8 -5.999999999062311e-07 0.1050000000000002
1 0.49063421715144906 -0.5 0 -1 
8 -5.999999999062311e-07 0.1050000000000002
1 5.1050378420740472 0 0 1 
8 -0.10812650117105919 0.49230945215609018
1 0.1641031507186968 -0.50000000000000022 1 0 
8 -0.10812650117105919 0.49230945215609018
1 0.32193378395201105 -1.6265925535987589 0.95694039210508486 0.29028449141793011 
8 -5.999999999062311e-07 0.1050000000000002
1 0.1657783857233382 -0.5 0 -1 
8 -5.999999999062311e-07 0.1050000000000002
1 4.9087883528461074 0 0 1 
1 0 -0.55000000000000004 1 0 
1 -2.2447154029021877e-16 -1.6823300000000001 0.98078528040323043 0.1950903220161285 
1 0 0 0 -1 
1 0.65641260287478687 0 0 -1 
1 0 -0.55000000000000004 1 0 
1 1.2628573558601148 1.2628573558601142 -0.92387953251128674 0.38268343236508984 
8 0.24999999999999978 0.30000000000000004
1 1.011664515087134 -0.25 0 -1 
8 0.24999999999999978 0.30000000000000004
1 4.5614058045034666e-06 0.24999999999999978 0 -1 
8 -0.34172673801621617 0.66994233846944284
1 0.34172673801621617 -0.49999999999999978 1 0 
8 -0.34172673801621617 0.66994233846944284
1 0.65706059531626582 1.551630525014581 -0.98078521851497513 0.1950906331491401 
8 -0.30000000000000004 -0.24999999999999978
1 0.35524298110817348 -0.25 0 1 
8 -0.30000000000000004 -0.24999999999999978
1 0.65640749732312853 0.24999999999999978 0 1 
1 0 -0.55000000000000004 1 0 
1 1.2628573558601148 1.2628573558601142 -0.92387953251128674 0.38268343236508984 
8 -0.49230945215608957 0.16410315071869661
1 1.2827674888685268 1.0506913277335668 0.70710700550091976 -0.70710655687210422 
8 -0.49230945215608957 0.16410315071869661
1 0.16410315071869661 -0.050000000000000266 -1 -0 
1 0 0 1 0 
1 1.1895869511935646 1.1895869511935644 -0.83146961230254512 0.5555702330196024 
1 0 0 1 0 
1 1.1895869511935646 1.1895869511935644 -0.83146961230254512 0.5555702330196024 
1 0.6564126028747862 0 0 -1 
1 0 0 0 -1 
1 0 -0.55000000000000004 1 0 
1 1.1895869511935646 1.1895869511935644 -0.83146961230254512 0.5555702330196024 
8 -5.999999999062311e-07 0.1050000000000002
1 0.49063421715144839 -0.5 0 -1 
8 -5.999999999062311e-07 0.1050000000000002
1 1.1780470250868054 0 0 1 
8 -0.16410315071869641 0.49230945215608979
1 0.16410315071869641 -0.50000000000000022 1 0 
8 -0.16410315071869641 0.49230945215608979
1 0.92253306315171346 1.377816186602737 -0.88192117280372573 0.47139690809391305 
8 -5.999999999062311e-07 0.1050000000000002
1 0.16577838572333739 -0.5 0 -1 
8 -5.999999999062311e-07 0.1050000000000002
1 0.98179753585886531 0 0 1 
1 0 -0.55000000000000004 1 0 
1 1.1895869511935646 1.1895869511935644 -0.83146961230254512 0.5555702330196024 
1 0 0 0 -1 
1 0.65641260287478598 0 0 -1 
1 1.5542702539297131 0.64379981877076153 -0.55557023301960218 0.83146961230254524 
1 0 0 1 0 
1 1.6823300000000001 -8.1528313807677844e-18 -0.19509032201612836 0.98078528040323043 
1 0 0 1 0 
1 0 0 1 0 
1 1.6823300000000001 -8.1528313807677844e-18 -0.19509032201612836 0.98078528040323043 
8 -0.49230945215608957 0.16410315071869666
1 0.16410315071869666 -0.050000000000000266 -1 -0 
8 -0.49230945215608957 0.16410315071869666
1 1.6500045528388769 -0.164102627290272 3.1722847799205094e-07 -0.99999999999994982 
1 0.6564126028747862 0 0 -1 
1 0 0 0 -1 
1 0 -0.55000000000000004 1 0 
1 1.6823300000000001 -8.1528313807677844e-18 -0.19509032201612836 0.98078528040323043 
8 -5.999999999062311e-07 0.1050000000000002
1 0.49063421715144873 -0.5 0 -1 
8 -5.999999999062311e-07 0.1050000000000002
1 0.39264886168935736 0 0 1 
8 -0.108126501171059 0.49230945215608957
1 0.16410315071869661 -0.50000000000000022 1 0 
8 -0.108126501171059 0.49230945215608957
1 1.6265925535987589 0.32193378395201111 -0.29028449141793006 0.95694039210508508 
8 -5.999999999062311e-07 0.1050000000000002
1 0.16577838572333783 -0.5 0 -1 
8 -5.999999999062311e-07 0.1050000000000002
1 0.19639937246141739 0 0 1 
1 0 -0.55000000000000004 1 0 
1 1.6823300000000001 -8.1528313807677844e-18 -0.19509032201612836 0.98078528040323043 
1 0 0 0 -1 
1 0.65641260287478731 0 0 -1 
1 0 -0.55000000000000004 1 0 
1 -1.2628573558601142 1.2628573558601144 -0.38268343236508989 -0.92387953251128674 
8 0.24999999999999978 0.30000000000000004
1 1.0116645150871315 -0.25 0 -1 
8 0.24999999999999978 0.30000000000000004
1 4.5614058022820964e-06 0.24999999999999978 0 -1 
8 -0.341726738016216 0.66994233846944273
1 0.341726738016216 -0.49999999999999978 1 -0 
8 -0.341726738016216 0.66994233846944273
1 -1.551630525014581 0.65706059531626582 -0.19509063314914021 -0.98078521851497524 
8 -0.30000000000000004 -0.24999999999999978
1 0.35524298110817365 -0.25 -0 1 
8 -0.30000000000000004 -0.24999999999999978
1 0.65640749732312909 0.24999999999999978 -0 1 
1 0 -0.55000000000000004 1 0 
1 -1.2628573558601142 1.2628573558601144 -0.38268343236508989 -0.92387953251128674 
8 -0.49230945215608968 0.16410315071869638
1 -1.0506913277335665 1.282767488868527 0.70710655687210444 0.70710700550091965 
8 -0.49230945215608968 0.16410315071869638
1 0.16410315071869638 -0.050000000000000266 -1 0 
1 0 0 1 0 
1 -1.1895869511935644 1.1895869511935646 -0.55557023301960262 -0.83146961230254512 
1 0 0 1 0 
1 -1.1895869511935644 1.1895869511935646 -0.55557023301960262 -0.83146961230254512 
1 0.65641260287478609 0 0 -1 
1 0 0 0 -1 
1 0 -0.55000000000000004 1 0 
1 -1.1895869511935644 1.1895869511935646 -0.55557023301960262 -0.83146961230254512 
8 -5.999999999062311e-07 0.1050000000000002
1 0.49063421715144556 -0.5 0 -1 
8 -5.999999999062311e-07 0.1050000000000002
1 2.7488433518817001 0 0 1 
8 -0.16410315071869638 0.49230945215608968
1 0.16410315071869638 -0.50000000000000022 1 -0 
8 -0.16410315071869638 0.49230945215608968
1 -1.377816186602737 0.92253306315171368 -0.47139690809391321 -0.88192117280372551 
8 -5.999999999062311e-07 0.1050000000000002
1 0.16577838572334005 -0.5 0 -1 
8 -5.999999999062311e-07 0.1050000000000002
1 2.5525938626537634 0 0 1 
1 0 -0.55000000000000004 1 0 
1 -1.1895869511935644 1.1895869511935646 -0.55557023301960262 -0.83146961230254512 
1 0 0 0 -1 
1 0.65641260287478598 0 0 -1 
1 -0.64379981877076131 1.5542702539297131 -0.83146961230254524 -0.55557023301960218 
1 0 0 1 0 
1 1.875804696316946e-16 1.6823300000000001 -0.98078528040323043 -0.19509032201612836 
1 0 0 1 0 
1 0 0 1 0 
1 1.875804696316946e-16 1.6823300000000001 -0.98078528040323043 -0.19509032201612836 
8 -0.49230945215608957 0.16410315071869666
1 0.16410315071869666 -0.050000000000000266 -1 0 
8 -0.49230945215608957 0.16410315071869666
1 0.16410262729027209 1.6500045528388767 0.99999999999994982 3.1722847793203701e-07 
1 0.6564126028747862 0 0 -1 
1 0 0 0 -1 
1 0 -0.55000000000000004 1 0 
1 1.875804696316946e-16 1.6823300000000001 -0.98078528040323043 -0.19509032201612836 
8 -5.999999999062311e-07 0.1050000000000002
1 0.49063421715144873 -0.5 0 -1 
8 -5.999999999062311e-07 0.1050000000000002
1 1.9634451884842539 0 0 1 
8 -0.10812650117105958 0.49230945215608957
1 0.16410315071869661 -0.5 1 -0 
8 -0.10812650117105958 0.49230945215608957
1 -0.321933783952011 1.6265925535987589 -0.95694039210508508 -0.29028449141793 
8 -5.999999999062311e-07 0.1050000000000002
1 0.16577838572333783 -0.5 0 -1 
8 -5.999999999062311e-07 0.1050000000000002
1 1.767195699256314 0 0 1 
1 0 -0.55000000000000004 1 0 
1 1.875804696316946e-16 1.6823300000000001 -0.98078528040323043 -0.19509032201612836 
1 0 0 0 -1 
1 0.6564126028747862 0 0 -1 
8 -0.4923094521560889 0.16410315071869661
1 -1.2827674888685268 -1.0506913277335668 -0.70710700550091987 0.70710655687210422 
8 -0.4923094521560889 0.16410315071869661
1 0.16410315071869661 -0.050000000000000266 -1 0 
1 0 0 1 0 
1 -1.1895869511935648 -1.1895869511935644 0.83146961230254524 -0.5555702330196024 
1 0 0 1 0 
1 -1.1895869511935648 -1.1895869511935644 0.83146961230254524 -0.5555702330196024 
1 0.65641260287478553 0 0 -1 
1 0 0 0 -1 
1 0 -0.55000000000000004 1 0 
1 -1.1895869511935648 -1.1895869511935644 0.83146961230254524 -0.5555702330196024 
8 -5.999999999062311e-07 0.1050000000000002
1 0.49063421715144873 -0.5 0 -1 
8 -5.999999999062311e-07 0.1050000000000002
1 4.319639678676598 0 0 1 
8 -0.16410315071869661 0.4923094521560889
1 0.16410315071869661 -0.49999999999999978 1 0 
8 -0.16410315071869661 0.4923094521560889
1 -0.92253306315171346 -1.377816186602737 0.88192117280372573 -0.47139690809391299 
8 -5.999999999062311e-07 0.1050000000000002
1 0.1657783857233377 -0.5 0 -1 
8 -5.999999999062311e-07 0.1050000000000002
1 4.1233901894486582 0 0 1 
1 0 -0.55000000000000004 1 0 
1 -1.1895869511935648 -1.1895869511935644 0.83146961230254524 -0.5555702330196024 
1 0 0 0 -1 
1 0.6564126028747862 0 0 -1 
1 -1.5542702539297133 -0.64379981877076131 0.55557023301960218 -0.83146961230254535 
1 0 0 1 0 
1 -1.6823300000000001 1.9787317358018891e-16 0.19509032201612805 -0.98078528040323054 
1 0 0 1 0 
1 0 0 1 0 
1 -1.6823300000000001 1.9787317358018891e-16 0.19509032201612805 -0.98078528040323054 
8 -0.4923094521560899 0.16410315071869633
1 0.16410315071869633 -0.050000000000000266 -1 0 
8 -0.4923094521560899 0.16410315071869633
1 -1.6500045528388765 0.16410262729027228 -3.1722847762882606e-07 0.99999999999994982 
1 0.6564126028747862 0 0 -1 
1 0 0 0 -1 
1 0 -0.55000000000000004 1 0 
1 -1.6823300000000001 1.9787317358018891e-16 0.19509032201612805 -0.98078528040323054 
8 -5.999999999062311e-07 0.1050000000000002
1 0.49063421715144834 -0.5 0 -1 
8 -5.999999999062311e-07 0.1050000000000002
1 3.5342415152791498 0 0 1 
8 -0.10812650117105899 0.49230945215608979
1 0.16410315071869644 -0.5 1 0 
8 -0.10812650117105899 0.49230945215608979
1 -1.6265925535987589 -0.32193378395201072 0.29028449141792972 -0.95694039210508519 
8 -5.999999999062311e-07 0.1050000000000002
1 0.16577838572333739 -0.5 0 -1 
8 -5.999999999062311e-07 0.1050000000000002
1 3.3379920260512099 0 0 1 
1 0 -0.55000000000000004 1 0 
1 -1.6823300000000001 1.9787317358018891e-16 0.19509032201612805 -0.98078528040323054 
1 0 0 0 -1 
1 0.6564126028747862 0 0 -1 
1 -0.64379981877076231 -1.5542702539297126 0.98078528040323032 -0.19509032201612886 
1 0 0 1 0 
1 1.5542702539297126 -0.64379981877076253 0.19509032201612872 0.98078528040323032 
1 0 0 1 0 
1 0 -0.55000000000000004 1 0 
1 1.5542702539297126 -0.64379981877076253 0.19509032201612872 0.98078528040323032 
8 -5.999999999062311e-07 0.1050000000000002
1 6.2831350871702192 0 0 1 
8 -5.999999999062311e-07 0.1050000000000002
1 0.490634217151449 -0.5 0 -1 
8 -0.16410315071869672 0.32653108776319861
1 0.16410315071869672 -0.50000000000000022 1 0 
8 -0.16410315071869672 0.32653108776319861
1 1.6259742934421981 -0.32504198765349668 0.098017333593095515 0.99518470763738132 
8 -5.999999999062311e-07 0.1050000000000002
1 6.0868855979422785 0 0 1 
8 -5.999999999062311e-07 0.1050000000000002
1 0.16577838572333789 -0.5 0 -1 
1 0 -0.55000000000000004 1 0 
1 1.5542702539297126 -0.64379981877076253 0.19509032201612872 0.98078528040323032 
1 1.7383264434448311e-18 0.050000000000000044 1 0 
2 8.4567467151216243e-17 -8.1528313807677844e-18 0.99518474570697513 -0.098016947066022472 0.098016947066022472 0.99518474570697513 1.65798
1 6.2831853071795862 -0 0 1 
1 0 -0 0 1 
1 1.7383264434448311e-18 0.050000000000000044 1 0 
2 8.4567467151216243e-17 -8.1528313807677844e-18 0.99518474570697513 -0.098016947066022472 0.098016947066022472 0.99518474570697513 1.65798
1 0 0 1 0 
2 0 0 1 0 -0 1 1.65798
1 0 0 1 0 
2 0 0 1 0 -0 1 1.65798
1 1.7383264434448311e-18 0.050000000000000044 1 0 
2 8.4567467151216243e-17 -8.1528313807677844e-18 0.99518474570697513 -0.098016947066022472 0.098016947066022472 0.99518474570697513 1.65798
8 -5.999999999062311e-07 0.1050000000000002
1 5.4977369237727709 0 0 1 
8 -5.999999999062311e-07 0.1050000000000002
1 0.49063421715144773 -0.5 0 -1 
1 0 0 1 0 
2 0 0 1 0 -0 1 1.65798
8 -5.999999999062311e-07 0.1050000000000002
1 5.3014874345448311 0 0 1 
8 -5.999999999062311e-07 0.1050000000000002
1 0.16577838572333675 -0.5 0 -1 
1 1.7383264434448311e-18 0.050000000000000044 1 0 
2 8.4567467151216243e-17 -8.1528313807677844e-18 0.99518474570697513 -0.098016947066022472 0.098016947066022472 0.99518474570697513 1.65798
1 0 0 1 0 
2 0 0 1 0 -0 1 1.65798
1 1.7383264434448311e-18 0.050000000000000044 1 0 
2 8.4567467151216243e-17 -8.1528313807677844e-18 0.99518474570697513 -0.098016947066022472 0.098016947066022472 0.99518474570697513 1.65798
8 -5.999999999062311e-07 0.1050000000000002
1 4.7123387603753235 0 0 1 
8 -5.999999999062311e-07 0.1050000000000002
1 0.49063421715145128 -0.5 0 -1 
1 0 0 1 0 
2 0 0 1 0 -0 1 1.65798
8 -5.999999999062311e-07 0.1050000000000002
1 4.5160892711473801 0 0 1 
8 -5.999999999062311e-07 0.1050000000000002
1 0.16577838572333481 -0.5 0 -1 
1 1.7383264434448311e-18 0.050000000000000044 1 0 
2 8.4567467151216243e-17 -8.1528313807677844e-18 0.99518474570697513 -0.098016947066022472 0.098016947066022472 0.99518474570697513 1.65798
1 0 0 1 0 
2 0 0 1 0 -0 1 1.65798
1 1.7383264434448311e-18 0.050000000000000044 1 0 
2 8.4567467151216243e-17 -8.1528313807677844e-18 0.99518474570697513 -0.098016947066022472 0.098016947066022472 0.99518474570697513 1.65798
8 -5.999999999062311e-07 0.1050000000000002
1 3.9269405969778743 0 0 1 
8 -5.999999999062311e-07 0.1050000000000002
1 0.49063421715144878 -0.5 0 -1 
1 0 0 1 0 
2 0 0 1 0 -0 1 1.65798
8 -5.999999999062311e-07 0.1050000000000002
1 3.7306911077499341 0 0 1 
8 -5.999999999062311e-07 0.1050000000000002
1 0.16577838572333778 -0.5 0 -1 
1 1.7383264434448311e-18 0.050000000000000044 1 0 
2 8.4567467151216243e-17 -8.1528313807677844e-18 0.99518474570697513 -0.098016947066022472 0.098016947066022472 0.99518474570697513 1.65798
1 0 0 1 0 
2 0 0 1 0 -0 1 1.65798
1 1.7383264434448311e-18 0.050000000000000044 1 0 
2 8.4567467151216243e-17 -8.1528313807677844e-18 0.99518474570697513 -0.098016947066022472 0.098016947066022472 0.99518474570697513 1.65798
8 -5.999999999062311e-07 0.1050000000000002
1 0.49063421715144873 -0.5 0 -1 
8 -5.999999999062311e-07 0.1050000000000002
1 3.1415424335804261 0 0 1 
1 0 0 1 0 
2 0 0 1 0 -0 1 1.65798
8 -5.999999999062311e-07 0.1050000000000002
1 0.16577838572333764 -0.5 0 -1 
8 -5.999999999062311e-07 0.1050000000000002
1 2.9452929443524862 0 0 1 
2 8.4567467151216243e-17 -8.1528313807677844e-18 0.99518474570697513 -0.098016947066022472 0.098016947066022472 0.99518474570697513 1.65798
1 1.7383264434448311e-18 0.050000000000000044 1 0 
1 0 0 1 0 
2 0 0 1 0 -0 1 1.65798
1 1.7383264434448311e-18 0.050000000000000044 1 0 
2 8.4567467151216243e-17 -8.1528313807677844e-18 0.99518474570697513 -0.098016947066022472 0.098016947066022472 0.99518474570697513 1.65798
8 -5.999999999062311e-07 0.1050000000000002
1 2.3561442701829796 0 0 1 
8 -5.999999999062311e-07 0.1050000000000002
1 0.49063421715145134 -0.5 0 -1 
1 0 0 1 0 
2 0 0 1 0 -0 1 1.65798
8 -5.999999999062311e-07 0.1050000000000002
1 2.1598947809550362 0 0 1 
8 -5.999999999062311e-07 0.1050000000000002
1 0.16577838572333473 -0.5 0 -1 
1 1.7383264434448311e-18 0.050000000000000044 1 0 
2 8.4567467151216243e-17 -8.1528313807677844e-18 0.99518474570697513 -0.098016947066022472 0.098016947066022472 0.99518474570697513 1.65798
1 0 0 1 0 
2 0 0 1 0 -0 1 1.65798
1 1.7383264434448311e-18 0.050000000000000044 1 0 
2 8.4567467151216243e-17 -8.1528313807677844e-18 0.99518474570697513 -0.098016947066022472 0.098016947066022472 0.99518474570697513 1.65798
8 -5.999999999062311e-07 0.1050000000000002
1 1.5707461067855297 0 0 1 
8 -5.999999999062311e-07 0.1050000000000002
1 0.49063421715144862 -0.5 0 -1 
1 0 0 1 0 
2 0 0 1 0 -0 1 1.65798
8 -5.999999999062311e-07 0.1050000000000002
1 1.3744966175575895 0 0 1 
8 -5.999999999062311e-07 0.1050000000000002
1 0.16577838572333764 -0.5 0 -1 
1 1.7383264434448311e-18 0.050000000000000044 1 0 
2 8.4567467151216243e-17 -8.1528313807677844e-18 0.99518474570697513 -0.098016947066022472 0.098016947066022472 0.99518474570697513 1.65798
1 0 0 1 0 
2 0 0 1 0 -0 1 1.65798
1 1.7383264434448311e-18 0.050000000000000044 1 0 
2 8.4567467151216243e-17 -8.1528313807677844e-18 0.99518474570697513 -0.098016947066022472 0.098016947066022472 0.99518474570697513 1.65798
8 -5.999999999062311e-07 0.1050000000000002
1 0.78534794338808134 0 0 1 
8 -5.999999999062311e-07 0.1050000000000002
1 0.49063421715144839 -0.5 0 -1 
1 0 0 1 0 
2 0 0 1 0 -0 1 1.65798
8 -5.999999999062311e-07 0.1050000000000002
1 0.58909845416014139 0 0 1 
8 -5.999999999062311e-07 0.1050000000000002
1 0.16577838572333745 -0.5 0 -1 
1 1.7383264434448311e-18 0.050000000000000044 1 0 
2 8.4567467151216243e-17 -8.1528313807677844e-18 0.99518474570697513 -0.098016947066022472 0.098016947066022472 0.99518474570697513 1.65798
1 0 0 1 0 
2 0 0 1 0 -0 1 1.65798
1 1.7383264434448311e-18 0.050000000000000044 1 0 
2 8.4567467151216243e-17 -8.1528313807677844e-18 0.99518474570697513 -0.098016947066022472 0.098016947066022472 0.99518474570697513 1.65798
1 0 0.55000000000000004 1 0 
2 0 0 1 0 -0 1 1.65798
1 0.64379981877076198 -1.5542702539297129 0.83146961230254535 0.55557023301960218 
1 0 -0.55000000000000004 1 0 
8 -0.16410315071869622 0.49230945215608912
1 0.16410315071869622 -0.50000000000000022 1 0 
8 -0.16410315071869622 0.49230945215608912
1 0.91989805528784285 -1.3795768425681245 0.77301057656104566 0.63439313404604247 
1 0 -0.55000000000000004 1 0 
1 0.64379981877076198 -1.5542702539297129 0.83146961230254535 0.55557023301960218 
1 0 -0.55000000000000004 1 0 
1 -0.64379981877076231 -1.5542702539297126 0.98078528040323032 -0.19509032201612886 
8 -0.16410315071869655 0.32653108776320128
1 0.16410315071869655 -0.5 1 0 
8 -0.16410315071869655 0.32653108776320128
1 -0.32504198765349673 -1.6259742934421979 0.99518470763738121 -0.09801733359309564 
1 0 -0.55000000000000004 1 0 
1 -0.64379981877076231 -1.5542702539297126 0.98078528040323032 -0.19509032201612886 
1 0.64379981877076176 1.5542702539297131 -0.98078528040323043 0.19509032201612836 
1 0 0 1 0 
1 0.64379981877076176 1.5542702539297131 -0.98078528040323043 0.19509032201612836 
1 0 -0.55000000000000004 1 0 
8 -0.16410315071869658 0.32653108776319784
1 0.16410315071869658 -0.5 1 0 
8 -0.16410315071869658 0.32653108776319784
1 0.32504198765349596 1.6259742934421983 -0.99518470763738132 0.098017333593095127 
1 0 -0.55000000000000004 1 0 
1 0.64379981877076176 1.5542702539297131 -0.98078528040323043 0.19509032201612836 
1 1.5542702539297131 0.64379981877076153 -0.55557023301960218 0.83146961230254524 
1 0 -0.55000000000000004 1 0 
8 -0.16410315071869663 0.49230945215608934
1 0.16410315071869663 -0.50000000000000022 1 0 
8 -0.16410315071869663 0.49230945215608934
1 1.3795768425681245 0.91989805528784296 -0.63439313404604247 0.77301057656104544 
1 0 -0.55000000000000004 1 0 
1 1.5542702539297131 0.64379981877076153 -0.55557023301960218 0.83146961230254524 
1 -1.5542702539297131 0.64379981877076176 -0.19509032201612836 -0.98078528040323043 
1 0 0 1 0 
1 0 -0.55000000000000004 1 0 
1 -1.5542702539297131 0.64379981877076176 -0.19509032201612836 -0.98078528040323043 
8 -0.16410315071869655 0.32653108776319822
1 0.16410315071869655 -0.5 1 -0 
8 -0.16410315071869655 0.32653108776319822
1 -1.6259742934421983 0.32504198765349601 -0.098017333593095141 -0.99518470763738121 
1 0 -0.55000000000000004 1 0 
1 -1.5542702539297131 0.64379981877076176 -0.19509032201612836 -0.98078528040323043 
1 -0.64379981877076131 1.5542702539297131 -0.83146961230254524 -0.55557023301960218 
1 0 -0.55000000000000004 1 0 
8 -0.16410315071869655 0.49230945215608957
1 0.16410315071869655 -0.5 1 -0 
8 -0.16410315071869655 0.49230945215608957
1 -0.91989805528784263 1.3795768425681245 -0.77301057656104555 -0.63439313404604258 
1 0 -0.55000000000000004 1 0 
1 -0.64379981877076131 1.5542702539297131 -0.83146961230254524 -0.55557023301960218 
1 -1.5542702539297133 -0.64379981877076131 0.55557023301960218 -0.83146961230254535 
1 0 -0.55000000000000004 1 0 
8 -0.16410315071869647 0.49230945215608973
1 0.16410315071869647 -0.5 1 0 
8 -0.16410315071869647 0.49230945215608973
1 -1.379576842568125 -0.91989805528784252 0.63439313404604247 -0.77301057656104566 
1 0 -0.55000000000000004 1 0 
1 -1.5542702539297133 -0.64379981877076131 0.55557023301960218 -0.83146961230254535 
2 0 0 0.99518473323210499 -0.098017073725673684 0.098017073725673684 0.99518473323210499 1.6499999999999999
1 0 2 1 0 
1 6.2831853071795862 -0 0 1 
1 0 -0 0 1 
2 -6.0358599999999996 -3.7071637832733567e-16 2.2204460492503131e-16 1 -1 2.2204460492503131e-16 1.6499999999999999
1 0 474 1 0 
2 0 0 2.2204460492503131e-16 1 -1 2.2204460492503131e-16 1.6499999999999999
1 0 474 1 0 
2 -6.0358599999999996 -3.7071637832733567e-16 2.2204460492503131e-16 1 -1 2.2204460492503131e-16 1.6499999999999999
1 0 474 1 0 
2 6.0358599999999996 0 1 0 -0 1 6.4643899999999999
2 4.230685749280051e-16 -3.7071637832733567e-16 1 0 -0 1 6.4643899999999999
Curves 325
2 0 0 0 0 0 1 1 0 -0 -0 1 0 6.4643899999999999
1 12.500249999999999 0 0 0 0 1 
7 0 0  8 16 3  12.500249999999999 -1.7763568394002505e-15 25  12.500249999999999 -0.73890680426935607 25  12.403723710755589 -1.4786862200426922 25  12.21027628589686 -2.2032266334041584 25  11.923201647124532 -2.8979427547088128 25  11.547762336868837 -3.5491635030137103 25  11.091581745485009 -4.1443787951365181 25  10.564211996087867 -4.6720825924251761 25  9.5586609840006318 -5.4460168541357916 25  9.1082435296416442 -5.7300207817517252 25  8.6318751606915445 -5.9712673647549703 25  8.134337397688773 -6.1670610425714933 25  7.6206403817677986 -6.3153616741814034 25  7.0959984242738958 -6.4147314123459944 25  6.5658424644290676 -6.4643908198568729 25  6.0358500000001296 -6.4643899999922647 25 
 0 9 0.58232409071013214 7 1 9
1 6.0358500000001305 -6.4643899999922656 0 0 0 1 
1 6.0358499999999999 -6.4644000000000004 0 0 1 0 
2 0 0 0 0 0 1 1 0 -0 -0 1 0 6.4643899999999999
1 6.0358500000001296 6.4643899999922656 0 0 0 1 
7 0 0  6 22 5  6.0358500000001305 6.4643899999922656 25  6.5034658392830522 6.4643907233642048 25  6.9711216544619496 6.4238001748460629 25  7.4343242014114965 6.3426058240415655 25  7.8887227230733794 6.2214808180361088 25  8.3300866105516977 6.0616438916287301 25  8.9583294711431076 5.7704471240504587 25  9.1583699637955949 5.6673836541093472 25  9.3540190598034538 5.556013025476112 25  9.5448480317616617 5.4365714329098331 25  9.7304456201998732 5.3093243374720274 25  10.192122780153802 4.9636345177369048 25  10.460055316089688 4.7342935631420042 25  10.712694538686337 4.4876797032253712 25  10.948674060187027 4.22507968151365 25  11.166764384640196 3.9479118582617803 25  11.732512533271461 3.1235084665579134 25  12.034992020291662 2.545006776452178 25  12.266367157792457 1.9322337150068287 25  12.422317092390147 1.2960710667167104 25  12.500249999999999 0.64793547532860041 25  12.500249999999999 -2.6905464923556228e-26 25 
 0 7 0.27631881865064806 5 0.40917476171731892 5 0.61712968696774129 5 1 7
7 0 0  1 2 2  6.0358499999999999 6.4644000000000004 25  1.6499993999999756 6.4644000000000004 25 
 0 2 1 2
7 0 0  1 2 2  6.0358499999999999 -6.4644000000000004 25  1.649999399999972 -6.4644000000000004 25 
 0 2 1 2
7 0 0  1 2 2  499.5 -1.6499999999999999 0  -499.5 -1.6499999999999999 0 
 0 2 1 2
1 6.0358499999999999 -6.4644000000000004 0 0 1 0 
1 6.0358499999999999 -6.4644000000000004 0 0 0 1 
2 0 0 0 0 0 1 1 0 -0 -0 1 0 6.4643899999999999
1 6.0358499999999999 -6.4644000000000004 0 0 1 0 
1 6.0358499999999999 6.4644000000000004 0 0 0 1 
1 6.0358499999999999 6.4644000000000004 0 -1 0 0 
1 -6.0358499999999999 6.4644000000000004 0 0 0 1 
7 0 0  1 2 2  -1.6499993999999987 6.4644000000000004 25  -6.0358499999999999 6.4644000000000004 25 
 0 2 1 2
1 -1.6499999999999986 6.4644000000000066 -237.5 -0 -0 -1 
1 3.8429249999999442 6.4644000000000066 25.5 -1 0 0 
1 1.6500000000000017 6.4644000000000066 -237.5 -0 -0 -1 
1 -6.0358499999999999 -6.4644000000000004 0 1 0 0 
1 1.6499999999999986 -6.4644000000000066 -237.5 0 -0 1 
1 -2.1929250000000557 -6.4644000000000066 25.5 1 0 0 
1 -1.6500000000000017 -6.4644000000000066 -237.5 0 -0 1 
7 0 0  1 2 2  -1.6499994000000013 -6.4644000000000004 25  -6.0358499999999999 -6.4644000000000004 25 
 0 2 1 2
1 -6.0358499999999999 -6.4644000000000004 0 0 0 1 
1 0 0 1 1 0 -0 
1 0 0 1 1 0 -0 
1 -6.0358499999999999 6.4644000000000004 0 0 -1 0 
7 0 0  1 2 2  -6.0358499999999999 6.4644000000000004 25  -6.0358499999999999 -6.4644000000000004 25 
 0 2 1 2
7 0 0  1 2 2  499.5 1.6499999999999999 0  -499.5 1.6499999999999999 0 
 0 2 1 2
1 0 3.2999999999999998 1 1 0 -0 
1 0 3.2999999999999998 1 1 0 -0 
2 0 0 0 0 0 1 1 0 -0 -0 1 0 1.6499999999999999
1 -250.57499915927988 -1.6499983185597045 0.5 -1 1.7938038903913487e-16 0 
1 1.6499983185597582 -1.6499991592798771 0.5 -1.0146536357569526e-17 -1 0 
2 0 0 0 0 0 1 1 0 -0 -0 1 0 1.6499999999999999
2 0 0 0 0 0 1 1 0 -0 -0 1 0 1.6499999999999999
1 1.6499983185597582 -1.6499991592798771 0.5 -1.0146536357569526e-17 -1 0 
1 -248.92500084072012 1.6499983185597191 0.5 1 1.2116883882008518e-16 -0 
2 0 0 0 0 0 1 1 0 -0 -0 1 0 1.6499999999999999
2 0 0 0 0 0 1 1 0 -0 -0 1 0 1.6499999999999999
1 -248.92500084072012 1.6499983185597191 0.5 1 1.2116883882008518e-16 -0 
1 -1.6499983185597582 -8.407201279592158e-07 0.5 1.0146536357569526e-17 1 -0 
2 0 0 0 0 0 1 1 0 -0 -0 1 0 1.6499999999999999
1 -1.6499983185597582 -8.407201279592158e-07 0.5 1.0146536357569526e-17 1 -0 
1 -250.57499915927988 -1.6499983185597045 0.5 -1 1.7938038903913487e-16 0 
2 0 0 0 0 0 1 1 0 -0 -0 1 0 1.6499999999999999
1 -0.0023555784850094654 -1.6499983185597495 0.5 0 0 1 
2 0 0 0.95000000000000018 0 0 1 1 0 -0 -0 1 0 1.6499999999999999
1 0.0023555784850088739 -1.6499983185597495 0.5 0 0 1 
1 -4.2864781102055869e-16 -2.33345 0 0 0 1 
1 -2.33345 2.8576520734703911e-16 0 0.70710678118654735 -0.70710678118654768 0 
1 0.68345724955940024 -1.6499983185597498 0.70000000000000007 0 -0 1 
1 -0.82499915927987488 -1.6499983185597493 0.95000000000000018 1 -1.7938038903913487e-16 0 
1 1.6499983185597493 -0.0023555784851034497 0.5 0 0 1 
1 1.6499983185597493 -0.82499915927987466 0.95000000000000018 1.0146536357569526e-17 1 -0 
1 1.6499983185597493 -0.68345836756316447 0.70000000000000007 0 0 -1 
1 -4.2864781102055869e-16 -2.33345 0 0.70710678118654757 0.70710678118654746 0 
1 1.6499999999999999 -4.0413344371862655e-16 0 0 0 1 
2 0 0 0.95000000000000018 0 0 1 1 0 -0 -0 1 0 1.6499999999999999
2 0 0 0.95000000000000018 0 0 1 1 0 -0 -0 1 0 1.6499999999999999
1 1.6499983185597493 0.0023555784851034159 0.5 0 0 1 
1 2.33345 0 0 0 0 1 
1 -4.2864781102055869e-16 -2.33345 0 0.70710678118654757 0.70710678118654746 0 
1 1.6499983185597493 0.68345724955940046 0.70000000000000007 0 0 1 
1 1.6499983185597493 -0.82499915927987466 0.95000000000000018 1.0146536357569526e-17 1 -0 
1 0.0023555784851032329 1.6499983185597493 0.5 0 0 1 
1 0.82499915927987433 1.6499983185597493 0.95000000000000018 -1 -1.2116883882008518e-16 0 
1 0.68345836756316447 1.6499983185597493 0.70000000000000007 0 -0 -1 
1 2.33345 0 0 -0.70710678118654757 0.70710678118654757 0 
2 0 0 0.95000000000000018 0 0 1 1 0 -0 -0 1 0 1.6499999999999999
1 -0.0023555784851036327 1.6499983185597493 0.5 0 0 1 
1 1.4288260367351956e-16 2.33345 0 0 0 1 
1 2.33345 0 0 -0.70710678118654757 0.70710678118654757 0 
1 -0.68345724955940046 1.6499983185597493 0.70000000000000007 0 0 1 
1 0.82499915927987433 1.6499983185597493 0.95000000000000018 -1 -1.2116883882008518e-16 0 
1 -1.6499983185597495 0.0023555784850091866 0.5 0 0 1 
1 -1.6499983185597495 0.82499915927987455 0.95000000000000018 -1.0146536357569526e-17 -1 0 
1 -1.6499983185597498 0.68345836756316369 0.70000000000000007 0 0 -1 
1 1.4288260367351956e-16 2.33345 0 -0.70710678118654757 -0.70710678118654746 0 
2 0 0 0.95000000000000018 0 0 1 1 0 -0 -0 1 0 1.6499999999999999
1 -1.6499983185597495 -0.0023555784850091527 0.5 0 0 1 
1 -2.33345 2.8576520734703911e-16 0 0 0 1 
1 1.4288260367351956e-16 2.33345 0 -0.70710678118654757 -0.70710678118654746 0 
1 -1.6499983185597495 -0.68345724955940024 0.70000000000000007 -0 0 1 
1 -1.6499983185597495 0.82499915927987455 0.95000000000000018 -1.0146536357569526e-17 -1 0 
1 -0.82499915927987488 -1.6499983185597493 0.95000000000000018 1 -1.7938038903913487e-16 0 
1 -0.68345836756316414 -1.6499983185597498 0.70000000000000007 0 0 -1 
1 -2.33345 2.8576520734703911e-16 0 0.70710678118654735 -0.70710678118654768 0 
1 -1.2628573558601148 -1.2628573558601144 0 0.92387953251128674 -0.38268343236508984 0 
1 -1.7859499999999999 2.1871579509372153e-16 0 0.38268343236508956 -0.92387953251128685 0 
1 -3.2807369264058226e-16 -1.7859499999999999 0 0.92387953251128685 0.38268343236508962 0 
1 0.92508995526356697 -1.4083658923535609 1 -0.70710719014396151 -0.70710637222889716 0 
1 -3.2807369264058226e-16 -1.7859499999999999 0 0.92387953251128685 0.38268343236508962 0 
1 1.2628573558601142 -1.2628573558601148 0 0 0 1 
1 -3.2807369264058226e-16 -1.7859499999999999 0 0.92387953251128685 0.38268343236508962 0 
1 1.398807774379474 -0.93464862118985392 1.2000000000000002 0 0 1 
1 0.92508995526356685 -1.4083658923535611 1.45 0.70710719014396151 0.70710637222889716 -0 
1 0.9346473879376247 -1.3988084707346422 1.2000000000000002 0 0 -1 
1 -3.2807369264058226e-16 -1.7859499999999999 0 0.92387953251128685 0.38268343236508962 0 
1 -3.2807369264058226e-16 -1.7859499999999999 0 0 0 1 
1 1.7859499999999999 0 0 -0.38268343236508973 0.92387953251128674 0 
1 1.2628573558601142 -1.2628573558601148 0 0.38268343236508989 0.92387953251128674 0 
1 1.4083658923535607 0.92508995526356719 1 0.70710637222889727 -0.70710719014396128 0 
1 1.7859499999999999 0 0 -0.38268343236508973 0.92387953251128674 0 
1 1.2628573558601146 1.2628573558601144 0 0 0 1 
1 1.7859499999999999 0 0 -0.38268343236508973 0.92387953251128674 0 
1 0.93464862118985303 1.3988077743794745 1.2000000000000002 0 0 1 
1 1.4083658923535607 0.92508995526356719 1.45 -0.70710637222889727 0.70710719014396128 0 
1 1.3988084707346431 0.93464738793762381 1.2000000000000002 0 0 -1 
1 1.7859499999999999 0 0 -0.38268343236508973 0.92387953251128674 0 
1 1.7859499999999999 0 0 0 0 1 
1 1.0935789754686077e-16 1.7859499999999999 0 -0.92387953251128674 -0.38268343236508973 0 
1 1.2628573558601146 1.2628573558601144 0 -0.92387953251128674 0.38268343236508984 0 
1 -0.92508995526356708 1.4083658923535607 1 0.70710719014396139 0.70710637222889727 -0 
1 1.0935789754686077e-16 1.7859499999999999 0 -0.92387953251128674 -0.38268343236508973 0 
1 -1.2628573558601144 1.2628573558601146 0 0 0 1 
1 1.0935789754686077e-16 1.7859499999999999 0 -0.92387953251128674 -0.38268343236508973 0 
1 -1.3988077743794745 0.93464862118985281 1.2000000000000002 0 0 1 
1 -0.92508995526356708 1.4083658923535607 1.45 -0.70710719014396139 -0.70710637222889727 0 
1 -0.93464738793762392 1.3988084707346429 1.2000000000000002 0 0 -1 
1 1.0935789754686077e-16 1.7859499999999999 0 -0.92387953251128674 -0.38268343236508973 0 
1 1.0935789754686077e-16 1.7859499999999999 0 0 0 1 
1 -1.7859499999999999 2.1871579509372153e-16 0 0.38268343236508956 -0.92387953251128685 0 
1 -1.2628573558601144 1.2628573558601146 0 -0.38268343236508989 -0.92387953251128674 0 
1 -1.4083658923535609 -0.92508995526356697 1 -0.70710637222889716 0.70710719014396151 0 
1 -1.2628573558601148 -1.2628573558601144 0 0 0 1 
1 -1.7859499999999999 2.1871579509372153e-16 0 0.38268343236508956 -0.92387953251128685 0 
1 -0.9346486211898537 -1.398807774379474 1.2000000000000002 0 0 1 
1 -1.4083658923535609 -0.92508995526356697 1.45 0.70710637222889716 -0.70710719014396151 0 
1 -1.3988084707346431 -0.93464738793762359 1.2000000000000002 0 0 -1 
1 -1.7859499999999999 2.1871579509372153e-16 0 0.38268343236508956 -0.92387953251128685 0 
1 -1.7859499999999999 2.1871579509372153e-16 0 0 0 1 
1 -1.2628573558601148 -1.2628573558601144 0 0.92387953251128674 -0.38268343236508984 0 
1 0.32821008477018765 -1.6500028409101906 1.2000000000000002 0 -0 1 
1 -0.341727692300618 -1.6500024534494742 1.45 0.99999999999983291 -5.7835328825699573e-07 0 
1 -0.32821144920866352 -1.650002461266638 1.2000000000000002 0 0 -1 
1 -1.2628573558601148 -1.2628573558601144 0 0.92387953251128674 -0.38268343236508984 0 
1 1.2628573558601142 -1.2628573558601148 0 0.38268343236508989 0.92387953251128674 0 
1 1.6500028409101903 0.32821008477018665 1.2000000000000002 0 0 1 
1 1.6500024534494739 -0.341727692300618 1.45 5.7835328833345263e-07 0.9999999999998328 -0 
1 1.650002461266638 -0.32821144920866341 1.2000000000000002 0 0 -1 
1 1.2628573558601142 -1.2628573558601148 0 0.38268343236508989 0.92387953251128674 0 
1 1.4616056253724334 -0.78304130960776797 1.5000000000000002 -0.38268367361294492 -0.92387943258311644 0 
1 1.1895869511935642 -1.1895869511935648 0 0.55557023301960262 0.8314696123025449 0 
1 1.1895869511935642 -1.1895869511935648 0 0.55557023301960262 0.8314696123025449 0 
1 1.5542702539297126 -0.64379981877076253 0 0 0 1 
1 1.1895869511935642 -1.1895869511935648 0 0.55557023301960262 0.8314696123025449 0 
1 1.5865637334236717 -0.48136597323111729 1.95 0 0 1 
1 1.4616056253724334 -0.78304130960776797 1.9500000000000002 0.38268367361294492 0.92387943258311644 -0 
1 1.4622467104581747 -0.78149359444223698 1.95 0 0 1 
1 1.1895869511935642 -1.1895869511935648 0 0.55557023301960262 0.8314696123025449 0 
1 1.1895869511935642 -1.1895869511935648 0 0 0 1 
1 0.64379981877076187 -1.5542702539297129 0 0.83146961230254535 0.55557023301960218 0 
1 -3.0903900744143499e-16 -1.6823300000000001 0 0.98078528040323032 0.19509032201612847 0 
1 -3.0903900744143499e-16 -1.6823300000000001 0 0.98078528040323032 0.19509032201612847 0 
1 0.47981742914840553 -1.5872050690940998 1.5000000000000002 -0.92387963243939397 -0.38268319111720928 0 
1 0.64379981877076187 -1.5542702539297129 0 0 0 1 
1 -3.0903900744143499e-16 -1.6823300000000001 0 0.98078528040323032 0.19509032201612847 0 
1 0.78149283078434006 -1.4622471185927088 1.95 0 0 1 
1 0.47981742914840553 -1.5872050690940998 1.9500000000000002 0.92387963243939397 0.38268319111720928 -0 
1 0.48136514464874325 -1.5865639848166524 1.95 0 0 1 
1 -3.0903900744143499e-16 -1.6823300000000001 0 0.98078528040323032 0.19509032201612847 0 
1 -3.0903900744143499e-16 -1.6823300000000001 0 0 0 1 
1 1.2628573558601146 1.2628573558601144 0 -0.92387953251128674 0.38268343236508984 0 
1 -0.32821008477018787 1.6500028409101901 1.2000000000000002 0 0 1 
1 0.34172769230061778 1.6500024534494742 1.45 -0.99999999999983291 5.7835328825699573e-07 0 
1 0.32821144920866274 1.650002461266638 1.2000000000000002 0 0 -1 
1 1.2628573558601146 1.2628573558601144 0 -0.92387953251128674 0.38268343236508984 0 
1 0.7830413096077673 1.4616056253724339 1.5000000000000002 0.92387943258311656 -0.38268367361294459 0 
1 1.1895869511935646 1.1895869511935644 0 -0.83146961230254512 0.5555702330196024 0 
1 1.1895869511935646 1.1895869511935644 0 -0.83146961230254512 0.5555702330196024 0 
1 0.64379981877076164 1.5542702539297131 0 0 0 1 
1 1.1895869511935646 1.1895869511935644 0 -0.83146961230254512 0.5555702330196024 0 
1 0.48136597323111674 1.586563733423672 1.95 0 0 1 
1 0.78304130960776752 1.4616056253724339 1.9500000000000002 -0.92387943258311656 0.38268367361294459 0 
1 0.78149359444223643 1.4622467104581749 1.95 0 0 1 
1 1.1895869511935646 1.1895869511935644 0 -0.83146961230254512 0.5555702330196024 0 
1 1.1895869511935646 1.1895869511935644 0 0 0 1 
1 1.5542702539297131 0.64379981877076153 0 -0.55557023301960218 0.83146961230254524 0 
1 1.6823300000000001 0 0 -0.19509032201612836 0.98078528040323043 0 
1 1.6823300000000001 0 0 -0.19509032201612836 0.98078528040323043 0 
1 1.5872050690940998 0.47981742914840564 1.5000000000000002 0.38268319111720916 -0.92387963243939397 0 
1 1.5542702539297131 0.64379981877076153 0 0 0 1 
1 1.6823300000000001 0 0 -0.19509032201612836 0.98078528040323043 0 
1 1.4622471185927088 0.78149283078433995 1.95 0 0 1 
1 1.5872050690940998 0.47981742914840558 1.9500000000000002 -0.38268319111720916 0.92387963243939397 0 
1 1.5865639848166524 0.48136514464874314 1.95 0 0 1 
1 1.6823300000000001 0 0 -0.19509032201612836 0.98078528040323043 0 
1 1.6823300000000001 0 0 0 0 1 
1 -1.2628573558601144 1.2628573558601146 0 -0.38268343236508989 -0.92387953251128674 0 
1 -1.6500028409101906 -0.32821008477018554 1.2000000000000002 -0 0 1 
1 -1.6500024534494742 0.34172769230061784 1.45 -5.7835328833345263e-07 -0.9999999999998328 0 
1 -1.6500024612666382 0.32821144920866252 1.2000000000000002 0 0 -1 
1 -1.2628573558601144 1.2628573558601146 0 -0.38268343236508989 -0.92387953251128674 0 
1 -1.4616056253724339 0.78304130960776774 1.5000000000000002 0.38268367361294481 0.92387943258311656 -0 
1 -1.1895869511935644 1.1895869511935646 0 -0.55557023301960251 -0.83146961230254501 0 
1 -1.1895869511935644 1.1895869511935646 0 -0.55557023301960251 -0.83146961230254501 0 
1 -1.5542702539297131 0.64379981877076176 0 0 0 1 
1 -1.1895869511935644 1.1895869511935646 0 -0.55557023301960251 -0.83146961230254501 0 
1 -1.5865637334236711 0.48136597323111968 1.95 0 0 1 
1 -1.4616056253724339 0.78304130960776774 1.9500000000000002 -0.38268367361294481 -0.92387943258311656 0 
1 -1.4622467104581762 0.78149359444223432 1.95 0 0 1 
1 -1.1895869511935644 1.1895869511935646 0 -0.55557023301960251 -0.83146961230254501 0 
1 -1.1895869511935644 1.1895869511935646 0 0 0 1 
1 -0.64379981877076142 1.5542702539297131 0 -0.83146961230254524 -0.55557023301960218 0 
1 1.0301300248047834e-16 1.6823300000000001 0 -0.98078528040323043 -0.19509032201612836 0 
1 1.0301300248047834e-16 1.6823300000000001 0 -0.98078528040323043 -0.19509032201612836 0 
1 -0.47981742914840553 1.5872050690940998 1.5000000000000002 0.92387963243939397 0.38268319111720911 -0 
1 -0.64379981877076142 1.5542702539297131 0 0 0 1 
1 1.0301300248047834e-16 1.6823300000000001 0 -0.98078528040323043 -0.19509032201612836 0 
1 -0.78149283078433984 1.4622471185927088 1.95 0 0 1 
1 -0.47981742914840547 1.5872050690940998 1.95 -0.92387963243939397 -0.38268319111720911 0 
1 -0.48136514464874303 1.5865639848166524 1.95 0 0 1 
1 1.0301300248047834e-16 1.6823300000000001 0 -0.98078528040323043 -0.19509032201612836 0 
1 1.0301300248047834e-16 1.6823300000000001 0 0 0 1 
1 -0.78304130960776752 -1.4616056253724339 1.5000000000000002 -0.92387943258311656 0.38268367361294453 0 
1 -1.1895869511935648 -1.1895869511935644 0 0.83146961230254512 -0.55557023301960229 0 
1 -1.1895869511935648 -1.1895869511935644 0 0.83146961230254512 -0.55557023301960229 0 
1 -0.64379981877076242 -1.5542702539297126 0 0 0 1 
1 -1.1895869511935648 -1.1895869511935644 0 0.83146961230254512 -0.55557023301960229 0 
1 -0.48136597323111652 -1.5865637334236717 1.95 0 0 1 
1 -0.78304130960776752 -1.4616056253724339 1.9499999999999997 0.92387943258311656 -0.38268367361294453 0 
1 -0.78149359444223621 -1.4622467104581747 1.95 0 0 1 
1 -1.1895869511935648 -1.1895869511935644 0 0.83146961230254512 -0.55557023301960229 0 
1 -1.1895869511935648 -1.1895869511935644 0 0 0 1 
1 -1.5542702539297133 -0.64379981877076131 0 0.55557023301960218 -0.83146961230254535 0 
1 -1.6823300000000001 2.0602600496095668e-16 0 0.19509032201612803 -0.98078528040323043 0 
1 -1.6823300000000001 2.0602600496095668e-16 0 0.19509032201612803 -0.98078528040323043 0 
1 -1.5872050690940998 -0.47981742914840508 1.5000000000000002 -0.38268319111720883 0.92387963243939408 0 
1 -1.5542702539297133 -0.64379981877076131 0 0 0 1 
1 -1.6823300000000001 2.0602600496095668e-16 0 0.19509032201612803 -0.98078528040323043 0 
1 -1.4622471185927091 -0.7814928307843394 1.95 0 0 1 
1 -1.5872050690940998 -0.47981742914840519 1.95 0.38268319111720883 -0.92387963243939408 0 
1 -1.5865639848166526 -0.48136514464874253 1.95 0 0 1 
1 -1.6823300000000001 2.0602600496095668e-16 0 0.19509032201612803 -0.98078528040323043 0 
1 -1.6823300000000001 2.0602600496095668e-16 0 0 0 1 
1 -0.64379981877076242 -1.5542702539297126 0 0.98078528040323032 -0.19509032201612886 0 
1 1.5542702539297126 -0.64379981877076253 0 0.19509032201612872 0.98078528040323032 0 
1 1.5542702539297126 -0.64379981877076253 0 0.19509032201612872 0.98078528040323032 0 
1 1.6500045431946697 0.16242748485693689 1.95 0 0 1 
1 1.6500044579293065 -0.16410358157580415 1.9500000000000002 2.6112481078329327e-07 0.99999999999996603 -0 
1 1.6500044583667521 -0.16242834657116303 1.95 0 0 1 
1 1.5542702539297126 -0.64379981877076253 0 0.19509032201612872 0.98078528040323032 0 
2 0 0 2 0 0 1 0.99518473323210499 0.098017073725673684 -0 -0.098017073725673684 0.99518473323210499 0 1.65798
1 1.65798 -4.0608798001006574e-16 0 0 0 1 
2 0 0 2 0 0 1 0.99518473323210499 0.098017073725673684 -0 -0.098017073725673684 0.99518473323210499 0 1.65798
2 0 0 0 0 0 1 1 0 -0 -0 1 0 1.65798
2 0 0 0 0 0 1 1 0 -0 -0 1 0 1.65798
2 0 0 2 0 0 1 0.99518473323210499 0.098017073725673684 -0 -0.098017073725673684 0.99518473323210499 0 1.65798
1 1.2815829774749781 -1.0518758254881468 1.95 0 0 1 
2 0 0 0 0 0 1 1 0 -0 -0 1 0 1.65798
1 1.051875156181779 -1.2815835268165545 1.95 0 0 1 
2 0 0 2 0 0 1 0.99518473323210499 0.098017073725673684 -0 -0.098017073725673684 0.99518473323210499 0 1.65798
2 0 0 0 0 0 1 1 0 -0 -0 1 0 1.65798
2 0 0 2 0 0 1 0.99518473323210499 0.098017073725673684 -0 -0.098017073725673684 0.99518473323210499 0 1.65798
1 0.16242748485693942 -1.6500045431946693 1.95 0 0 1 
2 0 0 0 0 0 1 1 0 -0 -0 1 0 1.65798
1 -0.162428346571166 -1.6500044583667517 1.95 0 0 1 
2 0 0 2 0 0 1 0.99518473323210499 0.098017073725673684 -0 -0.098017073725673684 0.99518473323210499 0 1.65798
2 0 0 0 0 0 1 1 0 -0 -0 1 0 1.65798
2 0 0 2 0 0 1 0.99518473323210499 0.098017073725673684 -0 -0.098017073725673684 0.99518473323210499 0 1.65798
1 -1.0518758254881466 -1.2815829774749781 1.95 0 0 1 
2 0 0 0 0 0 1 1 0 -0 -0 1 0 1.65798
1 -1.2815835268165543 -1.051875156181779 1.95 0 0 1 
2 0 0 2 0 0 1 0.99518473323210499 0.098017073725673684 -0 -0.098017073725673684 0.99518473323210499 0 1.65798
2 0 0 0 0 0 1 1 0 -0 -0 1 0 1.65798
2 0 0 2 0 0 1 0.99518473323210499 0.098017073725673684 -0 -0.098017073725673684 0.99518473323210499 0 1.65798
1 -1.6500045431946695 -0.1624274848569375 1.95 0 0 1 
2 0 0 0 0 0 1 1 0 -0 -0 1 0 1.65798
1 -1.6500044583667519 0.16242834657116242 1.95 0 0 1 
2 0 0 2 0 0 1 0.99518473323210499 0.098017073725673684 -0 -0.098017073725673684 0.99518473323210499 0 1.65798
2 0 0 0 0 0 1 1 0 -0 -0 1 0 1.65798
2 0 0 2 0 0 1 0.99518473323210499 0.098017073725673684 -0 -0.098017073725673684 0.99518473323210499 0 1.65798
1 -1.2815829774749801 1.0518758254881444 1.95 0 0 1 
2 0 0 0 0 0 1 1 0 -0 -0 1 0 1.65798
1 -1.051875156181777 1.2815835268165561 1.95 0 0 1 
2 0 0 2 0 0 1 0.99518473323210499 0.098017073725673684 -0 -0.098017073725673684 0.99518473323210499 0 1.65798
2 0 0 0 0 0 1 1 0 -0 -0 1 0 1.65798
2 0 0 2 0 0 1 0.99518473323210499 0.098017073725673684 -0 -0.098017073725673684 0.99518473323210499 0 1.65798
1 -0.16242748485693753 1.6500045431946695 1.95 0 0 1 
2 0 0 0 0 0 1 1 0 -0 -0 1 0 1.65798
1 0.1624283465711624 1.6500044583667519 1.95 0 0 1 
2 0 0 2 0 0 1 0.99518473323210499 0.098017073725673684 -0 -0.098017073725673684 0.99518473323210499 0 1.65798
2 0 0 0 0 0 1 1 0 -0 -0 1 0 1.65798
2 0 0 2 0 0 1 0.99518473323210499 0.098017073725673684 -0 -0.098017073725673684 0.99518473323210499 0 1.65798
1 1.0518758254881466 1.2815829774749783 1.95 0 0 1 
2 0 0 0 0 0 1 1 0 -0 -0 1 0 1.65798
1 1.2815835268165543 1.0518751561817792 1.95 0 0 1 
2 0 0 2 0 0 1 0.99518473323210499 0.098017073725673684 -0 -0.098017073725673684 0.99518473323210499 0 1.65798
2 0 0 0 0 0 1 1 0 -0 -0 1 0 1.65798
2 0 0 2 0 0 1 0.99518473323210499 0.098017073725673684 -0 -0.098017073725673684 0.99518473323210499 0 1.65798
2 0 0 0.55000000000000004 0 0 1 1 0 -0 -0 1 0 1.65798
1 0.64379981877076187 -1.5542702539297129 0 0.83146961230254535 0.55557023301960218 0 
1 1.0506905858405959 -1.2827680965390962 1.9500000000000002 0.70710696582964772 0.70710659654339925 -0 
1 0.64379981877076187 -1.5542702539297129 0 0.83146961230254535 0.55557023301960218 0 
1 -0.64379981877076242 -1.5542702539297126 0 0.98078528040323032 -0.19509032201612886 0 
1 -0.16410358157580421 -1.6500044579293061 1.95 0.99999999999996592 -2.6112481092391292e-07 0 
1 -0.64379981877076242 -1.5542702539297126 0 0.98078528040323032 -0.19509032201612886 0 
1 0.64379981877076164 1.5542702539297131 0 -0.98078528040323043 0.19509032201612836 0 
1 0.64379981877076164 1.5542702539297131 0 -0.98078528040323043 0.19509032201612836 0 
1 0.1641035815758034 1.6500044579293065 1.95 -0.99999999999996592 2.6112481040615662e-07 0 
1 0.64379981877076164 1.5542702539297131 0 -0.98078528040323043 0.19509032201612836 0 
1 1.5542702539297131 0.64379981877076153 0 -0.55557023301960218 0.83146961230254524 0 
1 1.2827680965390962 1.0506905858405959 1.9500000000000002 -0.70710659654339936 0.7071069658296476 0 
1 1.5542702539297131 0.64379981877076153 0 -0.55557023301960218 0.83146961230254524 0 
1 -1.5542702539297131 0.64379981877076176 0 -0.19509032201612836 -0.98078528040323043 0 
1 -1.5542702539297131 0.64379981877076176 0 -0.19509032201612836 -0.98078528040323043 0 
1 -1.6500044579293065 0.16410358157580346 1.95 -2.6112481042247079e-07 -0.99999999999996592 0 
1 -1.5542702539297131 0.64379981877076176 0 -0.19509032201612836 -0.98078528040323043 0 
1 -0.64379981877076142 1.5542702539297131 0 -0.83146961230254524 -0.55557023301960218 0 
1 -1.0506905858405957 1.2827680965390962 1.95 -0.7071069658296476 -0.70710659654339925 0 
1 -0.64379981877076142 1.5542702539297131 0 -0.83146961230254524 -0.55557023301960218 0 
1 -1.5542702539297133 -0.64379981877076131 0 0.55557023301960218 -0.83146961230254535 0 
1 -1.2827680965390966 -1.0506905858405955 1.95 0.70710659654339925 -0.7071069658296476 0 
1 -1.5542702539297133 -0.64379981877076131 0 0.55557023301960218 -0.83146961230254535 0 
2 0 0 2.5 0 0 1 1 0 -0 -0 1 0 1.6499999999999999
1 1.6499999999999999 -4.0413344371862655e-16 0 0 0 1 
2 0 0 499.5 0 0 1 2.2204460492503131e-16 1 -0 -1 2.2204460492503131e-16 0 1.6499999999999999
2 0 0 499.5 0 0 1 2.2204460492503131e-16 1 -0 -1 2.2204460492503131e-16 0 1.6499999999999999
2 0 0 499.5 0 0 1 2.2204460492503131e-16 1 -0 -1 2.2204460492503131e-16 0 1.6499999999999999
2 0 0 0 0 0 1 1 0 -0 -0 1 0 6.4643899999999999
Polygon3D 0
PolygonOnTriangulations 0
Surfaces 113
2 6.0358599999999996 0 0 -0 -0 -1 1 0 0 0 1 0 6.4643899999999999
1 -4.230685749280051e-16 3.7071637832733567e-16 0 0 0 1 1 0 -0 -0 1 0 
2 6.0358599999999996 0 0 -0 -0 -1 1 0 0 0 1 0 6.4643899999999999
9 0 0 0 0 1 1 2 2 2 2 -999 -999 0  -999 999 0  
999 -999 0  999 999 0  

-998.99999999999989 2
999.00000000000011 2

-999 2
999 2

1 6.0358499999999999 -6.4644000000000004 0 -1 0 0 0 1 0 0 0 -1 
1 -4.230685749280051e-16 3.7071637832733567e-16 0 0 0 1 1 0 -0 -0 1 0 
1 6.0358499999999999 6.4643899999922647 0 -1 0 0 0 1 0 0 0 -1 
1 6.0358499999999999 6.4644000000000004 0 0 -1 0 -1 0 0 -0 -0 -1 
1 -6.0358499999999999 -6.4644000000000004 0 0 1 0 1 0 0 0 0 -1 
1 0 0 0 -0 1 0 0 0 1 1 0 -0 
1 0 0 0 0 0 1 1 0 -0 -0 1 0 
1 -6.0358499999999999 6.4644000000000004 0 1 0 -0 0 -1 0 0 -0 -1 
1 0 3.2999999999999998 0 -0 1 0 0 0 1 1 0 -0 
1 0 0 1 0 0 1 1 0 -0 -0 1 0 
1 0 0 1 0 0 1 1 0 -0 -0 1 0 
2 0 0 0 0 0 1 1 0 -0 -0 1 0 1.6499999999999999
1 -2.33345 2.8576520734703911e-16 0 0.70710678118654768 0.70710678118654735 -0 0.70710678118654735 -0.70710678118654768 0 0 -0 -1 
1 -4.2864781102055869e-16 -2.33345 0 -0.70710678118654746 0.70710678118654757 0 0.70710678118654757 0.70710678118654746 0 0 0 -1 
2 0 0 0 0 0 1 1 0 -0 -0 1 0 1.6499999999999999
2 0 0 0 0 0 1 1 0 -0 -0 1 0 1.6499999999999999
1 -4.2864781102055869e-16 -2.33345 0 -0.70710678118654746 0.70710678118654757 0 0.70710678118654757 0.70710678118654746 0 0 0 -1 
1 2.33345 0 0 -0.70710678118654757 -0.70710678118654757 0 -0.70710678118654757 0.70710678118654757 0 -0 0 -1 
2 0 0 0 0 0 1 1 0 -0 -0 1 0 1.6499999999999999
1 2.33345 0 0 -0.70710678118654757 -0.70710678118654757 0 -0.70710678118654757 0.70710678118654757 0 -0 0 -1 
1 1.4288260367351956e-16 2.33345 0 0.70710678118654746 -0.70710678118654757 0 -0.70710678118654757 -0.70710678118654746 0 0 -0 -1 
2 0 0 0 0 0 1 1 0 -0 -0 1 0 1.6499999999999999
1 1.4288260367351956e-16 2.33345 0 0.70710678118654746 -0.70710678118654757 0 -0.70710678118654757 -0.70710678118654746 0 0 -0 -1 
1 -2.33345 2.8576520734703911e-16 0 0.70710678118654768 0.70710678118654735 -0 0.70710678118654735 -0.70710678118654768 0 0 -0 -1 
1 -1.2183232621811331e-16 1.3053073438223781e-16 0 0 0 1 1 0 -0 -0 1 0 
1 3.364315624255448e-17 4.4195957366453789e-17 0 0 0 1 1 0 -0 -0 1 0 
1 -3.2807369264058226e-16 -1.7859499999999999 0 -0.38268343236508962 0.92387953251128685 0 0.92387953251128685 0.38268343236508962 0 0 0 -1 
1 -1.2183232621811331e-16 1.3053073438223781e-16 0 0 0 1 1 0 -0 -0 1 0 
1 3.364315624255448e-17 4.4195957366453789e-17 0 0 0 1 1 0 -0 -0 1 0 
1 1.7859499999999999 0 0 -0.92387953251128685 -0.38268343236508978 0 -0.38268343236508978 0.92387953251128685 0 -0 0 -1 
1 -1.2183232621811331e-16 1.3053073438223781e-16 0 0 0 1 1 0 -0 -0 1 0 
1 3.364315624255448e-17 4.4195957366453789e-17 0 0 0 1 1 0 -0 -0 1 0 
1 1.0935789754686077e-16 1.7859499999999999 0 0.38268343236508978 -0.92387953251128685 0 -0.92387953251128685 -0.38268343236508978 0 0 -0 -1 
1 -1.2183232621811331e-16 1.3053073438223781e-16 0 0 0 1 1 0 -0 -0 1 0 
1 3.364315624255448e-17 4.4195957366453789e-17 0 0 0 1 1 0 -0 -0 1 0 
1 -1.7859499999999999 2.1871579509372153e-16 0 0.92387953251128685 0.38268343236508956 -0 0.38268343236508956 -0.92387953251128685 0 0 -0 -1 
1 -1.2628573558601148 -1.2628573558601144 0 0.38268343236508984 0.92387953251128674 -0 0.92387953251128674 -0.38268343236508984 0 0 -0 -1 
1 1.2628573558601142 -1.2628573558601148 0 -0.92387953251128674 0.38268343236508989 0 0.38268343236508989 0.92387953251128674 0 0 0 -1 
1 -1.2183232621811331e-16 1.3053073438223781e-16 0 0 0 1 1 0 -0 -0 1 0 
1 1.1895869511935642 -1.1895869511935648 0 -0.83146961230254501 0.55557023301960273 0 0.55557023301960273 0.83146961230254501 0 0 0 -1 
1 -8.4567467151216243e-17 8.1528313807677844e-18 0 0 0 1 1 0 -0 -0 1 0 
1 -3.0903900744143499e-16 -1.6823300000000001 0 -0.1950903220161285 0.98078528040323043 0 0.98078528040323043 0.1950903220161285 0 0 0 -1 
1 -1.2183232621811331e-16 1.3053073438223781e-16 0 0 0 1 1 0 -0 -0 1 0 
1 1.2628573558601146 1.2628573558601144 0 -0.38268343236508984 -0.92387953251128674 0 -0.92387953251128674 0.38268343236508984 0 -0 0 -1 
1 -1.2183232621811331e-16 1.3053073438223781e-16 0 0 0 1 1 0 -0 -0 1 0 
1 1.1895869511935646 1.1895869511935644 0 -0.5555702330196024 -0.83146961230254512 0 -0.83146961230254512 0.5555702330196024 0 -0 0 -1 
1 -8.4567467151216243e-17 8.1528313807677844e-18 0 0 0 1 1 0 -0 -0 1 0 
1 1.6823300000000001 0 0 -0.98078528040323043 -0.19509032201612836 0 -0.19509032201612836 0.98078528040323043 0 -0 0 -1 
1 -1.2183232621811331e-16 1.3053073438223781e-16 0 0 0 1 1 0 -0 -0 1 0 
1 -1.2628573558601144 1.2628573558601146 0 0.92387953251128674 -0.38268343236508989 0 -0.38268343236508989 -0.92387953251128674 0 0 -0 -1 
1 -1.2183232621811331e-16 1.3053073438223781e-16 0 0 0 1 1 0 -0 -0 1 0 
1 -1.1895869511935644 1.1895869511935646 0 0.83146961230254512 -0.55557023301960262 0 -0.55557023301960262 -0.83146961230254512 0 0 -0 -1 
1 -8.4567467151216243e-17 8.1528313807677844e-18 0 0 0 1 1 0 -0 -0 1 0 
1 1.0301300248047834e-16 1.6823300000000001 0 0.19509032201612836 -0.98078528040323043 0 -0.98078528040323043 -0.19509032201612836 0 0 -0 -1 
1 -1.2183232621811331e-16 1.3053073438223781e-16 0 0 0 1 1 0 -0 -0 1 0 
1 -1.2183232621811331e-16 1.3053073438223781e-16 0 0 0 1 1 0 -0 -0 1 0 
1 -1.1895869511935648 -1.1895869511935644 0 0.5555702330196024 0.83146961230254524 -0 0.83146961230254524 -0.5555702330196024 0 0 -0 -1 
1 -8.4567467151216243e-17 8.1528313807677844e-18 0 0 0 1 1 0 -0 -0 1 0 
1 -1.6823300000000001 2.0602600496095668e-16 0 0.98078528040323054 0.19509032201612805 -0 0.19509032201612805 -0.98078528040323054 0 0 -0 -1 
1 -1.2183232621811331e-16 1.3053073438223781e-16 0 0 0 1 1 0 -0 -0 1 0 
1 -8.4567467151216243e-17 8.1528313807677844e-18 0 0 0 1 1 0 -0 -0 1 0 
1 -8.4567467151216243e-17 8.1528313807677844e-18 0 0 0 1 1 0 -0 -0 1 0 
1 1.5542702539297126 -0.64379981877076253 0 -0.98078528040323043 0.19509032201612875 0 0.19509032201612875 0.98078528040323043 0 0 0 -1 
1 -8.4567467151216243e-17 8.1528313807677844e-18 0 0 0 1 1 0 -0 -0 1 0 
2 0 0 0 0 0 1 1 0 -0 -0 1 0 1.65798
1 0 0 0 0 0 1 1 0 -0 -0 1 0 
1 -8.4567467151216243e-17 8.1528313807677844e-18 0 0 0 1 1 0 -0 -0 1 0 
1 0.64379981877076187 -1.5542702539297129 0 -0.55557023301960218 0.83146961230254535 0 0.83146961230254535 0.55557023301960218 0 0 0 -1 
1 -8.4567467151216243e-17 8.1528313807677844e-18 0 0 0 1 1 0 -0 -0 1 0 
1 0 0 0 0 0 1 1 0 -0 -0 1 0 
1 -8.4567467151216243e-17 8.1528313807677844e-18 0 0 0 1 1 0 -0 -0 1 0 
1 -0.64379981877076242 -1.5542702539297126 0 0.19509032201612886 0.98078528040323032 -0 0.98078528040323032 -0.19509032201612886 0 0 -0 -1 
1 -8.4567467151216243e-17 8.1528313807677844e-18 0 0 0 1 1 0 -0 -0 1 0 
1 0.64379981877076164 1.5542702539297131 0 -0.19509032201612836 -0.98078528040323043 0 -0.98078528040323043 0.19509032201612836 0 -0 0 -1 
1 -8.4567467151216243e-17 8.1528313807677844e-18 0 0 0 1 1 0 -0 -0 1 0 
1 0 0 0 0 0 1 1 0 -0 -0 1 0 
1 -8.4567467151216243e-17 8.1528313807677844e-18 0 0 0 1 1 0 -0 -0 1 0 
1 1.5542702539297131 0.64379981877076153 0 -0.83146961230254524 -0.55557023301960218 0 -0.55557023301960218 0.83146961230254524 0 -0 0 -1 
1 -8.4567467151216243e-17 8.1528313807677844e-18 0 0 0 1 1 0 -0 -0 1 0 
1 0 0 0 0 0 1 1 0 -0 -0 1 0 
1 -8.4567467151216243e-17 8.1528313807677844e-18 0 0 0 1 1 0 -0 -0 1 0 
1 -8.4567467151216243e-17 8.1528313807677844e-18 0 0 0 1 1 0 -0 -0 1 0 
1 -1.5542702539297131 0.64379981877076176 0 0.98078528040323043 -0.19509032201612836 0 -0.19509032201612836 -0.98078528040323043 0 0 -0 -1 
1 -8.4567467151216243e-17 8.1528313807677844e-18 0 0 0 1 1 0 -0 -0 1 0 
1 0 0 0 0 0 1 1 0 -0 -0 1 0 
1 -8.4567467151216243e-17 8.1528313807677844e-18 0 0 0 1 1 0 -0 -0 1 0 
1 -0.64379981877076142 1.5542702539297131 0 0.55557023301960218 -0.83146961230254524 0 -0.83146961230254524 -0.55557023301960218 0 0 -0 -1 
1 -8.4567467151216243e-17 8.1528313807677844e-18 0 0 0 1 1 0 -0 -0 1 0 
1 0 0 0 0 0 1 1 0 -0 -0 1 0 
1 -8.4567467151216243e-17 8.1528313807677844e-18 0 0 0 1 1 0 -0 -0 1 0 
1 -8.4567467151216243e-17 8.1528313807677844e-18 0 0 0 1 1 0 -0 -0 1 0 
1 0 0 0 0 0 1 1 0 -0 -0 1 0 
1 -8.4567467151216243e-17 8.1528313807677844e-18 0 0 0 1 1 0 -0 -0 1 0 
1 -1.5542702539297133 -0.64379981877076131 0 0.83146961230254535 0.55557023301960218 -0 0.55557023301960218 -0.83146961230254535 0 0 -0 -1 
1 -8.4567467151216243e-17 8.1528313807677844e-18 0 0 0 1 1 0 -0 -0 1 0 
1 0 0 0 0 0 1 1 0 -0 -0 1 0 
1 -8.4567467151216243e-17 8.1528313807677844e-18 0 0 0 1 1 0 -0 -0 1 0 
1 0 0 0 0 0 1 1 0 -0 -0 1 0 
1 0 0 0 0 0 1 1 0 -0 -0 1 0 
1 0 0 0 0 0 1 1 0 -0 -0 1 0 
1 0 0 0 0 0 1 1 0 -0 -0 1 0 
1 0 0 0 0 0 1 1 0 -0 -0 1 0 
1 0 0 0 0 0 1 1 0 -0 -0 1 0 
1 0 0 0 0 0 1 1 0 -0 -0 1 0 
1 0 0 0 0 0 1 1 0 -0 -0 1 0 
1 0 0 0.55000000000000004 0 0 1 1 0 -0 -0 1 0 
2 0 0 0 0 0 1 1 0 -0 -0 1 0 1.6499999999999999
1 -4.230685749280051e-16 3.7071637832733567e-16 0 0 0 1 1 0 -0 -0 1 0 
1 0 0 0 0 0 1 1 0 -0 -0 1 0 
Triangulations 0

TShapes 771
Ve
1.00000130565249e-07
6.03585000000013 -6.46438999999227 0
0 0

0101101
*
Ve
1.00000004454085e-07
12.50025 0 0
0 0

0101101
*
Ed
 1.00000004454085e-07 1 1 0
1  1 0 4.71238743344834 6.28318530717959
2  1 1 5 4.71238743344834 6.28318530717959
2  2 2 0 4.71238743344834 6.28318530717959
0

0101000
+771 5 -770 5 *
Ve
5.000001e-06
12.50025 0 25
0 0

0101101
*
Ed
 1.00000004454085e-07 1 1 0
1  2 0 0 524.5
2  3 1 0 0 524.5
2  4 3 0 0 524.5
4 C2 1 0 3 0
0

0101000
+770 0 -768 6 *
Ve
1.00000077347673e-05
6.03585000000007 -6.46439499999613 25
0 0

0101101
*
Ed
 5e-06 1 1 0
1  3 0 0 1
2  5 1 1 0 1
2  6 4 9 0 1
0

0101000
+768 0 -766 0 *
Ed
 1.00000130565249e-07 1 1 0
1  4 0 0 524.5
2  7 1 0 0 524.5
2  8 5 0 0 524.5
0

0101000
+771 0 -766 6 *
Wi

0101100
-769 4 -767 1 -765 0 +764 1 *
Fa
0  1.00000004454085e-07 1 1

0101000
+763 0 *
Ve
1.00000129677091e-07
6.03585000000013 6.46438999999227 0
0 0

0101101
*
Ed
 1e-07 1 1 0
1  5 0 1.00000077347673e-05 12.9287899999923
2  9 2 13 1.00000077347673e-05 12.9287899999923
2  10 6 13 1.00000077347673e-05 12.9287899999923
0

0101000
+771 14 -761 14 *
Ed
 1.00000004454085e-07 1 1 0
1  6 0 0 1.57079787373125
2  11 3 5 0 1.57079787373125
2  12 2 0 0 1.57079787373125
0

0101000
+770 5 -761 5 *
Wi

0101100
+769 10 -760 12 +759 10 *
Fa
0  1e-07 2 10

0101000
+758 0 *
Ve
1.00000077347673e-05
6.03585000000006 6.46439499999613 25
0 0

0101101
*
Ed
 1.00000129677091e-07 1 1 0
1  7 0 0 524.5
2  13 3 0 0 524.5
2  14 7 0 0 524.5
0

0101000
+761 0 -756 6 *
Ed
 5e-06 1 1 0
1  8 0 0 1
2  15 3 1 0 1
2  16 4 9 0 1
0

0101000
+756 0 -768 0 *
Wi

0101100
-759 4 -755 1 -754 0 +767 1 *
Fa
0  1.00000004454085e-07 3 1

0101000
+753 0 *
Ve
5.100001e-06
1.65 6.46440000000007 25
0 0

0101101
*
Ed
 5e-06 1 1 0
1  9 0 0 1
2  17 8 1 0 1
2  18 4 9 0 1
0

0101000
+756 0 -751 0 *
Ve
5.100001e-06
1.65 -6.46439999999996 25
0 0

0101101
*
Ed
 5e-06 1 1 0
1  10 0 0 1
2  19 9 1 0 1
2  20 4 9 0 1
0

0101000
+766 0 -749 0 *
Ed
 5e-06 1 1 0
1  11 0 0.493529129129129 0.506470870870871
2  21 10 15 0.493529129129129 0.506470870870871
2  22 4 7 0.493529129129129 0.506470870870871
0

0101000
+751 16 -749 16 *
Wi

0101100
+750 0 -754 0 -765 0 -748 0 +747 8 *
Fa
0  1e-07 4 9

0101000
+746 0 *
Ve
1e-07
6.03585 -6.4644 0
0 0

0101101
*
Ed
 1e-07 1 1 0
1  12 0 0 1.00000077347673e-05
2  23 5 14 0 1.00000077347673e-05
2  24 11 0 0 1.00000077347673e-05
0

0101000
+744 14 -771 14 *
Ed
 1e-07 1 1 0
1  13 0 0 524.5
2  25 5 0 0 524.5
2  26 9 0 0 524.5
0

0101000
+744 0 -766 6 *
Wi

0101100
-743 17 -764 1 +742 1 *
Fa
0  1e-07 5 1

0101000
+741 0 *
Ed
 1.00000007324851e-07 1 1 0
1  14 0 1.57079787373125 4.71238743344834
2  27 11 18 1.57079787373125 4.71238743344834
2  28 6 0 1.57079787373125 4.71238743344834
0

0101000
+761 5 -771 5 *
Wi

0101100
+760 12 +739 10 *
Fa
0  1e-07 6 10

0101000
+738 0 *
Ve
1e-07
6.03585 6.4644 0
0 0

0101101
*
Ed
 1e-07 1 1 0
1  15 0 12.9287899999923 12.9288
2  29 11 0 12.9287899999923 12.9288
2  30 7 14 12.9287899999923 12.9288
0

0101000
+761 14 -736 14 *
Ed
 1e-07 1 1 0
1  16 0 0 524.5
2  31 7 0 0 524.5
2  32 8 0 0 524.5
0

0101000
+736 0 -756 6 *
Wi

0101100
-735 17 -734 1 +755 1 *
Fa
0  1e-07 7 1

0101000
+733 0 *
Ve
1e-07
-6.03585 6.4644 0
0 0

0101101
*
Ed
 1e-07 1 1 0
1  17 0 0 12.0717
2  33 11 0 0 12.0717
2  34 8 14 0 12.0717
0

0101000
+736 14 -731 14 *
Ve
5.000001e-06
-6.03585 6.4644 25
0 0

0101101
*
Ed
 1e-07 1 1 0
1  18 0 0 524.5
2  35 12 0 0 524.5
2  36 8 0 0 524.5
0

0101000
+731 0 -729 6 *
Ve
5.100001e-06
-1.65 6.46440000000007 25
0 0

0101101
*
Ed
 5e-06 1 1 0
1  19 0 0 1
2  37 8 1 0 1
2  38 4 9 0 1
0

0101000
+727 0 -729 0 *
Ve
1.50000005329071e-07
-1.65 6.46440000000001 25.5
0 0

0101101
*
Ed
 1.5e-07 1 1 0
1  20 0 -263 -262.5
2  39 8 1 -263 -262.5
2  40 13 19 -263 -262.5
0

0101000
+725 0 -727 0 *
Ve
1.50000005347542e-07
1.65 6.46440000000001 25.5
0 0

0101101
*
Ed
 1.5e-07 1 1 0
1  21 0 2.19292499999994 5.49292499999994
2  41 8 1 2.19292499999994 5.49292499999994
2  42 14 19 2.19292499999994 5.49292499999994
0

0101000
+723 0 -725 0 *
Ed
 1.5e-07 1 1 0
1  22 0 -263 -262.5
2  43 8 1 -263 -262.5
2  44 10 19 -263 -262.5
0

0101000
+723 0 -751 0 *
Wi

0101100
-730 17 -728 1 +726 0 +724 0 +722 0 -721 0 +750 0 +734 1 *
Fa
0  1e-07 8 1

0101000
+720 0 *
Ve
1e-07
-6.03585 -6.4644 0
0 0

0101101
*
Ed
 1e-07 1 1 0
1  23 0 0 12.0717
2  45 9 14 0 12.0717
2  46 11 0 0 12.0717
0

0101000
+718 14 -744 14 *
Ve
1.50000005333694e-07
1.65 -6.46440000000001 25.5
0 0

0101101
*
Ed
 1.5e-07 1 1 0
1  24 0 262.5 263
2  47 9 1 262.5 263
2  48 10 19 262.5 263
0

0101000
+749 0 -716 0 *
Ve
1.50000005333694e-07
-1.65 -6.46440000000001 25.5
0 0

0101101
*
Ed
 1.5e-07 1 1 0
1  25 0 0.542925000000055 3.84292500000005
2  49 9 1 0.542925000000055 3.84292500000005
2  50 15 19 0.542925000000055 3.84292500000005
0

0101000
+714 0 -716 0 *
Ve
5.100001e-06
-1.65 -6.46439999999996 25
0 0

0101101
*
Ed
 1.5e-07 1 1 0
1  26 0 262.5 263
2  51 9 1 262.5 263
2  52 13 19 262.5 263
0

0101000
+712 0 -714 0 *
Ve
5.000001e-06
-6.03585 -6.4644 25
0 0

0101101
*
Ed
 5e-06 1 1 0
1  27 0 0 1
2  53 9 1 0 1
2  54 4 9 0 1
0

0101000
+712 0 -710 0 *
Ed
 1e-07 1 1 0
1  28 0 0 524.5
2  55 9 0 0 524.5
2  56 12 0 0 524.5
0

0101000
+718 0 -710 6 *
Wi

0101100
-717 17 -742 1 -748 0 -715 0 +713 0 +711 0 -709 0 +708 1 *
Fa
0  1e-07 9 1

0101000
+707 0 *
Ve
1.00000023702256e-07
7.29461918685901e-08 -1.65 0.5
0 0

0101101
*
Ed
 1e-07 1 1 0
1  29 0 499.500000072946 505.9644
2  57 10 0 499.500000072946 505.9644
2  58 14 0 499.500000072946 505.9644
0

0101000
+705 20 -723 21 *
Ed
 1e-07 1 1 0
1  30 0 493.0356 499.500000072946
2  59 10 0 493.0356 499.500000072946
2  60 15 0 493.0356 499.500000072946
0

0101000
+716 21 -705 20 *
Wi

0101100
+721 0 +704 19 +703 19 +715 0 +747 8 *
Fa
0  1e-07 10 19

0101000
+702 0 *
Ed
 1e-07 1 1 0
1  31 0 0 12.9288
2  61 11 0 0 12.9288
2  62 12 14 0 12.9288
0

0101000
+731 14 -718 14 *
Wi

0101100
+700 12 +730 12 +735 12 -739 10 +743 12 +717 12 *
Fa
0  1e-07 11 12

0101000
+699 0 *
Ed
 5e-06 1 1 0
1  32 0 0 1
2  63 12 1 0 1
2  64 4 9 0 1
0

0101000
+729 0 -710 0 *
Wi

0101100
-700 17 -708 1 +697 0 +728 1 *
Fa
0  1e-07 12 1

0101000
+696 0 *
Ed
 5e-06 1 1 0
1  33 0 0.493529129129129 0.506470870870871
2  65 13 15 0.493529129129129 0.506470870870871
2  66 4 7 0.493529129129129 0.506470870870871
0

0101000
+727 16 -712 16 *
Wi

0101100
-694 8 -709 0 +697 0 +726 0 *
Fa
0  1e-07 4 9

0101000
+693 0 *
Ve
1.00000036407645e-07
-7.19710871560626e-08 1.65 0.5
0 0

0101101
*
Ed
 1e-07 1 1 0
1  34 0 499.499999928029 505.9644
2  67 13 0 499.499999928029 505.9644
2  68 14 0 499.499999928029 505.9644
0

0101000
+691 20 -725 21 *
Ed
 1e-07 1 1 0
1  35 0 493.0356 499.499999928029
2  69 15 0 493.0356 499.499999928029
2  70 13 0 493.0356 499.499999928029
0

0101000
+714 21 -691 20 *
Wi

0101100
+724 0 +690 19 +689 19 +711 0 +694 8 *
Fa
0  1e-07 13 19

0101000
+688 0 *
Ve
1.50001e-07
0.00235557848467009 -1.64999831855975 0.5
0 0

0101101
*
Ed
 1e-07 1 1 0
1  36 0 4.7123890245945 4.71381660419367
2  71 14 24 4.7123890245945 4.71381660419367
2  72 16 0 4.7123890245945 4.71381660419367
0

0101000
+705 25 -686 25 *
Ve
1.50000017769119e-07
1.64999831855975 -1.64999831855975 0.5
0 0

0101101
*
Ed
 1.5e-07 1 1 0
1  37 0 -252.22499747784 -250.577354737765
2  73 14 15 -252.22499747784 -250.577354737765
2  74 17 26 -252.22499747784 -250.577354737765
0

0101000
+684 0 -686 0 *
Ve
1.50001e-07
1.64999831855976 -0.00235557847882137 0.5
0 0

0101101
*
Ed
 1.5e-07 1 1 0
1  38 0 -1.64764358080106 -8.40720127737171e-07
2  75 14 15 -1.64764358080106 -8.40720127737171e-07
2  76 18 26 -1.64764358080106 -8.40720127737171e-07
0

0101000
+682 0 -684 0 *
Ve
1e-07
1.65 -4.04133443718627e-16 0.5
0 0

0101101
*
Ed
 1e-07 1 1 0
1  39 0 6.28175768337415 6.28318530717959
2  77 14 24 6.28175768337415 6.28318530717959
2  78 19 0 6.28175768337415 6.28318530717959
0

0101000
+682 25 -680 25 *
Ve
1.50001e-07
1.64999831855976 0.00235557847881847 0.5
0 0

0101101
*
Ed
 1e-07 1 1 0
1  40 0 0 0.00142762380543832
2  79 14 24 0 0.00142762380543832
2  80 20 0 0 0.00142762380543832
0

0101000
+680 25 -678 25 *
Ve
1.50000010436096e-07
1.64999831855975 1.64999831855975 0.5
0 0

0101101
*
Ed
 1.5e-07 1 1 0
1  41 0 -3.29999747783963 -1.6523547377587
2  81 14 15 -3.29999747783963 -1.6523547377587
2  82 21 26 -3.29999747783963 -1.6523547377587
0

0101000
+676 0 -678 0 *
Ve
1.50001e-07
0.00235557848480912 1.64999831855975 0.5
0 0

0101101
*
Ed
 1.5e-07 1 1 0
1  42 0 248.927356419205 250.57499915928
2  83 14 15 248.927356419205 250.57499915928
2  84 22 26 248.927356419205 250.57499915928
0

0101000
+674 0 -676 0 *
Ed
 1e-07 1 1 0
1  43 0 1.56936870298583 1.57079637041374
2  85 14 24 1.56936870298583 1.57079637041374
2  86 23 0 1.56936870298583 1.57079637041374
0

0101000
+674 25 -691 25 *
Wi

0101100
-690 19 +722 0 +704 19 -685 23 +683 8 +681 8 -679 23 -677 23 +675 8 +673 8 
-672 23 *
Fa
0  1e-07 14 19

0101000
+671 0 *
Ve
1.50001e-07
-0.00235557848623161 1.64999831855975 0.5
0 0

0101101
*
Ed
 1e-07 1 1 0
1  44 0 1.57079637041374 1.57222395060483
2  87 15 24 1.57079637041374 1.57222395060483
2  88 23 0 1.57079637041374 1.57222395060483
0

0101000
+691 25 -669 25 *
Ve
1.50000017541524e-07
-1.64999831855975 1.64999831855975 0.5
0 0

0101101
*
Ed
 1.5e-07 1 1 0
1  45 0 247.27500252216 248.922645262234
2  89 15 15 247.27500252216 248.922645262234
2  90 24 26 247.27500252216 248.922645262234
0

0101000
+667 0 -669 0 *
Ve
1.50001e-07
-1.64999831855976 0.00235557847883506 0.5
0 0

0101101
*
Ed
 1.5e-07 1 1 0
1  46 0 0.00235641919896302 1.64999915927988
2  91 15 15 0.00235641919896302 1.64999915927988
2  92 25 26 0.00235641919896302 1.64999915927988
0

0101000
+665 0 -667 0 *
Ve
1.50001e-07
-1.64999831855976 -0.00235557847883246 0.5
0 0

0101101
*
Ed
 1e-07 1 1 0
1  47 0 3.14016502978434 3.14302027739524
2  93 15 24 3.14016502978434 3.14302027739524
2  94 26 0 3.14016502978434 3.14302027739524
0

0101000
+665 25 -663 25 *
Ve
1.50000010660454e-07
-1.64999831855975 -1.64999831855975 0.5
0 0

0101101
*
Ed
 1.5e-07 1 1 0
1  48 0 -1.64999747783962 -0.0023547377587045
2  95 15 15 -1.64999747783962 -0.0023547377587045
2  96 27 26 -1.64999747783962 -0.0023547377587045
0

0101000
+661 0 -663 0 *
Ve
1.50001e-07
-0.00235557848623236 -1.64999831855975 0.5
0 0

0101101
*
Ed
 1.5e-07 1 1 0
1  49 0 -250.572643580794 -248.92500084072
2  97 15 15 -250.572643580794 -248.92500084072
2  98 28 26 -250.572643580794 -248.92500084072
0

0101000
+659 0 -661 0 *
Ed
 1e-07 1 1 0
1  50 0 4.71096135657476 4.7123890245945
2  99 15 24 4.71096135657476 4.7123890245945
2  100 16 0 4.71096135657476 4.7123890245945
0

0101000
+659 25 -705 25 *
Wi

0101100
-689 19 -668 23 +666 8 +664 8 -662 23 +660 8 +658 8 -657 23 +703 19 +713 0 
*
Fa
0  1e-07 15 19

0101000
+656 0 *
Ve
1.5e-07
-0.00235557848500412 -1.64999831855975 0.95
0 0

0101101
*
Ed
 1e-07 1 1 0
1  51 0 0 0.45
2  101 28 26 0 0.45
2  102 16 22 0 0.45
0

0101000
+659 0 -654 0 *
Ve
1.5e-07
0.00235557848500345 -1.64999831855975 0.95
0 0

0101101
*
Ed
 1e-07 1 1 0
1  52 0 4.7109613565755 4.71381660419388
2  103 16 22 4.7109613565755 4.71381660419388
2  104 29 27 4.7109613565755 4.71381660419388
0

0101000
+654 0 -652 0 *
Ed
 1e-07 1 1 0
1  53 0 0 0.45
2  105 16 22 0 0.45
2  106 17 26 0 0.45
0

0101000
+686 0 -652 0 *
Wi

0101100
+685 22 +657 22 -653 0 -651 0 +650 0 *
Fa
0  1e-07 16 22

0101000
+649 0 *
Ve
1e-07
1.64999831855975 -1.64999831855975 1
0 0

0101101
*
Ed
 1e-07 1 1 0
1  54 0 0.05 0.55
2  107 17 0 0.05 0.55
2  108 18 0 0.05 0.55
0

0101000
+684 28 -647 28 *
Ve
1.50000000666134e-07
0.6834572495594 -1.64999831855975 1
0 0

0101101
*
Ed
 1e-07 1 1 0
1  55 0 2.33345556811915 3.2999966371195
2  109 17 31 2.33345556811915 3.2999966371195
2  110 30 0 2.33345556811915 3.2999966371195
0

0101000
+645 32 -647 32 *
Ve
1.50000000444089e-07
0.6834572495594 -1.64999831855975 0.95
0 0

0101101
*
Ed
 1.5e-07 1 1 0
1  56 0 0.25 0.3
2  111 17 26 0.25 0.3
2  112 31 27 0.25 0.3
0

0101000
+643 0 -645 0 *
Ed
 1.5e-07 1 1 0
1  57 0 0.827354737764878 1.50845640883927
2  113 17 26 0.827354737764878 1.50845640883927
2  114 29 27 0.827354737764878 1.50845640883927
0

0101000
+652 0 -643 0 *
Wi

0101100
-646 26 +644 30 +642 0 +641 0 +650 0 +683 0 *
Fa
0  1e-07 17 26

0101000
+640 0 *
Ve
1.5e-07
1.64999831855975 -0.0023555784851369 0.95
0 0

0101101
*
Ed
 1e-07 1 1 0
1  58 0 0 0.45
2  115 18 26 0 0.45
2  116 19 22 0 0.45
0

0101000
+682 0 -638 0 *
Ve
1.50000000444089e-07
1.64999831855975 -0.683458367563165 0.95
0 0

0101101
*
Ed
 1.5e-07 1 1 0
1  59 0 0.14154079171671 0.822643580794738
2  117 18 26 0.14154079171671 0.822643580794738
2  118 32 27 0.14154079171671 0.822643580794738
0

0101000
+636 0 -638 0 *
Ve
1.50000000444089e-07
1.64999831855975 -0.683458367563165 1
0 0

0101101
*
Ed
 1.5e-07 1 1 0
1  60 0 -0.3 -0.25
2  119 18 26 -0.3 -0.25
2  120 31 27 -0.3 -0.25
0

0101000
+634 0 -636 0 *
Ed
 1e-07 1 1 0
1  61 0 0 0.966539950996584
2  121 18 31 0 0.966539950996584
2  122 30 0 0 0.966539950996584
0

0101000
+647 32 -634 32 *
Wi

0101100
-637 0 +635 0 +633 0 +632 30 +646 26 +681 0 *
Fa
0  1e-07 18 26

0101000
+631 0 *
Ve
1.00000000404133e-07
1.65 -4.04133443718627e-16 0.95
0 0

0101101
*
Ed
 1e-07 1 1 0
1  62 0 0 0.45
2  123 19 0 0 0.45
2  124 20 0 0 0.45
4 CN 19 0 20 0
0

0101000
+680 25 -629 25 *
Ed
 1e-07 1 1 0
1  63 0 6.28175768337032 6.28318530717959
2  125 19 22 6.28175768337032 6.28318530717959
2  126 32 27 6.28175768337032 6.28318530717959
0

0101000
+638 0 -629 0 *
Wi

0101100
+628 22 +679 22 -637 0 -627 0 *
Fa
0  1e-07 19 22

0101000
+626 0 *
Ve
1.5e-07
1.64999831855975 0.0023555784851369 0.95
0 0

0101101
*
Ed
 1e-07 1 1 0
1  64 0 0 0.00142762380926768
2  127 20 22 0 0.00142762380926768
2  128 32 27 0 0.00142762380926768
0

0101000
+629 0 -624 0 *
Ed
 1e-07 1 1 0
1  65 0 0 0.45
2  129 20 22 0 0.45
2  130 21 26 0 0.45
0

0101000
+678 0 -624 0 *
Wi

0101100
-623 0 +622 0 +677 22 -628 22 *
Fa
0  1e-07 20 22

0101000
+621 0 *
Ve
1e-07
1.64999831855975 1.64999831855975 1
0 0

0101101
*
Ed
 1e-07 1 1 0
1  66 0 0.05 0.55
2  131 21 0 0.05 0.55
2  132 22 0 0.05 0.55
0

0101000
+676 28 -619 28 *
Ve
1.5e-07
1.64999831855975 0.6834572495594 1
0 0

0101101
*
Ed
 1e-07 1 1 0
1  67 0 2.33345556811915 3.2999966371195
2  133 21 31 2.33345556811915 3.2999966371195
2  134 33 0 2.33345556811915 3.2999966371195
0

0101000
+617 32 -619 32 *
Ve
1.50000000111022e-07
1.64999831855975 0.6834572495594 0.95
0 0

0101101
*
Ed
 1.5e-07 1 1 0
1  68 0 0.25 0.3
2  135 21 26 0.25 0.3
2  136 34 27 0.25 0.3
0

0101000
+615 0 -617 0 *
Ed
 1.5e-07 1 1 0
1  69 0 0.827354737765012 1.50845640883928
2  137 21 26 0.827354737765012 1.50845640883928
2  138 32 27 0.827354737765012 1.50845640883928
0

0101000
+624 0 -615 0 *
Wi

0101100
-618 26 +616 30 +614 0 +613 0 +622 0 +675 0 *
Fa
0  1e-07 21 26

0101000
+612 0 *
Ve
1.5e-07
0.00235557848519208 1.64999831855975 0.95
0 0

0101101
*
Ed
 1e-07 1 1 0
1  70 0 0 0.45
2  139 23 22 0 0.45
2  140 22 26 0 0.45
0

0101000
+674 0 -610 0 *
Ve
1.50000000222045e-07
0.683458367563164 1.64999831855975 0.95
0 0

0101101
*
Ed
 1.5e-07 1 1 0
1  71 0 0.14154079171671 0.822643580794682
2  141 22 26 0.14154079171671 0.822643580794682
2  142 35 27 0.14154079171671 0.822643580794682
0

0101000
+608 0 -610 0 *
Ve
1.50000000248253e-07
0.683458367563164 1.64999831855975 1
0 0

0101101
*
Ed
 1.5e-07 1 1 0
1  72 0 -0.3 -0.25
2  143 22 26 -0.3 -0.25
2  144 34 27 -0.3 -0.25
0

0101000
+606 0 -608 0 *
Ed
 1e-07 1 1 0
1  73 0 0 0.966539950996585
2  145 22 31 0 0.966539950996585
2  146 33 0 0 0.966539950996585
0

0101000
+619 32 -606 32 *
Wi

0101100
-609 0 +607 0 +605 0 +604 30 +618 26 +673 0 *
Fa
0  1e-07 22 26

0101000
+603 0 *
Ve
1.5e-07
-0.00235557848519252 1.64999831855975 0.95
0 0

0101101
*
Ed
 1e-07 1 1 0
1  74 0 1.5693687029856 1.5722239506042
2  147 23 22 1.5693687029856 1.5722239506042
2  148 35 27 1.5693687029856 1.5722239506042
0

0101000
+610 0 -601 0 *
Ed
 1e-07 1 1 0
1  75 0 0 0.45
2  149 23 22 0 0.45
2  150 24 26 0 0.45
0

0101000
+669 0 -601 0 *
Wi

0101100
-609 0 -600 0 +599 0 +668 22 +672 22 *
Fa
0  1e-07 23 22

0101000
+598 0 *
Ve
1e-07
-1.64999831855975 1.64999831855975 1
0 0

0101101
*
Ed
 1e-07 1 1 0
1  76 0 0.05 0.55
2  151 24 0 0.05 0.55
2  152 25 0 0.05 0.55
0

0101000
+667 28 -596 28 *
Ve
1.50000000222045e-07
-0.6834572495594 1.64999831855975 1
0 0

0101101
*
Ed
 1e-07 1 1 0
1  77 0 2.33345556811915 3.2999966371195
2  153 24 31 2.33345556811915 3.2999966371195
2  154 36 0 2.33345556811915 3.2999966371195
0

0101000
+594 32 -596 32 *
Ve
1.50000000248253e-07
-0.6834572495594 1.64999831855975 0.95
0 0

0101101
*
Ed
 1.5e-07 1 1 0
1  78 0 0.25 0.3
2  155 24 26 0.25 0.3
2  156 37 27 0.25 0.3
0

0101000
+592 0 -594 0 *
Ed
 1.5e-07 1 1 0
1  79 0 0.827354737765067 1.50845640883927
2  157 24 26 0.827354737765067 1.50845640883927
2  158 35 27 0.827354737765067 1.50845640883927
0

0101000
+601 0 -592 0 *
Wi

0101100
-595 26 +593 30 +591 0 +590 0 +599 0 +666 0 *
Fa
0  1e-07 24 26

0101000
+589 0 *
Ve
1.5e-07
-1.64999831855975 0.00235557848500378 0.95
0 0

0101101
*
Ed
 1e-07 1 1 0
1  80 0 0 0.45
2  159 25 26 0 0.45
2  160 26 22 0 0.45
0

0101000
+665 0 -587 0 *
Ve
1.50000000597873e-07
-1.64999831855975 0.683458367563164 0.95
0 0

0101101
*
Ed
 1.5e-07 1 1 0
1  81 0 0.14154079171671 0.822643580794871
2  161 25 26 0.14154079171671 0.822643580794871
2  162 38 27 0.14154079171671 0.822643580794871
0

0101000
+585 0 -587 0 *
Ve
1.50000000496507e-07
-1.64999831855975 0.683458367563164 1
0 0

0101101
*
Ed
 1.5e-07 1 1 0
1  82 0 -0.3 -0.25
2  163 25 26 -0.3 -0.25
2  164 37 27 -0.3 -0.25
0

0101000
+583 0 -585 0 *
Ed
 1e-07 1 1 0
1  83 0 0 0.966539950996585
2  165 25 31 0 0.966539950996585
2  166 36 0 0 0.966539950996585
0

0101000
+596 32 -583 32 *
Wi

0101100
-586 0 +584 0 +582 0 +581 30 +595 26 +664 0 *
Fa
0  1e-07 25 26

0101000
+580 0 *
Ve
1.5e-07
-1.64999831855975 -0.00235557848500378 0.95
0 0

0101101
*
Ed
 1e-07 1 1 0
1  84 0 3.14016502978061 3.14302027739898
2  167 26 22 3.14016502978061 3.14302027739898
2  168 38 27 3.14016502978061 3.14302027739898
0

0101000
+587 0 -578 0 *
Ed
 1e-07 1 1 0
1  85 0 0 0.45
2  169 26 22 0 0.45
2  170 27 26 0 0.45
0

0101000
+663 0 -578 0 *
Wi

0101100
-586 0 -577 0 +576 0 +662 22 *
Fa
0  1e-07 26 22

0101000
+575 0 *
Ve
1e-07
-1.64999831855975 -1.64999831855975 1
0 0

0101101
*
Ed
 1e-07 1 1 0
1  86 0 0.05 0.55
2  171 27 0 0.05 0.55
2  172 28 0 0.05 0.55
0

0101000
+661 28 -573 28 *
Ve
1.50000000444089e-07
-1.64999831855975 -0.6834572495594 1
0 0

0101101
*
Ed
 1e-07 1 1 0
1  87 0 2.33345556811915 3.2999966371195
2  173 27 31 2.33345556811915 3.2999966371195
2  174 39 0 2.33345556811915 3.2999966371195
0

0101000
+571 32 -573 32 *
Ve
1.50000000333067e-07
-1.64999831855975 -0.6834572495594 0.95
0 0

0101101
*
Ed
 1.5e-07 1 1 0
1  88 0 0.25 0.3
2  175 27 26 0.25 0.3
2  176 40 27 0.25 0.3
0

0101000
+569 0 -571 0 *
Ed
 1.5e-07 1 1 0
1  89 0 0.827354737764878 1.50845640883927
2  177 27 26 0.827354737764878 1.50845640883927
2  178 38 27 0.827354737764878 1.50845640883927
0

0101000
+578 0 -569 0 *
Wi

0101100
-572 26 +570 30 +568 0 +567 0 +576 0 +660 0 *
Fa
0  1e-07 27 26

0101000
+566 0 *
Ve
1.50000000597873e-07
-0.683458367563165 -1.64999831855975 0.95
0 0

0101101
*
Ed
 1.5e-07 1 1 0
1  90 0 0.14154079171671 0.822643580794871
2  179 28 26 0.14154079171671 0.822643580794871
2  180 29 27 0.14154079171671 0.822643580794871
0

0101000
+564 0 -654 0 *
Ve
1.50000000457757e-07
-0.683458367563164 -1.64999831855975 1
0 0

0101101
*
Ed
 1.5e-07 1 1 0
1  91 0 -0.3 -0.25
2  181 28 26 -0.3 -0.25
2  182 40 27 -0.3 -0.25
0

0101000
+562 0 -564 0 *
Ed
 1e-07 1 1 0
1  92 0 0 0.966539950996585
2  183 28 31 0 0.966539950996585
2  184 39 0 0 0.966539950996585
0

0101000
+573 32 -562 32 *
Wi

0101100
-653 0 +563 0 +561 0 +560 30 +572 26 +658 0 *
Fa
0  1e-07 28 26

0101000
+559 0 *
Ve
1e-07
-0.683454430316777 -1.65000225581069 0.95
0 0

0101101
*
Ve
1e-07
0.683452521747859 -1.65000304636582 0.95
0 0

0101101
*
Ed
 1e-07 1 1 0
1  93 0 0 1.36690695206486
2  185 29 0 0 1.36690695206486
2  186 41 0 0 1.36690695206486
0

0101000
+557 33 -556 33 *
Ed
 1e-07 1 1 0
1  94 0 1.3669013839544 1.36690695206486
2  187 40 0 1.3669013839544 1.36690695206486
2  188 29 0 1.3669013839544 1.36690695206486
0

0101000
+564 33 -557 33 *
Ed
 1e-07 1 1 0
1  95 0 0 6.68613133485844e-06
2  189 29 0 0 6.68613133485844e-06
2  190 31 0 0 6.68613133485844e-06
0

0101000
+556 33 -643 33 *
Wi

0101100
+555 27 +554 27 -563 0 -651 0 -641 0 +553 27 *
Fa
0  1e-07 29 27

0101000
+552 0 *
Ed
 1.5e-07 1 1 0
1  96 0 -1.02517464593819 0.341720051884882
2  191 30 30 -1.02517464593819 0.341720051884882
2  192 31 27 -1.02517464593819 0.341720051884882
0

0101000
+634 0 -645 0 *
Wi

0101100
+632 30 +644 30 +550 0 *
Fa
0  1e-07 30 30

0101000
+549 0 *
Ve
1e-07
1.65000225581069 -0.683454430316777 0.95
0 0

0101101
*
Ed
 1e-07 1 1 0
1  97 0 1.3669013839544 1.36690695206486
2  193 31 0 1.3669013839544 1.36690695206486
2  194 32 0 1.3669013839544 1.36690695206486
0

0101000
+636 33 -547 33 *
Ve
1e-07
1.65000225581069 -0.683454430316777 1.5
0 0

0101101
*
Ed
 1e-07 1 1 0
1  98 0 0 0.55
2  195 31 0 0 0.55
2  196 42 0 0 0.55
0

0101000
+547 33 -545 33 *
Ve
1.50000001734224e-07
1.39880777437947 -0.934648621189855 1.5
0 0

0101101
*
Ed
 1e-07 1 1 0
1  99 0 1.01166451508713 1.36690695206486
2  197 31 36 1.01166451508713 1.36690695206486
2  198 43 0 1.01166451508713 1.36690695206486
0

0101000
+543 37 -545 37 *
Ve
1.50000001884111e-07
1.39880777437947 -0.934648621189855 1.45
0 0

0101101
*
Ed
 1.5e-07 1 1 0
1  100 0 0.25 0.3
2  199 31 27 0.25 0.3
2  200 44 38 0.25 0.3
0

0101000
+541 0 -543 0 *
Ve
1.50000001294731e-07
0.934647387937624 -1.39880847073464 1.45
0 0

0101101
*
Ed
 1.5e-07 1 1 0
1  101 0 0.0135162430919577 0.669937777070914
2  201 31 27 0.0135162430919577 0.669937777070914
2  202 45 38 0.0135162430919577 0.669937777070914
0

0101000
+539 0 -541 0 *
Ve
1.5000000120089e-07
0.934647387937624 -1.39880847073464 1.5
0 0

0101101
*
Ed
 1.5e-07 1 1 0
1  102 0 -0.3 -0.25
2  203 31 27 -0.3 -0.25
2  204 46 38 -0.3 -0.25
0

0101000
+537 0 -539 0 *
Ve
1e-07
0.683452521747859 -1.65000304636582 1.5
0 0

0101101
*
Ed
 1e-07 1 1 0
1  103 0 0 0.355242981108174
2  205 31 36 0 0.355242981108174
2  206 47 0 0 0.355242981108174
0

0101000
+535 37 -537 37 *
Ed
 1e-07 1 1 0
1  104 0 0 0.55
2  207 31 0 0 0.55
2  208 41 0 0 0.55
0

0101000
+556 33 -535 33 *
Wi

0101100
-553 27 -642 0 +550 0 -633 0 -546 27 -544 27 +542 35 +540 0 +538 0 +536 0 
+534 35 +533 27 *
Fa
0  1e-07 31 27

0101000
+532 0 *
Ve
1e-07
1.65000304636582 0.683452521747859 0.95
0 0

0101101
*
Ed
 1e-07 1 1 0
1  105 0 0 6.68613133517246e-06
2  209 32 0 0 6.68613133517246e-06
2  210 34 0 0 6.68613133517246e-06
0

0101000
+530 33 -615 33 *
Ed
 1e-07 1 1 0
1  106 0 0 1.36690695206486
2  211 32 0 0 1.36690695206486
2  212 42 0 0 1.36690695206486
0

0101000
+547 33 -530 33 *
Wi

0101100
+546 27 -635 0 -627 0 -623 0 -613 0 +529 27 +528 27 *
Fa
0  1e-07 32 27

0101000
+527 0 *
Ed
 1.5e-07 1 1 0
1  107 0 -1.02517464593819 0.341720051884881
2  213 33 30 -1.02517464593819 0.341720051884881
2  214 34 27 -1.02517464593819 0.341720051884881
0

0101000
+606 0 -617 0 *
Wi

0101100
+616 30 +525 0 +604 30 *
Fa
0  1e-07 33 30

0101000
+524 0 *
Ve
1e-07
0.683454430316777 1.65000225581069 0.95
0 0

0101101
*
Ed
 1e-07 1 1 0
1  108 0 1.3669013839544 1.36690695206486
2  215 35 0 1.3669013839544 1.36690695206486
2  216 34 0 1.3669013839544 1.36690695206486
0

0101000
+608 33 -522 33 *
Ve
1e-07
0.683454430316777 1.65000225581069 1.5
0 0

0101101
*
Ed
 1e-07 1 1 0
1  109 0 0 0.55
2  217 34 0 0 0.55
2  218 48 0 0 0.55
0

0101000
+522 33 -520 33 *
Ve
1.50000001336886e-07
0.934648621189854 1.39880777437947 1.5
0 0

0101101
*
Ed
 1e-07 1 1 0
1  110 0 1.01166451508713 1.36690695206486
2  219 34 36 1.01166451508713 1.36690695206486
2  220 49 0 1.01166451508713 1.36690695206486
0

0101000
+518 37 -520 37 *
Ve
1.50000001256074e-07
0.934648621189854 1.39880777437947 1.45
0 0

0101101
*
Ed
 1.5e-07 1 1 0
1  111 0 0.25 0.3
2  221 34 27 0.25 0.3
2  222 50 38 0.25 0.3
0

0101000
+516 0 -518 0 *
Ve
1.50000000597873e-07
1.39880847073464 0.934647387937623 1.45
0 0

0101101
*
Ed
 1.5e-07 1 1 0
1  112 0 0.0135162430919566 0.669937777070915
2  223 34 27 0.0135162430919566 0.669937777070915
2  224 51 38 0.0135162430919566 0.669937777070915
0

0101000
+514 0 -516 0 *
Ve
1.50000000333067e-07
1.39880847073464 0.934647387937623 1.5
0 0

0101101
*
Ed
 1.5e-07 1 1 0
1  113 0 -0.3 -0.25
2  225 34 27 -0.3 -0.25
2  226 52 38 -0.3 -0.25
0

0101000
+512 0 -514 0 *
Ve
1e-07
1.65000304636582 0.683452521747859 1.5
0 0

0101101
*
Ed
 1e-07 1 1 0
1  114 0 0 0.355242981108173
2  227 34 36 0 0.355242981108173
2  228 53 0 0 0.355242981108173
0

0101000
+510 37 -512 37 *
Ed
 1e-07 1 1 0
1  115 0 0 0.55
2  229 34 0 0 0.55
2  230 42 0 0 0.55
0

0101000
+530 33 -510 33 *
Wi

0101100
-529 27 -614 0 +525 0 -605 0 -521 27 -519 27 +517 35 +515 0 +513 0 +511 0 
+509 35 +508 27 *
Fa
0  1e-07 34 27

0101000
+507 0 *
Ve
1e-07
-0.683452521747859 1.65000304636582 0.95
0 0

0101101
*
Ed
 1e-07 1 1 0
1  116 0 0 6.68613133517246e-06
2  231 35 0 0 6.68613133517246e-06
2  232 37 0 0 6.68613133517246e-06
0

0101000
+505 33 -592 33 *
Ed
 1e-07 1 1 0
1  117 0 0 1.36690695206486
2  233 35 0 0 1.36690695206486
2  234 48 0 0 1.36690695206486
0

0101000
+522 33 -505 33 *
Wi

0101100
-607 0 -600 0 -590 0 +504 27 +503 27 +521 27 *
Fa
0  1e-07 35 27

0101000
+502 0 *
Ed
 1.5e-07 1 1 0
1  118 0 -1.02517464593819 0.341720051884881
2  235 36 30 -1.02517464593819 0.341720051884881
2  236 37 27 -1.02517464593819 0.341720051884881
0

0101000
+583 0 -594 0 *
Wi

0101100
+500 0 +581 30 +593 30 *
Fa
0  1e-07 36 30

0101000
+499 0 *
Ve
1e-07
-1.65000225581069 0.683454430316777 0.95
0 0

0101101
*
Ed
 1e-07 1 1 0
1  119 0 1.3669013839544 1.36690695206486
2  237 37 0 1.3669013839544 1.36690695206486
2  238 38 0 1.3669013839544 1.36690695206486
0

0101000
+585 33 -497 33 *
Ve
1e-07
-1.65000225581069 0.683454430316777 1.5
0 0

0101101
*
Ed
 1e-07 1 1 0
1  120 0 0 0.55
2  239 37 0 0 0.55
2  240 54 0 0 0.55
0

0101000
+497 33 -495 33 *
Ve
1.50000001421779e-07
-1.39880777437947 0.934648621189854 1.5
0 0

0101101
*
Ed
 1e-07 1 1 0
1  121 0 1.01166451508713 1.36690695206486
2  241 37 36 1.01166451508713 1.36690695206486
2  242 55 0 1.01166451508713 1.36690695206486
0

0101000
+493 37 -495 37 *
Ve
1.50000001650465e-07
-1.39880777437947 0.934648621189854 1.45
0 0

0101101
*
Ed
 1.5e-07 1 1 0
1  122 0 0.25 0.3
2  243 37 27 0.25 0.3
2  244 56 38 0.25 0.3
0

0101000
+491 0 -493 0 *
Ve
1.50000001093443e-07
-0.934647387937623 1.39880847073464 1.45
0 0

0101101
*
Ed
 1.5e-07 1 1 0
1  123 0 0.0135162430919564 0.669937777070915
2  245 37 27 0.0135162430919564 0.669937777070915
2  246 57 38 0.0135162430919564 0.669937777070915
0

0101000
+489 0 -491 0 *
Ve
1.50000001421779e-07
-0.934647387937623 1.39880847073464 1.5
0 0

0101101
*
Ed
 1.5e-07 1 1 0
1  124 0 -0.3 -0.25
2  247 37 27 -0.3 -0.25
2  248 58 38 -0.3 -0.25
0

0101000
+487 0 -489 0 *
Ve
1e-07
-0.683452521747859 1.65000304636582 1.5
0 0

0101101
*
Ed
 1e-07 1 1 0
1  125 0 0 0.355242981108172
2  249 37 36 0 0.355242981108172
2  250 59 0 0 0.355242981108172
0

0101000
+485 37 -487 37 *
Ed
 1e-07 1 1 0
1  126 0 0 0.55
2  251 37 0 0 0.55
2  252 48 0 0 0.55
0

0101000
+505 33 -485 33 *
Wi

0101100
-504 27 -591 0 +500 0 -582 0 -496 27 -494 27 +492 35 +490 0 +488 0 +486 0 
+484 35 +483 27 *
Fa
0  1e-07 37 27

0101000
+482 0 *
Ve
1e-07
-1.65000304636582 -0.683452521747859 0.95
0 0

0101101
*
Ed
 1e-07 1 1 0
1  127 0 0 6.68613133485844e-06
2  253 38 0 0 6.68613133485844e-06
2  254 40 0 0 6.68613133485844e-06
0

0101000
+480 33 -569 33 *
Ed
 1e-07 1 1 0
1  128 0 0 1.36690695206486
2  255 38 0 0 1.36690695206486
2  256 54 0 0 1.36690695206486
0

0101000
+497 33 -480 33 *
Wi

0101100
-584 0 -577 0 -567 0 +479 27 +478 27 +496 27 *
Fa
0  1e-07 38 27

0101000
+477 0 *
Ed
 1.5e-07 1 1 0
1  129 0 -1.02517464593819 0.341720051884881
2  257 39 30 -1.02517464593819 0.341720051884881
2  258 40 27 -1.02517464593819 0.341720051884881
0

0101000
+562 0 -571 0 *
Wi

0101100
+475 0 +560 30 +570 30 *
Fa
0  1e-07 39 30

0101000
+474 0 *
Ve
1e-07
-0.683454430316777 -1.65000225581069 1.5
0 0

0101101
*
Ed
 1e-07 1 1 0
1  130 0 0 0.55
2  259 40 0 0 0.55
2  260 41 0 0 0.55
0

0101000
+557 33 -472 33 *
Ve
1.50000000628037e-07
-0.934648621189854 -1.39880777437947 1.5
0 0

0101101
*
Ed
 1e-07 1 1 0
1  131 0 1.01166451508713 1.36690695206486
2  261 40 36 1.01166451508713 1.36690695206486
2  262 60 0 1.01166451508713 1.36690695206486
0

0101000
+470 37 -472 37 *
Ve
1.50000000628037e-07
-0.934648621189854 -1.39880777437947 1.45
0 0

0101101
*
Ed
 1.5e-07 1 1 0
1  132 0 0.25 0.3
2  263 40 27 0.25 0.3
2  264 61 38 0.25 0.3
0

0101000
+468 0 -470 0 *
Ve
1.50000000800593e-07
-1.39880847073464 -0.934647387937623 1.45
0 0

0101101
*
Ed
 1.5e-07 1 1 0
1  133 0 0.0135162430919565 0.669937777070916
2  265 40 27 0.0135162430919565 0.669937777070916
2  266 62 38 0.0135162430919565 0.669937777070916
0

0101000
+466 0 -468 0 *
Ve
1.50000001110223e-07
-1.39880847073464 -0.934647387937623 1.5
0 0

0101101
*
Ed
 1.5e-07 1 1 0
1  134 0 -0.3 -0.25
2  267 40 27 -0.3 -0.25
2  268 63 38 -0.3 -0.25
0

0101000
+464 0 -466 0 *
Ve
1e-07
-1.65000304636582 -0.683452521747859 1.5
0 0

0101101
*
Ed
 1e-07 1 1 0
1  135 0 0 0.355242981108172
2  269 40 36 0 0.355242981108172
2  270 64 0 0 0.355242981108172
0

0101000
+462 37 -464 37 *
Ed
 1e-07 1 1 0
1  136 0 0 0.55
2  271 40 0 0 0.55
2  272 54 0 0 0.55
0

0101000
+480 33 -462 33 *
Wi

0101100
-479 27 -568 0 +475 0 -561 0 -554 27 -471 27 +469 35 +467 0 +465 0 +463 0 
+461 35 +460 27 *
Fa
0  1e-07 40 27

0101000
+459 0 *
Ve
1.50000002286763e-07
0.328210084770185 -1.65000284091019 1.5
0 0

0101101
*
Ed
 1e-07 1 1 0
1  137 0 1.01166451508713 1.36690695206486
2  273 41 36 1.01166451508713 1.36690695206486
2  274 47 0 1.01166451508713 1.36690695206486
0

0101000
+457 37 -535 37 *
Ve
1.50000002342018e-07
0.328210084770185 -1.65000284091019 1.45
0 0

0101101
*
Ed
 1.5e-07 1 1 0
1  138 0 0.25 0.3
2  275 41 27 0.25 0.3
2  276 46 38 0.25 0.3
0

0101000
+455 0 -457 0 *
Ve
1.50000000808255e-07
-0.328211449208664 -1.65000246126664 1.45
0 0

0101101
*
Ed
 1.5e-07 1 1 0
1  139 0 0.013516243091956 0.669937777070915
2  277 41 27 0.013516243091956 0.669937777070915
2  278 65 38 0.013516243091956 0.669937777070915
0

0101000
+453 0 -455 0 *
Ve
1.50000000649741e-07
-0.328211449208664 -1.65000246126664 1.5
0 0

0101101
*
Ed
 1.5e-07 1 1 0
1  140 0 -0.3 -0.25
2  279 41 27 -0.3 -0.25
2  280 61 38 -0.3 -0.25
0

0101000
+451 0 -453 0 *
Ed
 1e-07 1 1 0
1  141 0 0 0.355242981108172
2  281 41 36 0 0.355242981108172
2  282 60 0 0 0.355242981108172
0

0101000
+472 37 -451 37 *
Wi

0101100
-555 27 -533 27 +456 35 +454 0 +452 0 +450 0 +449 35 +471 27 *
Fa
0  1e-07 41 27

0101000
+448 0 *
Ve
1.500000004996e-07
1.65000284091019 0.328210084770186 1.5
0 0

0101101
*
Ed
 1e-07 1 1 0
1  142 0 1.01166451508713 1.36690695206486
2  283 42 36 1.01166451508713 1.36690695206486
2  284 53 0 1.01166451508713 1.36690695206486
0

0101000
+446 37 -510 37 *
Ve
1.5000000094369e-07
1.65000284091019 0.328210084770186 1.45
0 0

0101101
*
Ed
 1.5e-07 1 1 0
1  143 0 0.25 0.3
2  285 42 27 0.25 0.3
2  286 52 38 0.25 0.3
0

0101000
+444 0 -446 0 *
Ve
1.50000001093443e-07
1.65000246126664 -0.328211449208664 1.45
0 0

0101101
*
Ed
 1.5e-07 1 1 0
1  144 0 0.0135162430919559 0.669937777070916
2  287 42 27 0.0135162430919559 0.669937777070916
2  288 66 38 0.0135162430919559 0.669937777070916
0

0101000
+442 0 -444 0 *
Ve
1.50000001195747e-07
1.65000246126664 -0.328211449208665 1.5
0 0

0101101
*
Ed
 1.5e-07 1 1 0
1  145 0 -0.3 -0.25
2  289 42 27 -0.3 -0.25
2  290 44 38 -0.3 -0.25
0

0101000
+440 0 -442 0 *
Ed
 1e-07 1 1 0
1  146 0 0 0.355242981108172
2  291 42 36 0 0.355242981108172
2  292 43 0 0 0.355242981108172
0

0101000
+545 37 -440 37 *
Wi

0101100
-528 27 -508 27 +445 35 +443 0 +441 0 +439 0 +438 35 +544 27 *
Fa
0  1e-07 42 27

0101000
+437 0 *
Ed
 1.5e-07 1 1 0
1  147 0 -0.492304346604431 0.164098589312895
2  293 43 35 -0.492304346604431 0.164098589312895
2  294 44 38 -0.492304346604431 0.164098589312895
0

0101000
+440 0 -543 0 *
Wi

0101100
+438 35 +542 35 +435 0 *
Fa
0  1e-07 43 35

0101000
+434 0 *
Ve
1e-07
1.39880602880394 -0.934652835378859 1.45
0 0

0101101
*
Ed
 1e-07 1 1 0
1  148 0 0 4.56140580120933e-06
2  295 44 0 0 4.56140580120933e-06
2  296 45 0 0 4.56140580120933e-06
0

0101000
+432 39 -541 39 *
Ve
1e-07
1.6500044150779 -0.328206732294495 1.45
0 0

0101101
*
Ed
 1e-07 1 1 0
1  149 0 0.656407497323127 0.656412602874786
2  297 44 0 0.656407497323127 0.656412602874786
2  298 66 0 0.656407497323127 0.656412602874786
0

0101000
+442 39 -430 39 *
Ve
1e-07
1.6500044150779 -0.328206732294495 2
0 0

0101101
*
Ed
 1e-07 1 1 0
1  150 0 0 0.55
2  299 44 0 0 0.55
2  300 67 0 0 0.55
0

0101000
+430 39 -428 39 *
Ve
1.00000000610623e-07
1.58656373342367 -0.481365973231117 2
0 0

0101101
*
Ed
 1e-07 1 1 0
1  151 0 0.490634217151448 0.656412602874786
2  301 44 42 0.490634217151448 0.656412602874786
2  302 68 0 0.490634217151448 0.656412602874786
0

0101000
+426 43 -428 43 *
Ve
1.50000000543896e-07
1.58656373342367 -0.481365973231121 1.95
0 0

0101101
*
Ed
 1e-07 1 1 0
1  152 0 0 0.05
2  303 44 38 0 0.05
2  304 69 44 0 0.05
0

0101000
+424 0 -426 0 *
Ve
1.50000000333067e-07
1.46224671045818 -0.781493594442235 1.95
0 0

0101101
*
Ed
 1.5e-07 1 1 0
1  153 0 0.00167523500464365 0.326531066432749
2  305 44 38 0.00167523500464365 0.326531066432749
2  306 70 44 0.00167523500464365 0.326531066432749
0

0101000
+422 0 -424 0 *
Ve
1.00000000333067e-07
1.46224671045817 -0.781493594442237 2
0 0

0101101
*
Ed
 1e-07 1 1 0
1  154 0 0 0.05
2  307 44 38 0 0.05
2  308 69 44 0 0.05
0

0101000
+422 0 -420 0 *
Ve
1e-07
1.39880602880394 -0.934652835378859 2
0 0

0101101
*
Ed
 1e-07 1 1 0
1  155 0 0 0.165778385723337
2  309 44 42 0 0.165778385723337
2  310 71 0 0 0.165778385723337
0

0101000
+418 43 -420 43 *
Ed
 1e-07 1 1 0
1  156 0 0 0.55
2  311 44 0 0 0.55
2  312 72 0 0 0.55
0

0101000
+432 39 -418 39 *
Wi

0101100
-431 38 -540 0 +435 0 -439 0 -429 38 -427 38 +425 41 +423 0 +421 0 -419 0 
+417 41 +416 38 *
Fa
0  1e-07 44 38

0101000
+415 0 *
Ve
1e-07
0.934652104852813 -1.39880651692584 1.45
0 0

0101101
*
Ed
 1e-07 1 1 0
1  157 0 0 0.656412602874785
2  313 45 0 0 0.656412602874785
2  314 72 0 0 0.656412602874785
0

0101000
+413 39 -432 39 *
Ed
 1e-07 1 1 0
1  158 0 0.656407497323128 0.656412602874787
2  315 45 0 0.656407497323128 0.656412602874787
2  316 46 0 0.656407497323128 0.656412602874787
0

0101000
+539 39 -413 39 *
Wi

0101100
+431 38 +412 38 +411 38 -538 0 *
Fa
0  1e-07 45 38

0101000
+410 0 *
Ve
1e-07
0.328205870580269 -1.65000458648352 1.45
0 0

0101101
*
Ed
 1e-07 1 1 0
1  159 0 0 4.56140580221321e-06
2  317 46 0 0 4.56140580221321e-06
2  318 65 0 0 4.56140580221321e-06
0

0101000
+408 39 -455 39 *
Ed
 1.5e-07 1 1 0
1  160 0 -0.492304346604432 0.164098589312895
2  319 46 38 -0.492304346604432 0.164098589312895
2  320 47 35 -0.492304346604432 0.164098589312895
0

0101000
+537 0 -457 0 *
Ve
1e-07
0.934652104852813 -1.39880651692584 2
0 0

0101101
*
Ed
 1e-07 1 1 0
1  161 0 0 0.55
2  321 46 0 0 0.55
2  322 72 0 0 0.55
0

0101000
+413 39 -405 39 *
Ve
1.00000001180183e-07
0.781492830784341 -1.46224711859271 2
0 0

0101101
*
Ed
 1e-07 1 1 0
1  162 0 0.49063421715145 0.656412602874787
2  323 46 42 0.49063421715145 0.656412602874787
2  324 73 0 0.49063421715145 0.656412602874787
0

0101000
+403 43 -405 43 *
Ve
1.50000000314018e-07
0.78149283078434 -1.46224711859271 1.95
0 0

0101101
*
Ed
 1e-07 1 1 0
1  163 0 0 0.05
2  325 46 38 0 0.05
2  326 69 44 0 0.05
0

0101000
+401 0 -403 0 *
Ve
1.50000000228878e-07
0.481365144648743 -1.58656398481665 1.95
0 0

0101101
*
Ed
 1.5e-07 1 1 0
1  164 0 0.00167523500464149 0.326531066432752
2  327 46 38 0.00167523500464149 0.326531066432752
2  328 74 44 0.00167523500464149 0.326531066432752
0

0101000
+399 0 -401 0 *
Ve
1.00000000832667e-07
0.481365144648742 -1.58656398481665 2
0 0

0101101
*
Ed
 1e-07 1 1 0
1  165 0 0 0.05
2  329 46 38 0 0.05
2  330 69 44 0 0.05
0

0101000
+399 0 -397 0 *
Ve
1e-07
0.328205870580269 -1.65000458648352 2
0 0

0101101
*
Ed
 1e-07 1 1 0
1  166 0 0 0.165778385723338
2  331 46 42 0 0.165778385723338
2  332 75 0 0 0.165778385723338
0

0101000
+395 43 -397 43 *
Ed
 1e-07 1 1 0
1  167 0 0 0.55
2  333 46 0 0 0.55
2  334 76 0 0 0.55
0

0101000
+408 39 -395 39 *
Wi

0101100
-407 38 -454 0 +406 0 -536 0 -411 38 -404 38 +402 41 +400 0 +398 0 -396 0 
+394 41 +393 38 *
Fa
0  1e-07 46 38

0101000
+392 0 *
Wi

0101100
+534 35 +456 35 +406 0 *
Fa
0  1e-07 47 35

0101000
+390 0 *
Ve
1.50000002053913e-07
-0.328210084770186 1.65000284091019 1.5
0 0

0101101
*
Ed
 1e-07 1 1 0
1  168 0 1.01166451508713 1.36690695206486
2  335 48 36 1.01166451508713 1.36690695206486
2  336 59 0 1.01166451508713 1.36690695206486
0

0101000
+388 37 -485 37 *
Ve
1.50000001776357e-07
-0.328210084770186 1.65000284091019 1.45
0 0

0101101
*
Ed
 1.5e-07 1 1 0
1  169 0 0.25 0.3
2  337 48 27 0.25 0.3
2  338 58 38 0.25 0.3
0

0101000
+386 0 -388 0 *
Ve
1.50000002101374e-07
0.328211449208665 1.65000246126664 1.45
0 0

0101101
*
Ed
 1.5e-07 1 1 0
1  170 0 0.0135162430919552 0.669937777070916
2  339 48 27 0.0135162430919552 0.669937777070916
2  340 77 38 0.0135162430919552 0.669937777070916
0

0101000
+384 0 -386 0 *
Ve
1.50000001831027e-07
0.328211449208665 1.65000246126664 1.5
0 0

0101101
*
Ed
 1.5e-07 1 1 0
1  171 0 -0.3 -0.25
2  341 48 27 -0.3 -0.25
2  342 50 38 -0.3 -0.25
0

0101000
+382 0 -384 0 *
Ed
 1e-07 1 1 0
1  172 0 0 0.355242981108172
2  343 48 36 0 0.355242981108172
2  344 49 0 0 0.355242981108172
0

0101000
+520 37 -382 37 *
Wi

0101100
-503 27 -483 27 +387 35 +385 0 +383 0 +381 0 +380 35 +519 27 *
Fa
0  1e-07 48 27

0101000
+379 0 *
Ed
 1.5e-07 1 1 0
1  173 0 -0.49230434660443 0.164098589312894
2  345 49 35 -0.49230434660443 0.164098589312894
2  346 50 38 -0.49230434660443 0.164098589312894
0

0101000
+382 0 -518 0 *
Wi

0101100
+377 0 +380 35 +517 35 *
Fa
0  1e-07 49 35

0101000
+376 0 *
Ve
1e-07
0.934652835378858 1.39880602880394 1.45
0 0

0101101
*
Ed
 1e-07 1 1 0
1  174 0 0 4.56140580230241e-06
2  347 50 0 0 4.56140580230241e-06
2  348 51 0 0 4.56140580230241e-06
0

0101000
+374 39 -516 39 *
Ve
1e-07
0.328206732294494 1.6500044150779 1.45
0 0

0101101
*
Ed
 1e-07 1 1 0
1  175 0 0.656407497323127 0.656412602874786
2  349 50 0 0.656407497323127 0.656412602874786
2  350 77 0 0.656407497323127 0.656412602874786
0

0101000
+384 39 -372 39 *
Ve
1e-07
0.328206732294494 1.6500044150779 2
0 0

0101101
*
Ed
 1e-07 1 1 0
1  176 0 0 0.55
2  351 50 0 0 0.55
2  352 78 0 0 0.55
0

0101000
+372 39 -370 39 *
Ve
1.00000002035829e-07
0.481365973231119 1.58656373342367 2
0 0

0101101
*
Ed
 1e-07 1 1 0
1  177 0 0.490634217151446 0.656412602874786
2  353 50 42 0.490634217151446 0.656412602874786
2  354 79 0 0.490634217151446 0.656412602874786
0

0101000
+368 43 -370 43 *
Ve
1.50000000523691e-07
0.48136597323112 1.58656373342367 1.95
0 0

0101101
*
Ed
 1e-07 1 1 0
1  178 0 0 0.05
2  355 50 38 0 0.05
2  356 69 44 0 0.05
0

0101000
+366 0 -368 0 *
Ve
1.50000000333067e-07
0.781493594442234 1.46224671045818 1.95
0 0

0101101
*
Ed
 1.5e-07 1 1 0
1  179 0 0.00167523500464376 0.326531066432749
2  357 50 38 0.00167523500464376 0.326531066432749
2  358 80 44 0.00167523500464376 0.326531066432749
0

0101000
+364 0 -366 0 *
Ve
1.0000000189715e-07
0.781493594442235 1.46224671045818 2
0 0

0101101
*
Ed
 1e-07 1 1 0
1  180 0 0 0.05
2  359 50 38 0 0.05
2  360 69 44 0 0.05
0

0101000
+364 0 -362 0 *
Ve
1e-07
0.934652835378858 1.39880602880394 2
0 0

0101101
*
Ed
 1e-07 1 1 0
1  181 0 0 0.165778385723339
2  361 50 42 0 0.165778385723339
2  362 81 0 0 0.165778385723339
0

0101000
+360 43 -362 43 *
Ed
 1e-07 1 1 0
1  182 0 0 0.55
2  363 50 0 0 0.55
2  364 82 0 0 0.55
0

0101000
+374 39 -360 39 *
Wi

0101100
-373 38 -515 0 +377 0 -381 0 -371 38 -369 38 +367 41 +365 0 +363 0 -361 0 
+359 41 +358 38 *
Fa
0  1e-07 50 38

0101000
+357 0 *
Ve
1e-07
1.39880651692584 0.934652104852813 1.45
0 0

0101101
*
Ed
 1e-07 1 1 0
1  183 0 0 0.656412602874786
2  365 51 0 0 0.656412602874786
2  366 82 0 0 0.656412602874786
0

0101000
+355 39 -374 39 *
Ed
 1e-07 1 1 0
1  184 0 0.656407497323128 0.656412602874786
2  367 51 0 0.656407497323128 0.656412602874786
2  368 52 0 0.656407497323128 0.656412602874786
0

0101000
+514 39 -355 39 *
Wi

0101100
-513 0 +373 38 +354 38 +353 38 *
Fa
0  1e-07 51 38

0101000
+352 0 *
Ve
1e-07
1.65000458648352 0.32820587058027 1.45
0 0

0101101
*
Ed
 1e-07 1 1 0
1  185 0 0 4.56140580231578e-06
2  369 52 0 0 4.56140580231578e-06
2  370 66 0 0 4.56140580231578e-06
0

0101000
+350 39 -444 39 *
Ed
 1.5e-07 1 1 0
1  186 0 -0.492304346604431 0.164098589312894
2  371 52 38 -0.492304346604431 0.164098589312894
2  372 53 35 -0.492304346604431 0.164098589312894
0

0101000
+512 0 -446 0 *
Ve
1e-07
1.39880651692584 0.934652104852813 2
0 0

0101101
*
Ed
 1e-07 1 1 0
1  187 0 0 0.55
2  373 52 0 0 0.55
2  374 82 0 0 0.55
0

0101000
+355 39 -347 39 *
Ve
1.0000000113221e-07
1.46224711859271 0.781492830784339 2
0 0

0101101
*
Ed
 1e-07 1 1 0
1  188 0 0.490634217151448 0.656412602874786
2  375 52 42 0.490634217151448 0.656412602874786
2  376 83 0 0.490634217151448 0.656412602874786
0

0101000
+345 43 -347 43 *
Ve
1.50000000314018e-07
1.46224711859271 0.781492830784336 1.95
0 0

0101101
*
Ed
 1e-07 1 1 0
1  189 0 0 0.05
2  377 52 38 0 0.05
2  378 69 44 0 0.05
0

0101000
+343 0 -345 0 *
Ve
1.50000000523691e-07
1.58656398481665 0.481365144648747 1.95
0 0

0101101
*
Ed
 1.5e-07 1 1 0
1  190 0 0.0016752350046452 0.326531066432748
2  379 52 38 0.0016752350046452 0.326531066432748
2  380 84 44 0.0016752350046452 0.326531066432748
0

0101000
+341 0 -343 0 *
Ve
1.00000001023575e-07
1.58656398481665 0.481365144648744 2
0 0

0101101
*
Ed
 1e-07 1 1 0
1  191 0 0 0.05
2  381 52 38 0 0.05
2  382 69 44 0 0.05
0

0101000
+341 0 -339 0 *
Ve
1e-07
1.65000458648352 0.32820587058027 2
0 0

0101101
*
Ed
 1e-07 1 1 0
1  192 0 0 0.165778385723339
2  383 52 42 0 0.165778385723339
2  384 85 0 0 0.165778385723339
0

0101000
+337 43 -339 43 *
Ed
 1e-07 1 1 0
1  193 0 0 0.55
2  385 52 0 0 0.55
2  386 67 0 0 0.55
0

0101000
+350 39 -337 39 *
Wi

0101100
-349 38 -443 0 +348 0 -511 0 -353 38 -346 38 +344 41 +342 0 +340 0 -338 0 
+336 41 +335 38 *
Fa
0  1e-07 52 38

0101000
+334 0 *
Wi

0101100
+445 35 +348 0 +509 35 *
Fa
0  1e-07 53 35

0101000
+332 0 *
Ve
1.50000000610623e-07
-1.65000284091019 -0.328210084770185 1.5
0 0

0101101
*
Ed
 1e-07 1 1 0
1  194 0 1.01166451508713 1.36690695206486
2  387 54 36 1.01166451508713 1.36690695206486
2  388 64 0 1.01166451508713 1.36690695206486
0

0101000
+330 37 -462 37 *
Ve
1.50000000610623e-07
-1.65000284091019 -0.328210084770185 1.45
0 0

0101101
*
Ed
 1.5e-07 1 1 0
1  195 0 0.25 0.3
2  389 54 27 0.25 0.3
2  390 63 38 0.25 0.3
0

0101000
+328 0 -330 0 *
Ve
1.50000001299483e-07
-1.65000246126664 0.328211449208664 1.45
0 0

0101101
*
Ed
 1.5e-07 1 1 0
1  196 0 0.0135162430919564 0.669937777070915
2  391 54 27 0.0135162430919564 0.669937777070915
2  392 86 38 0.0135162430919564 0.669937777070915
0

0101000
+326 0 -328 0 *
Ve
1.50000001510067e-07
-1.65000246126664 0.328211449208664 1.5
0 0

0101101
*
Ed
 1.5e-07 1 1 0
1  197 0 -0.3 -0.25
2  393 54 27 -0.3 -0.25
2  394 56 38 -0.3 -0.25
0

0101000
+324 0 -326 0 *
Ed
 1e-07 1 1 0
1  198 0 0 0.355242981108172
2  395 54 36 0 0.355242981108172
2  396 55 0 0 0.355242981108172
0

0101000
+495 37 -324 37 *
Wi

0101100
-478 27 -460 27 +329 35 +327 0 +325 0 +323 0 +322 35 +494 27 *
Fa
0  1e-07 54 27

0101000
+321 0 *
Ed
 1.5e-07 1 1 0
1  199 0 -0.492304346604431 0.164098589312894
2  397 55 35 -0.492304346604431 0.164098589312894
2  398 56 38 -0.492304346604431 0.164098589312894
0

0101000
+324 0 -493 0 *
Wi

0101100
+319 0 +322 35 +492 35 *
Fa
0  1e-07 55 35

0101000
+318 0 *
Ve
1e-07
-1.39880602880394 0.934652835378858 1.45
0 0

0101101
*
Ed
 1e-07 1 1 0
1  200 0 0 4.56140580230241e-06
2  399 56 0 0 4.56140580230241e-06
2  400 57 0 0 4.56140580230241e-06
0

0101000
+316 39 -491 39 *
Ve
1e-07
-1.6500044150779 0.328206732294494 1.45
0 0

0101101
*
Ed
 1e-07 1 1 0
1  201 0 0.656407497323128 0.656412602874786
2  401 56 0 0.656407497323128 0.656412602874786
2  402 86 0 0.656407497323128 0.656412602874786
0

0101000
+326 39 -314 39 *
Ve
1e-07
-1.6500044150779 0.328206732294494 2
0 0

0101101
*
Ed
 1e-07 1 1 0
1  202 0 0 0.55
2  403 56 0 0 0.55
2  404 87 0 0 0.55
0

0101000
+314 39 -312 39 *
Ve
1.00000002286763e-07
-1.58656373342367 0.481365973231117 2
0 0

0101101
*
Ed
 1e-07 1 1 0
1  203 0 0.490634217151448 0.656412602874786
2  405 56 42 0.490634217151448 0.656412602874786
2  406 88 0 0.490634217151448 0.656412602874786
0

0101000
+310 43 -312 43 *
Ve
1.50000000355445e-07
-1.58656373342367 0.48136597323112 1.95
0 0

0101101
*
Ed
 1e-07 1 1 0
1  204 0 0 0.05
2  407 56 38 0 0.05
2  408 69 44 0 0.05
0

0101000
+308 0 -310 0 *
Ve
1.50000000333067e-07
-1.46224671045818 0.781493594442234 1.95
0 0

0101101
*
Ed
 1.5e-07 1 1 0
1  205 0 0.00167523500464347 0.326531066432749
2  409 56 38 0.00167523500464347 0.326531066432749
2  410 89 44 0.00167523500464347 0.326531066432749
0

0101000
+306 0 -308 0 *
Ve
1.0000000204715e-07
-1.46224671045817 0.781493594442236 2
0 0

0101101
*
Ed
 1e-07 1 1 0
1  206 0 0 0.05
2  411 56 38 0 0.05
2  412 69 44 0 0.05
0

0101000
+306 0 -304 0 *
Ve
1e-07
-1.39880602880394 0.934652835378858 2
0 0

0101101
*
Ed
 1e-07 1 1 0
1  207 0 0 0.165778385723338
2  413 56 42 0 0.165778385723338
2  414 90 0 0 0.165778385723338
0

0101000
+302 43 -304 43 *
Ed
 1e-07 1 1 0
1  208 0 0 0.55
2  415 56 0 0 0.55
2  416 91 0 0 0.55
0

0101000
+316 39 -302 39 *
Wi

0101100
-315 38 -490 0 +319 0 -323 0 -313 38 -311 38 +309 41 +307 0 +305 0 -303 0 
+301 41 +300 38 *
Fa
0  1e-07 56 38

0101000
+299 0 *
Ve
1e-07
-0.934652104852813 1.39880651692584 1.45
0 0

0101101
*
Ed
 1e-07 1 1 0
1  209 0 0 0.656412602874786
2  417 57 0 0 0.656412602874786
2  418 91 0 0 0.656412602874786
0

0101000
+297 39 -316 39 *
Ed
 1e-07 1 1 0
1  210 0 0.656407497323128 0.656412602874786
2  419 57 0 0.656407497323128 0.656412602874786
2  420 58 0 0.656407497323128 0.656412602874786
0

0101000
+489 39 -297 39 *
Wi

0101100
-488 0 +315 38 +296 38 +295 38 *
Fa
0  1e-07 57 38

0101000
+294 0 *
Ve
1e-07
-0.32820587058027 1.65000458648352 1.45
0 0

0101101
*
Ed
 1e-07 1 1 0
1  211 0 0 4.56140580286233e-06
2  421 58 0 0 4.56140580286233e-06
2  422 77 0 0 4.56140580286233e-06
0

0101000
+292 39 -386 39 *
Ed
 1.5e-07 1 1 0
1  212 0 -0.492304346604431 0.164098589312894
2  423 58 38 -0.492304346604431 0.164098589312894
2  424 59 35 -0.492304346604431 0.164098589312894
0

0101000
+487 0 -388 0 *
Ve
1e-07
-0.934652104852813 1.39880651692584 2
0 0

0101101
*
Ed
 1e-07 1 1 0
1  213 0 0 0.55
2  425 58 0 0 0.55
2  426 91 0 0 0.55
0

0101000
+297 39 -289 39 *
Ve
1.00000000248253e-07
-0.78149283078434 1.46224711859271 2
0 0

0101101
*
Ed
 1e-07 1 1 0
1  214 0 0.490634217151449 0.656412602874786
2  427 58 42 0.490634217151449 0.656412602874786
2  428 92 0 0.490634217151449 0.656412602874786
0

0101000
+287 43 -289 43 *
Ve
1.50000000457757e-07
-0.781492830784338 1.46224711859271 1.95
0 0

0101101
*
Ed
 1e-07 1 1 0
1  215 0 0 0.05
2  429 58 38 0 0.05
2  430 69 44 0 0.05
0

0101000
+285 0 -287 0 *
Ve
1.50000000474287e-07
-0.481365144648745 1.58656398481665 1.95
0 0

0101101
*
Ed
 1.5e-07 1 1 0
1  216 0 0.00167523500464351 0.326531066432749
2  431 58 38 0.00167523500464351 0.326531066432749
2  432 93 44 0.00167523500464351 0.326531066432749
0

0101000
+283 0 -285 0 *
Ve
1.00000000277556e-07
-0.481365144648743 1.58656398481665 2
0 0

0101101
*
Ed
 1e-07 1 1 0
1  217 0 0 0.05
2  433 58 38 0 0.05
2  434 69 44 0 0.05
0

0101000
+283 0 -281 0 *
Ve
1e-07
-0.32820587058027 1.65000458648352 2
0 0

0101101
*
Ed
 1e-07 1 1 0
1  218 0 0 0.165778385723338
2  435 58 42 0 0.165778385723338
2  436 94 0 0 0.165778385723338
0

0101000
+279 43 -281 43 *
Ed
 1e-07 1 1 0
1  219 0 0 0.55
2  437 58 0 0 0.55
2  438 78 0 0 0.55
0

0101000
+292 39 -279 39 *
Wi

0101100
-291 38 -385 0 +290 0 -486 0 -295 38 -288 38 +286 41 +284 0 +282 0 -280 0 
+278 41 +277 38 *
Fa
0  1e-07 58 38

0101000
+276 0 *
Wi

0101100
+290 0 +484 35 +387 35 *
Fa
0  1e-07 59 35

0101000
+274 0 *
Ed
 1.5e-07 1 1 0
1  220 0 -0.492304346604431 0.164098589312894
2  439 60 35 -0.492304346604431 0.164098589312894
2  440 61 38 -0.492304346604431 0.164098589312894
0

0101000
+451 0 -470 0 *
Wi

0101100
+449 35 +469 35 +272 0 *
Fa
0  1e-07 60 35

0101000
+271 0 *
Ve
1e-07
-0.934652835378859 -1.39880602880394 1.45
0 0

0101101
*
Ed
 1e-07 1 1 0
1  221 0 0 4.56140580230241e-06
2  441 61 0 0 4.56140580230241e-06
2  442 62 0 0 4.56140580230241e-06
0

0101000
+269 39 -468 39 *
Ve
1e-07
-0.328206732294495 -1.6500044150779 1.45
0 0

0101101
*
Ed
 1e-07 1 1 0
1  222 0 0.656407497323127 0.656412602874786
2  443 61 0 0.656407497323127 0.656412602874786
2  444 65 0 0.656407497323127 0.656412602874786
0

0101000
+453 39 -267 39 *
Ve
1e-07
-0.328206732294495 -1.6500044150779 2
0 0

0101101
*
Ed
 1e-07 1 1 0
1  223 0 0 0.55
2  445 61 0 0 0.55
2  446 76 0 0 0.55
0

0101000
+267 39 -265 39 *
Ve
1.00000002443121e-07
-0.481365973231119 -1.58656373342367 2
0 0

0101101
*
Ed
 1e-07 1 1 0
1  224 0 0.490634217151446 0.656412602874786
2  447 61 42 0.490634217151446 0.656412602874786
2  448 95 0 0.490634217151446 0.656412602874786
0

0101000
+263 43 -265 43 *
Ve
1.50000000523691e-07
-0.481365973231119 -1.58656373342367 1.95
0 0

0101101
*
Ed
 1e-07 1 1 0
1  225 0 0 0.05
2  449 61 38 0 0.05
2  450 69 44 0 0.05
0

0101000
+261 0 -263 0 *
Ve
1.50000000333067e-07
-0.781493594442234 -1.46224671045818 1.95
0 0

0101101
*
Ed
 1.5e-07 1 1 0
1  226 0 0.00167523500464326 0.32653106643275
2  451 61 38 0.00167523500464326 0.32653106643275
2  452 96 44 0.00167523500464326 0.32653106643275
0

0101000
+259 0 -261 0 *
Ve
1.00000002482534e-07
-0.781493594442234 -1.46224671045818 2
0 0

0101101
*
Ed
 1e-07 1 1 0
1  227 0 0 0.05
2  453 61 38 0 0.05
2  454 69 44 0 0.05
0

0101000
+259 0 -257 0 *
Ve
1e-07
-0.934652835378859 -1.39880602880394 2
0 0

0101101
*
Ed
 1e-07 1 1 0
1  228 0 0 0.16577838572334
2  455 61 42 0 0.16577838572334
2  456 97 0 0 0.16577838572334
0

0101000
+255 43 -257 43 *
Ed
 1e-07 1 1 0
1  229 0 0 0.55
2  457 61 0 0 0.55
2  458 98 0 0 0.55
0

0101000
+269 39 -255 39 *
Wi

0101100
-268 38 -467 0 +272 0 -450 0 -266 38 -264 38 +262 41 +260 0 +258 0 -256 0 
+254 41 +253 38 *
Fa
0  1e-07 61 38

0101000
+252 0 *
Ve
1e-07
-1.39880651692584 -0.934652104852813 1.45
0 0

0101101
*
Ed
 1e-07 1 1 0
1  230 0 0 0.656412602874786
2  459 62 0 0 0.656412602874786
2  460 98 0 0 0.656412602874786
0

0101000
+250 39 -269 39 *
Ed
 1e-07 1 1 0
1  231 0 0.656407497323127 0.656412602874786
2  461 62 0 0.656407497323127 0.656412602874786
2  462 63 0 0.656407497323127 0.656412602874786
0

0101000
+466 39 -250 39 *
Wi

0101100
+268 38 +249 38 +248 38 -465 0 *
Fa
0  1e-07 62 38

0101000
+247 0 *
Ve
1e-07
-1.65000458648352 -0.328205870580269 1.45
0 0

0101101
*
Ed
 1e-07 1 1 0
1  232 0 0 4.56140580171795e-06
2  463 63 0 0 4.56140580171795e-06
2  464 86 0 0 4.56140580171795e-06
0

0101000
+245 39 -328 39 *
Ed
 1.5e-07 1 1 0
1  233 0 -0.492304346604431 0.164098589312895
2  465 63 38 -0.492304346604431 0.164098589312895
2  466 64 35 -0.492304346604431 0.164098589312895
0

0101000
+464 0 -330 0 *
Ve
1e-07
-1.39880651692584 -0.934652104852813 2
0 0

0101101
*
Ed
 1e-07 1 1 0
1  234 0 0 0.55
2  467 63 0 0 0.55
2  468 98 0 0 0.55
0

0101000
+250 39 -242 39 *
Ve
1.00000001241267e-07
-1.46224711859271 -0.781492830784338 2
0 0

0101101
*
Ed
 1e-07 1 1 0
1  235 0 0.490634217151447 0.656412602874786
2  469 63 42 0.490634217151447 0.656412602874786
2  470 99 0 0.490634217151447 0.656412602874786
0

0101000
+240 43 -242 43 *
Ve
1.50000000702167e-07
-1.46224711859271 -0.781492830784336 1.95
0 0

0101101
*
Ed
 1e-07 1 1 0
1  236 0 0 0.05
2  471 63 38 0 0.05
2  472 69 44 0 0.05
0

0101000
+238 0 -240 0 *
Ve
1.50000000496507e-07
-1.58656398481665 -0.481365144648746 1.95
0 0

0101101
*
Ed
 1.5e-07 1 1 0
1  237 0 0.00167523500464486 0.326531066432747
2  473 63 38 0.00167523500464486 0.326531066432747
2  474 100 44 0.00167523500464486 0.326531066432747
0

0101000
+236 0 -238 0 *
Ve
1.0000000120089e-07
-1.58656398481665 -0.481365144648744 2
0 0

0101101
*
Ed
 1e-07 1 1 0
1  238 0 0 0.05
2  475 63 38 0 0.05
2  476 69 44 0 0.05
0

0101000
+236 0 -234 0 *
Ve
1e-07
-1.65000458648352 -0.328205870580269 2
0 0

0101101
*
Ed
 1e-07 1 1 0
1  239 0 0 0.165778385723339
2  477 63 42 0 0.165778385723339
2  478 101 0 0 0.165778385723339
0

0101000
+232 43 -234 43 *
Ed
 1e-07 1 1 0
1  240 0 0 0.55
2  479 63 0 0 0.55
2  480 87 0 0 0.55
0

0101000
+245 39 -232 39 *
Wi

0101100
-244 38 -327 0 +243 0 -463 0 -248 38 -241 38 +239 41 +237 0 +235 0 -233 0 
+231 41 +230 38 *
Fa
0  1e-07 63 38

0101000
+229 0 *
Wi

0101100
+243 0 +461 35 +329 35 *
Fa
0  1e-07 64 35

0101000
+227 0 *
Ed
 1e-07 1 1 0
1  241 0 0 0.656412602874787
2  481 65 0 0 0.656412602874787
2  482 76 0 0 0.656412602874787
0

0101000
+267 39 -408 39 *
Wi

0101100
+407 38 +225 38 +266 38 -452 0 *
Fa
0  1e-07 65 38

0101000
+224 0 *
Ed
 1e-07 1 1 0
1  242 0 0 0.656412602874787
2  483 66 0 0 0.656412602874787
2  484 67 0 0 0.656412602874787
0

0101000
+430 39 -350 39 *
Wi

0101100
+222 38 +429 38 -441 0 +349 38 *
Fa
0  1e-07 66 38

0101000
+221 0 *
Ve
1.00000001221561e-07
1.65000454319467 0.162427484856936 2
0 0

0101101
*
Ed
 1e-07 1 1 0
1  243 0 0.490634217151448 0.656412602874787
2  485 67 42 0.490634217151448 0.656412602874787
2  486 85 0 0.490634217151448 0.656412602874787
0

0101000
+219 43 -337 43 *
Ve
1.71330450711288e-07
1.65000454319467 0.162427484856933 1.95
0 0

0101101
*
Ed
 1e-07 1 1 0
1  244 0 0 0.05
2  487 69 44 0 0.05
2  488 67 38 0 0.05
0

0101000
+217 0 -219 0 *
Ve
1.50000000496507e-07
1.65000445836675 -0.16242834657116 1.95
0 0

0101101
*
Ed
 1.5e-07 1 1 0
1  245 0 0.00167523500464453 0.326531087763199
2  489 67 38 0.00167523500464453 0.326531087763199
2  490 102 44 0.00167523500464453 0.326531087763199
0

0101000
+215 0 -217 0 *
Ve
1.00000001170022e-07
1.65000445836675 -0.162428346571162 2
0 0

0101101
*
Ed
 1e-07 1 1 0
1  246 0 0 0.05
2  491 69 44 0 0.05
2  492 67 38 0 0.05
0

0101000
+215 0 -213 0 *
Ed
 1e-07 1 1 0
1  247 0 0 0.165778385723339
2  493 67 42 0 0.165778385723339
2  494 68 0 0 0.165778385723339
0

0101000
+428 43 -213 43 *
Wi

0101100
-222 38 -335 38 +218 41 +216 0 +214 0 -212 0 +211 41 +427 38 *
Fa
0  1e-07 67 38

0101000
+210 0 *
Ed
 1e-07 1 1 0
1  248 0 5.89043600547149 6.08688559794228
2  495 69 44 5.89043600547149 6.08688559794228
2  496 68 41 5.89043600547149 6.08688559794228
0

0101000
+426 0 -213 0 *
Wi

0101100
+211 41 +425 41 -208 0 *
Fa
0  1e-07 68 41

0101000
+207 0 *
Ve
1.00000000416334e-07
1.64999638400417 0.162510347895692 2
0 0

0101101
*
Ve
1e-07
1.64999638400417 0.162510347895692 2.5
0 0

0101101
*
Ed
 1e-07 1 1 0
1  249 0 0.05 0.55
3  497 498CN 69 0 0.05 0.55
0

0101000
+205 45 -204 45 *
Ed
 1e-07 1 1 0
1  250 0 6.28313508717022 6.28318530717959
2  499 69 44 6.28313508717022 6.28318530717959
2  500 85 41 6.28313508717022 6.28318530717959
0

0101000
+219 0 -205 0 *
Ed
 1e-07 1 1 0
1  251 0 6.08688559794228 6.28313508717022
2  501 69 0 6.08688559794228 6.28313508717022
2  502 102 0 6.08688559794228 6.28313508717022
0

0101000
+215 45 -217 45 *
Ed
 1e-07 1 1 0
1  252 0 5.69418651624356 5.89043600547149
2  503 69 0 5.69418651624356 5.89043600547149
2  504 70 0 5.69418651624356 5.89043600547149
0

0101000
+422 45 -424 45 *
Ve
1.00000001294731e-07
1.28158297747498 -1.05187582548815 2
0 0

0101101
*
Ed
 1e-07 1 1 0
1  253 0 5.49773692377277 5.69418651624355
2  505 69 44 5.49773692377277 5.69418651624355
2  506 71 41 5.49773692377277 5.69418651624355
0

0101000
+199 0 -420 0 *
Ve
1.50000000666134e-07
1.28158297747498 -1.05187582548815 1.95
0 0

0101101
*
Ed
 1e-07 1 1 0
1  254 0 0 0.05
2  507 69 44 0 0.05
2  508 72 38 0 0.05
0

0101000
+197 0 -199 0 *
Ve
1.50000000384593e-07
1.05187515618178 -1.28158352681655 1.95
0 0

0101101
*
Ed
 1e-07 1 1 0
1  255 0 5.30148743454483 5.49773692377277
2  509 69 0 5.30148743454483 5.49773692377277
2  510 103 0 5.30148743454483 5.49773692377277
0

0101000
+195 45 -197 45 *
Ve
1.00000001421779e-07
1.05187515618178 -1.28158352681655 2
0 0

0101101
*
Ed
 1e-07 1 1 0
1  256 0 0 0.05
2  511 69 44 0 0.05
2  512 72 38 0 0.05
0

0101000
+195 0 -193 0 *
Ed
 1e-07 1 1 0
1  257 0 5.10503784207405 5.30148743454483
2  513 69 44 5.10503784207405 5.30148743454483
2  514 73 41 5.10503784207405 5.30148743454483
0

0101000
+403 0 -193 0 *
Ed
 1e-07 1 1 0
1  258 0 4.90878835284611 5.10503784207405
2  515 69 0 4.90878835284611 5.10503784207405
2  516 74 0 4.90878835284611 5.10503784207405
0

0101000
+399 45 -401 45 *
Ve
1.00000002010699e-07
0.162427484856937 -1.65000454319467 2
0 0

0101101
*
Ed
 1e-07 1 1 0
1  259 0 4.71233876037532 4.90878835284611
2  517 69 44 4.71233876037532 4.90878835284611
2  518 75 41 4.71233876037532 4.90878835284611
0

0101000
+189 0 -397 0 *
Ve
1.71330448796154e-07
0.162427484856937 -1.65000454319467 1.95
0 0

0101101
*
Ed
 1e-07 1 1 0
1  260 0 0 0.05
2  519 69 44 0 0.05
2  520 76 38 0 0.05
0

0101000
+187 0 -189 0 *
Ve
1.50000000444089e-07
-0.162428346571164 -1.65000445836675 1.95
0 0

0101101
*
Ed
 1e-07 1 1 0
1  261 0 4.51608927114738 4.71233876037532
2  521 69 0 4.51608927114738 4.71233876037532
2  522 104 0 4.51608927114738 4.71233876037532
0

0101000
+185 45 -187 45 *
Ve
1.00000001955537e-07
-0.162428346571164 -1.65000445836675 2
0 0

0101101
*
Ed
 1e-07 1 1 0
1  262 0 0 0.05
2  523 69 44 0 0.05
2  524 76 38 0 0.05
0

0101000
+185 0 -183 0 *
Ed
 1e-07 1 1 0
1  263 0 4.3196396786766 4.51608927114738
2  525 69 44 4.3196396786766 4.51608927114738
2  526 95 41 4.3196396786766 4.51608927114738
0

0101000
+263 0 -183 0 *
Ed
 1e-07 1 1 0
1  264 0 4.12339018944866 4.3196396786766
2  527 69 0 4.12339018944866 4.3196396786766
2  528 96 0 4.12339018944866 4.3196396786766
0

0101000
+259 45 -261 45 *
Ve
1.00000002512148e-07
-1.05187582548815 -1.28158297747498 2
0 0

0101101
*
Ed
 1e-07 1 1 0
1  265 0 3.92694059697787 4.12339018944866
2  529 69 44 3.92694059697787 4.12339018944866
2  530 97 41 3.92694059697787 4.12339018944866
0

0101000
+179 0 -257 0 *
Ve
1.50000000628037e-07
-1.05187582548815 -1.28158297747497 1.95
0 0

0101101
*
Ed
 1e-07 1 1 0
1  266 0 0 0.05
2  531 69 44 0 0.05
2  532 98 38 0 0.05
0

0101000
+177 0 -179 0 *
Ve
1.50000000314018e-07
-1.28158352681655 -1.05187515618178 1.95
0 0

0101101
*
Ed
 1e-07 1 1 0
1  267 0 3.73069110774994 3.92694059697787
2  533 69 0 3.73069110774994 3.92694059697787
2  534 105 0 3.73069110774994 3.92694059697787
0

0101000
+175 45 -177 45 *
Ve
1.00000002198129e-07
-1.28158352681655 -1.05187515618178 2
0 0

0101101
*
Ed
 1e-07 1 1 0
1  268 0 0 0.05
2  535 69 44 0 0.05
2  536 98 38 0 0.05
0

0101000
+175 0 -173 0 *
Ed
 1e-07 1 1 0
1  269 0 3.53424151527915 3.73069110774994
2  537 69 44 3.53424151527915 3.73069110774994
2  538 99 41 3.53424151527915 3.73069110774994
0

0101000
+240 0 -173 0 *
Ed
 1e-07 1 1 0
1  270 0 3.33799202605121 3.53424151527915
2  539 69 0 3.33799202605121 3.53424151527915
2  540 100 0 3.33799202605121 3.53424151527915
0

0101000
+236 45 -238 45 *
Ve
1.00000002148683e-07
-1.65000454319467 -0.162427484856935 2
0 0

0101101
*
Ed
 1e-07 1 1 0
1  271 0 3.14154243358042 3.33799202605121
2  541 69 44 3.14154243358042 3.33799202605121
2  542 101 41 3.14154243358042 3.33799202605121
0

0101000
+169 0 -234 0 *
Ve
1.71330449323509e-07
-1.65000454319467 -0.162427484856934 1.95
0 0

0101101
*
Ed
 1e-07 1 1 0
1  272 0 0 0.05
2  543 87 38 0 0.05
2  544 69 44 0 0.05
0

0101000
+167 0 -169 0 *
Ve
1.50000000444089e-07
-1.65000445836675 0.16242834657116 1.95
0 0

0101101
*
Ed
 1e-07 1 1 0
1  273 0 2.94529294435249 3.14154243358042
2  545 69 0 2.94529294435249 3.14154243358042
2  546 106 0 2.94529294435249 3.14154243358042
0

0101000
+165 45 -167 45 *
Ve
1.00000002081668e-07
-1.65000445836675 0.16242834657116 2
0 0

0101101
*
Ed
 1e-07 1 1 0
1  274 0 0 0.05
2  547 87 38 0 0.05
2  548 69 44 0 0.05
0

0101000
+165 0 -163 0 *
Ed
 1e-07 1 1 0
1  275 0 2.7488433518817 2.94529294435249
2  549 88 41 2.7488433518817 2.94529294435249
2  550 69 44 2.7488433518817 2.94529294435249
0

0101000
+310 0 -163 0 *
Ed
 1e-07 1 1 0
1  276 0 2.55259386265376 2.7488433518817
2  551 69 0 2.55259386265376 2.7488433518817
2  552 89 0 2.55259386265376 2.7488433518817
0

0101000
+306 45 -308 45 *
Ve
1.00000002360367e-07
-1.28158297747498 1.05187582548815 2
0 0

0101101
*
Ed
 1e-07 1 1 0
1  277 0 2.35614427018298 2.55259386265376
2  553 69 44 2.35614427018298 2.55259386265376
2  554 90 41 2.35614427018298 2.55259386265376
0

0101000
+159 0 -304 0 *
Ve
1.50000000628037e-07
-1.28158297747498 1.05187582548815 1.95
0 0

0101101
*
Ed
 1e-07 1 1 0
1  278 0 0 0.05
2  555 69 44 0 0.05
2  556 91 38 0 0.05
0

0101000
+157 0 -159 0 *
Ve
1.50000000628037e-07
-1.05187515618178 1.28158352681655 1.95
0 0

0101101
*
Ed
 1e-07 1 1 0
1  279 0 2.15989478095504 2.35614427018298
2  557 69 0 2.15989478095504 2.35614427018298
2  558 107 0 2.15989478095504 2.35614427018298
0

0101000
+155 45 -157 45 *
Ve
1.00000002198129e-07
-1.05187515618178 1.28158352681655 2
0 0

0101101
*
Ed
 1e-07 1 1 0
1  280 0 0 0.05
2  559 69 44 0 0.05
2  560 91 38 0 0.05
0

0101000
+155 0 -153 0 *
Ed
 1e-07 1 1 0
1  281 0 1.96344518848425 2.15989478095504
2  561 69 44 1.96344518848425 2.15989478095504
2  562 92 41 1.96344518848425 2.15989478095504
0

0101000
+287 0 -153 0 *
Ed
 1e-07 1 1 0
1  282 0 1.76719569925632 1.96344518848425
2  563 69 0 1.76719569925632 1.96344518848425
2  564 93 0 1.76719569925632 1.96344518848425
0

0101000
+283 45 -285 45 *
Ve
1.00000002286763e-07
-0.162427484856935 1.65000454319467 2
0 0

0101101
*
Ed
 1e-07 1 1 0
1  283 0 1.57074610678553 1.76719569925631
2  565 69 44 1.57074610678553 1.76719569925631
2  566 94 41 1.57074610678553 1.76719569925631
0

0101000
+149 0 -281 0 *
Ve
1.71330449989643e-07
-0.162427484856933 1.65000454319467 1.95
0 0

0101101
*
Ed
 1e-07 1 1 0
1  284 0 0 0.05
2  567 69 44 0 0.05
2  568 78 38 0 0.05
0

0101000
+147 0 -149 0 *
Ve
1.50000000444089e-07
0.162428346571158 1.65000445836675 1.95
0 0

0101101
*
Ed
 1e-07 1 1 0
1  285 0 1.37449661755759 1.57074610678553
2  569 69 0 1.37449661755759 1.57074610678553
2  570 108 0 1.37449661755759 1.57074610678553
0

0101000
+145 45 -147 45 *
Ve
1.0000000219269e-07
0.16242834657116 1.65000445836675 2
0 0

0101101
*
Ed
 1e-07 1 1 0
1  286 0 0 0.05
2  571 69 44 0 0.05
2  572 78 38 0 0.05
0

0101000
+145 0 -143 0 *
Ed
 1e-07 1 1 0
1  287 0 1.1780470250868 1.37449661755759
2  573 69 44 1.1780470250868 1.37449661755759
2  574 79 41 1.1780470250868 1.37449661755759
0

0101000
+368 0 -143 0 *
Ed
 1e-07 1 1 0
1  288 0 0.981797535858867 1.1780470250868
2  575 69 0 0.981797535858867 1.1780470250868
2  576 80 0 0.981797535858867 1.1780470250868
0

0101000
+364 45 -366 45 *
Ve
1.00000000702167e-07
1.05187582548815 1.28158297747498 2
0 0

0101101
*
Ed
 1e-07 1 1 0
1  289 0 0.785347943388081 0.981797535858866
2  577 69 44 0.785347943388081 0.981797535858866
2  578 81 41 0.785347943388081 0.981797535858866
0

0101000
+139 0 -362 0 *
Ve
1.50000000384593e-07
1.05187582548815 1.28158297747498 1.95
0 0

0101101
*
Ed
 1e-07 1 1 0
1  290 0 0 0.05
2  579 69 44 0 0.05
2  580 82 38 0 0.05
0

0101000
+137 0 -139 0 *
Ve
1.50000000384593e-07
1.28158352681655 1.05187515618178 1.95
0 0

0101101
*
Ed
 1e-07 1 1 0
1  291 0 0.589098454160141 0.785347943388081
2  581 69 0 0.589098454160141 0.785347943388081
2  582 109 0 0.589098454160141 0.785347943388081
0

0101000
+135 45 -137 45 *
Ve
1.00000000496507e-07
1.28158352681655 1.05187515618178 2
0 0

0101101
*
Ed
 1e-07 1 1 0
1  292 0 0 0.05
2  583 69 44 0 0.05
2  584 82 38 0 0.05
0

0101000
+135 0 -133 0 *
Ed
 1e-07 1 1 0
1  293 0 0.392648861689357 0.589098454160142
2  585 69 44 0.392648861689357 0.589098454160142
2  586 83 41 0.392648861689357 0.589098454160142
0

0101000
+345 0 -133 0 *
Ed
 1e-07 1 1 0
1  294 0 0.19639937246142 0.392648861689355
2  587 69 0 0.19639937246142 0.392648861689355
2  588 84 0 0.19639937246142 0.392648861689355
0

0101000
+341 45 -343 45 *
Ed
 1e-07 1 1 0
1  295 0 0 0.196399372461418
2  589 69 44 0 0.196399372461418
2  590 85 41 0 0.196399372461418
0

0101000
+205 0 -339 0 *
Ed
 1e-07 1 1 0
1  296 0 0 6.28318530717959
2  591 69 0 0 6.28318530717959
2  592 110 0 0 6.28318530717959
0

0101000
+204 45 -204 45 *
Wi

0101100
+203 44 +202 0 +216 0 +201 44 -212 0 +208 0 +423 0 +200 44 -419 0 +198 0 
+196 0 +194 44 -192 0 +191 0 +400 0 +190 44 -396 0 +188 0 +186 0 +184 44 
-182 0 +181 0 +260 0 +180 44 -256 0 +178 0 +176 0 +174 44 -172 0 +171 0 
+237 0 +170 44 -233 0 +168 0 +166 0 +164 44 -162 0 +161 0 +307 0 +160 44 
-303 0 +158 0 +156 0 +154 44 -152 0 +151 0 +284 0 +150 44 -280 0 +148 0 
+146 0 +144 44 -142 0 +141 0 +365 0 +140 44 -361 0 +138 0 +136 0 +134 44 
-132 0 +131 0 +342 0 +130 44 -338 0 +129 0 -203 44 -128 44 *
Fa
0  1e-07 69 44

0101000
+127 0 *
Wi

0101100
+200 44 -421 0 *
Fa
0  1e-07 70 44

0101000
+125 0 *
Ed
 1e-07 1 1 0
1  297 0 0.490634217151446 0.656412602874785
2  593 71 0 0.490634217151446 0.656412602874785
2  594 72 42 0.490634217151446 0.656412602874785
0

0101000
+199 43 -418 43 *
Wi

0101100
+417 41 +123 41 -198 0 *
Fa
0  1e-07 71 41

0101000
+122 0 *
Ed
 1.5e-07 1 1 0
1  298 0 0.00167523500464365 0.326531066432748
2  595 72 38 0.00167523500464365 0.326531066432748
2  596 103 44 0.00167523500464365 0.326531066432748
0

0101000
+195 0 -197 0 *
Ed
 1e-07 1 1 0
1  299 0 0 0.165778385723338
2  597 72 42 0 0.165778385723338
2  598 73 0 0 0.165778385723338
0

0101000
+405 43 -193 43 *
Wi

0101100
-412 38 -416 38 +123 41 +196 0 +120 0 -192 0 +119 41 +404 38 *
Fa
0  1e-07 72 38

0101000
+118 0 *
Wi

0101100
+119 41 +402 41 -191 0 *
Fa
0  1e-07 73 41

0101000
+116 0 *
Wi

0101100
+190 44 -398 0 *
Fa
0  1e-07 74 44

0101000
+114 0 *
Ed
 1e-07 1 1 0
1  300 0 0.490634217151449 0.656412602874787
2  599 76 42 0.490634217151449 0.656412602874787
2  600 75 0 0.490634217151449 0.656412602874787
0

0101000
+189 43 -395 43 *
Wi

0101100
+394 41 +112 41 -188 0 *
Fa
0  1e-07 75 41

0101000
+111 0 *
Ed
 1.5e-07 1 1 0
1  301 0 0.00167523500464037 0.326531087763201
2  601 76 38 0.00167523500464037 0.326531087763201
2  602 104 44 0.00167523500464037 0.326531087763201
0

0101000
+185 0 -187 0 *
Ed
 1e-07 1 1 0
1  302 0 0 0.165778385723337
2  603 76 42 0 0.165778385723337
2  604 95 0 0 0.165778385723337
0

0101000
+265 43 -183 43 *
Wi

0101100
-225 38 -393 38 +112 41 +186 0 +109 0 -182 0 +108 41 +264 38 *
Fa
0  1e-07 76 38

0101000
+107 0 *
Ed
 1e-07 1 1 0
1  303 0 0 0.656412602874786
2  605 77 0 0 0.656412602874786
2  606 78 0 0 0.656412602874786
0

0101000
+372 39 -292 39 *
Wi

0101100
-383 0 +291 38 +105 38 +371 38 *
Fa
0  1e-07 77 38

0101000
+104 0 *
Ed
 1e-07 1 1 0
1  304 0 0.490634217151446 0.656412602874786
2  607 94 0 0.490634217151446 0.656412602874786
2  608 78 42 0.490634217151446 0.656412602874786
0

0101000
+149 43 -279 43 *
Ed
 1.5e-07 1 1 0
1  305 0 0.00167523500464526 0.326531087763198
2  609 78 38 0.00167523500464526 0.326531087763198
2  610 108 44 0.00167523500464526 0.326531087763198
0

0101000
+145 0 -147 0 *
Ed
 1e-07 1 1 0
1  306 0 0 0.16577838572334
2  611 78 42 0 0.16577838572334
2  612 79 0 0 0.16577838572334
0

0101000
+370 43 -143 43 *
Wi

0101100
-105 38 -277 38 +102 41 +146 0 +101 0 -142 0 +100 41 +369 38 *
Fa
0  1e-07 78 38

0101000
+99 0 *
Wi

0101100
-141 0 +100 41 +367 41 *
Fa
0  1e-07 79 41

0101000
+97 0 *
Wi

0101100
-363 0 +140 44 *
Fa
0  1e-07 80 44

0101000
+95 0 *
Ed
 1e-07 1 1 0
1  307 0 0.490634217151448 0.656412602874786
2  613 81 0 0.490634217151448 0.656412602874786
2  614 82 42 0.490634217151448 0.656412602874786
0

0101000
+139 43 -360 43 *
Wi

0101100
-138 0 +359 41 +93 41 *
Fa
0  1e-07 81 41

0101000
+92 0 *
Ed
 1.5e-07 1 1 0
1  308 0 0.00167523500464067 0.326531066432752
2  615 82 38 0.00167523500464067 0.326531066432752
2  616 109 44 0.00167523500464067 0.326531066432752
0

0101000
+135 0 -137 0 *
Ed
 1e-07 1 1 0
1  309 0 0 0.165778385723338
2  617 82 42 0 0.165778385723338
2  618 83 0 0 0.165778385723338
0

0101000
+347 43 -133 43 *
Wi

0101100
-354 38 -358 38 +93 41 +136 0 +90 0 -132 0 +89 41 +346 38 *
Fa
0  1e-07 82 38

0101000
+88 0 *
Wi

0101100
-131 0 +89 41 +344 41 *
Fa
0  1e-07 83 41

0101000
+86 0 *
Wi

0101100
-340 0 +130 44 *
Fa
0  1e-07 84 44

0101000
+84 0 *
Wi

0101100
+218 41 -202 0 -129 0 +336 41 *
Fa
0  1e-07 85 41

0101000
+82 0 *
Ed
 1e-07 1 1 0
1  310 0 0 0.656412602874786
2  619 86 0 0 0.656412602874786
2  620 87 0 0 0.656412602874786
0

0101000
+314 39 -245 39 *
Wi

0101100
-325 0 +244 38 +80 38 +313 38 *
Fa
0  1e-07 86 38

0101000
+79 0 *
Ed
 1e-07 1 1 0
1  311 0 0.490634217151447 0.656412602874786
2  621 87 42 0.490634217151447 0.656412602874786
2  622 101 0 0.490634217151447 0.656412602874786
0

0101000
+169 43 -232 43 *
Ed
 1.5e-07 1 1 0
1  312 0 0.0016752350046434 0.326531087763198
2  623 87 38 0.0016752350046434 0.326531087763198
2  624 106 44 0.0016752350046434 0.326531087763198
0

0101000
+165 0 -167 0 *
Ed
 1e-07 1 1 0
1  313 0 0 0.16577838572334
2  625 87 42 0 0.16577838572334
2  626 88 0 0 0.16577838572334
0

0101000
+312 43 -163 43 *
Wi

0101100
-80 38 -230 38 +77 41 +166 0 +76 0 -162 0 +75 41 +311 38 *
Fa
0  1e-07 87 38

0101000
+74 0 *
Wi

0101100
-161 0 +75 41 +309 41 *
Fa
0  1e-07 88 41

0101000
+72 0 *
Wi

0101100
-305 0 +160 44 *
Fa
0  1e-07 89 44

0101000
+70 0 *
Ed
 1e-07 1 1 0
1  314 0 0.490634217151449 0.656412602874786
2  627 90 0 0.490634217151449 0.656412602874786
2  628 91 42 0.490634217151449 0.656412602874786
0

0101000
+159 43 -302 43 *
Wi

0101100
-158 0 +301 41 +68 41 *
Fa
0  1e-07 90 41

0101000
+67 0 *
Ed
 1.5e-07 1 1 0
1  315 0 0.00167523500464098 0.326531066432751
2  629 91 38 0.00167523500464098 0.326531066432751
2  630 107 44 0.00167523500464098 0.326531066432751
0

0101000
+155 0 -157 0 *
Ed
 1e-07 1 1 0
1  316 0 0 0.165778385723337
2  631 91 42 0 0.165778385723337
2  632 92 0 0 0.165778385723337
0

0101000
+289 43 -153 43 *
Wi

0101100
-296 38 -300 38 +68 41 +156 0 +65 0 -152 0 +64 41 +288 38 *
Fa
0  1e-07 91 38

0101000
+63 0 *
Wi

0101100
-151 0 +64 41 +286 41 *
Fa
0  1e-07 92 41

0101000
+61 0 *
Wi

0101100
-282 0 +150 44 *
Fa
0  1e-07 93 44

0101000
+59 0 *
Wi

0101100
-148 0 +278 41 +102 41 *
Fa
0  1e-07 94 41

0101000
+57 0 *
Wi

0101100
+108 41 +262 41 -181 0 *
Fa
0  1e-07 95 41

0101000
+55 0 *
Wi

0101100
+180 44 -258 0 *
Fa
0  1e-07 96 44

0101000
+53 0 *
Ed
 1e-07 1 1 0
1  317 0 0.490634217151446 0.656412602874786
2  633 97 0 0.490634217151446 0.656412602874786
2  634 98 42 0.490634217151446 0.656412602874786
0

0101000
+179 43 -255 43 *
Wi

0101100
+254 41 +51 41 -178 0 *
Fa
0  1e-07 97 41

0101000
+50 0 *
Ed
 1.5e-07 1 1 0
1  318 0 0.00167523500464585 0.326531066432747
2  635 98 38 0.00167523500464585 0.326531066432747
2  636 105 44 0.00167523500464585 0.326531066432747
0

0101000
+175 0 -177 0 *
Ed
 1e-07 1 1 0
1  319 0 0 0.16577838572334
2  637 98 42 0 0.16577838572334
2  638 99 0 0 0.16577838572334
0

0101000
+242 43 -173 43 *
Wi

0101100
-249 38 -253 38 +51 41 +176 0 +48 0 -172 0 +47 41 +241 38 *
Fa
0  1e-07 98 38

0101000
+46 0 *
Wi

0101100
+47 41 +239 41 -171 0 *
Fa
0  1e-07 99 41

0101000
+44 0 *
Wi

0101100
+170 44 -235 0 *
Fa
0  1e-07 100 44

0101000
+42 0 *
Wi

0101100
-168 0 +231 41 +77 41 *
Fa
0  1e-07 101 41

0101000
+40 0 *
Wi

0101100
+201 44 -214 0 *
Fa
0  1e-07 102 44

0101000
+38 0 *
Wi

0101100
+194 44 -120 0 *
Fa
0  1e-07 103 44

0101000
+36 0 *
Wi

0101100
+184 44 -109 0 *
Fa
0  1e-07 104 44

0101000
+34 0 *
Wi

0101100
+174 44 -48 0 *
Fa
0  1e-07 105 44

0101000
+32 0 *
Wi

0101100
-76 0 +164 44 *
Fa
0  1e-07 106 44

0101000
+30 0 *
Wi

0101100
-65 0 +154 44 *
Fa
0  1e-07 107 44

0101000
+28 0 *
Wi

0101100
-101 0 +144 44 *
Fa
0  1e-07 108 44

0101000
+26 0 *
Wi

0101100
-90 0 +134 44 *
Fa
0  1e-07 109 44

0101000
+24 0 *
Wi

0101100
+128 44 *
Ve
1.00000000404133e-07
1.65 -4.04133443718627e-16 2.5
0 0

0101101
*
Ed
 1e-07 1 1 0
1  320 0 0 6.28318530717959
2  639 110 44 0 6.28318530717959
2  640 111 22 0 6.28318530717959
0

0101100
+21 0 -21 0 *
Wi

0101100
-20 0 *
Fa
0  1e-07 110 44

0101000
+22 0 +19 0 *
Ve
1.00000000404133e-07
7.70507041844928e-16 1.65 499.5
0 0

0101101
*
Ed
 1e-07 1 1 0
1  321 0 2 474
3  641 642CN 111 0 2 474
0

0101000
+21 25 -17 46 *
Ve
1.00000007324851e-07
-0.218215145190578 1.63550669531172 499.5
0 0

0101101
*
Ed
 1e-07 1 1 0
1  322 0 0 0.132640193616942
2  643 112 48 0 0.132640193616942
2  644 111 23 0 0.132640193616942
0

0101000
+17 0 -15 0 *
Ve
1.00000007324851e-07
-0.218215145190578 -1.63550669531171 499.5
0 0

0101101
*
Ed
 1e-07 1 1 0
1  323 0 0.132640193616942 3.00895245997285
2  645 113 50 0.132640193616942 3.00895245997285
2  646 111 23 0.132640193616942 3.00895245997285
0

0101000
+15 0 -13 0 *
Ed
 1e-07 1 1 0
1  324 0 3.00895245997285 6.28318530717959
2  647 112 48 3.00895245997285 6.28318530717959
2  648 111 23 3.00895245997285 6.28318530717959
0

0101000
+13 0 -17 0 *
Wi

0101100
-16 23 -14 0 -12 0 -11 0 +16 23 +20 8 *
Fa
0  1e-07 111 23

0101000
+10 0 *
Ed
 1.00000007324851e-07 1 1 0
1  325 0 2.88581020407894 3.39737510310065
2  649 113 51 2.88581020407894 3.39737510310065
2  650 112 0 2.88581020407894 3.39737510310065
0

0101000
+15 52 -13 52 *
Wi

0101100
+8 48 +14 0 +11 0 *
Fa
0  1e-07 112 48

0101000
+7 0 *
Wi

0101100
-8 48 +12 0 *
Fa
0  1e-07 113 50

0101000
+5 0 *
Sh

0101100
-762 0 -757 1 -752 0 +745 0 -740 0 -737 1 -732 0 -719 0 -706 0 -701 0 
-698 1 -695 0 +692 0 +687 0 +670 0 +655 0 +648 8 -639 8 -630 8 +625 8 
+620 8 -611 8 -602 8 +597 8 -588 8 -579 8 +574 8 -565 8 -558 8 -551 8 
+548 8 -531 8 -526 8 +523 8 -506 8 -501 8 +498 8 -481 8 -476 8 +473 8 
-458 8 -447 8 -436 8 +433 8 -414 8 -409 8 -391 8 +389 8 -378 8 +375 8 
-356 8 -351 8 -333 8 +331 8 -320 8 +317 8 -298 8 -293 8 -275 8 +273 8 
+270 8 -251 8 -246 8 -228 8 +226 8 -223 8 -220 8 -209 8 +206 8 +126 8 
-124 8 +121 8 -117 8 +115 8 -113 8 +110 8 -106 8 -103 8 -98 8 +96 8 
-94 8 +91 8 -87 8 +85 8 -83 8 +81 8 -78 8 -73 8 +71 8 -69 8 
+66 8 -62 8 +60 8 -58 8 +56 8 +54 8 -52 8 +49 8 -45 8 +43 8 
-41 8 +39 8 -37 8 -35 8 -33 8 -31 8 -29 8 -27 8 -25 8 -23 8 
+18 8 +9 0 +6 0 +4 0 *
So

0100000
+3 0 *
Co

1100000
+2 0 *

+1 0 